temperature,humidity,wind_speed,pressure,cloud_cover,rain_tomorrow
31.2,87.4,28.6,1004.7,57.7,Yes
21.2,55.7,14.3,1015.4,30.5,No
33.8,96.2,34.1,1007.7,71.0,Yes
28.9,72.1,9.6,1000.5,88.2,Yes
10.8,29.3,21.5,1010.0,64.6,No
37.3,90.8,7.4,1021.3,23.3,No
30.8,59.1,19.8,1015.2,54.4,No
,999.0,6.1,1026.1,75.6,No
11.8,32.2,6.5,1013.2,93.9,Yes
21.5,75.0,24.5,1029.1,15.7,No
19.1,23.8,10.6,1013.2,12.7,No
35.8,42.9,6.9,1012.2,41.3,No
27.3,31.2,37.2,1003.0,12.6,No
32.7,55.3,1.7,1019.8,98.0,Yes
21.3,53.1,22.6,1008.5,42.4,No
14.8,61.8,21.9,1007.5,53.4,Yes
24.6,42.4,10.0,1021.0,22.7,No
9.9,22.6,18.1,1020.1,44.9,No
32.8,69.2,3.5,1019.9,98.5,Yes
26.9,49.9,28.9,1009.5,48.9,No
30.7,72.1,8.9,1011.6,0.9,No
18.6,28.7,7.7,1011.6,24.3,No
37.1,21.1,12.6,1017.5,97.8,No
34.8,39.9,36.1,1022.9,98.9,Yes
31.4,56.5,31.9,1014.6,21.0,No
13.8,51.5,37.9,1025.8,61.5,No
22.0,84.8,26.1,1018.3,7.7,No
9.3,50.2,26.5,1010.4,57.7,Yes
12.6,62.4,19.2,1017.8,12.6,No
28.5,67.5,36.2,1023.9,81.9,Yes
30.3,21.7,20.4,1026.0,94.0,No
37.0,61.2,14.2,1020.3,17.3,No
17.8,47.6,25.6,1012.2,46.3,No
19.1,53.7,21.8,,10.2,No
,28.0,5.0,1016.0,33.9,No
13.7,82.6,15.7,1023.7,6.5,No
11.9,95.4,12.5,1015.0,26.5,Yes
22.3,21.8,33.9,1015.2,99.0,Yes
14.8,68.1,15.2,1012.4,4.5,No
28.1,81.1,32.9,1009.7,85.9,Yes
21.1,42.8,17.7,1010.9,7.7,No
33.0,83.0,30.1,1012.9,52.9,Yes
29.0,70.6,5.4,1024.0,45.2,No
17.4,94.3,37.0,1010.3,93.2,Yes
33.0,98.5,19.2,1012.4,19.9,Yes
32.1,23.4,10.4,,18.0,No
19.6,55.6,9.7,1017.0,74.9,No
16.6,63.8,10.6,1021.6,72.6,Yes
28.5,31.7,14.7,1023.4,69.9,No
12.2,46.9,28.7,1013.4,2.6,No
14.0,99.0,38.0,1016.0,26.0,Yes
8.2,21.3,26.8,1010.9,84.0,Yes
31.6,56.2,21.9,1015.7,60.1,No
27.9,87.4,17.9,1014.2,60.2,Yes
29.2,45.9,33.1,1012.4,29.6,No
31.4,58.4,34.0,1013.0,26.0,No
21.8,98.2,11.7,1015.2,94.7,Yes
25.1,58.0,38.1,1009.9,72.8,Yes
12.2,30.5,15.8,1010.3,12.7,No
11.4,24.1,32.0,1024.0,93.8,No
28.1,95.6,38.7,1031.0,58.2,Yes
22.1,41.3,28.1,,33.3,No
25.0,60.3,6.5,1003.2,39.7,No
30.9,,23.4,1005.3,72.5,No
27.0,53.9,4.8,1011.3,37.6,No
24.6,94.4,31.6,1018.3,57.9,Yes
,60.2,11.3,1016.1,71.0,Yes
17.1,97.7,27.8,1013.2,19.5,Yes
8.9,40.7,36.4,1015.7,94.4,Yes
21.1,60.4,7.2,1007.2,35.6,No
14.4,88.8,15.7,1010.3,41.9,Yes
20.3,55.9,25.9,1011.9,69.9,Yes
33.6,42.4,16.8,1000.9,60.9,Yes
15.0,88.4,,1003.9,44.0,Yes
9.7,51.2,1.2,1004.1,65.0,Yes
16.4,62.5,16.3,1017.3,90.3,Yes
16.8,98.1,26.0,1013.7,80.0,Yes
27.9,34.9,23.0,1016.3,82.4,No
24.7,44.1,6.2,999.1,25.8,No
31.5,22.5,18.0,1001.6,41.9,No
27.9,51.3,14.8,1016.6,55.4,No
20.2,36.0,11.0,992.5,4.4,No
32.4,74.4,29.2,1020.6,77.0,Yes
13.0,34.5,12.4,999.2,32.3,No
8.7,74.0,21.6,1017.9,28.3,Yes
10.7,41.1,36.9,1005.8,25.9,No
29.7,48.4,21.6,1019.3,28.3,No
21.9,47.9,24.7,1034.5,33.8,No
12.8,77.3,2.9,996.1,60.5,Yes
23.0,57.3,7.1,1016.9,58.4,No
12.6,48.9,4.0,999.3,25.6,No
28.9,88.2,30.6,1015.0,20.6,Yes
21.4,65.8,33.4,1010.6,82.6,Yes
19.4,37.1,7.5,1012.9,9.3,No
17.0,92.0,8.8,1005.6,51.3,Yes
26.9,47.4,12.9,1017.5,52.1,No
18.9,23.1,23.6,1001.9,57.4,Yes
10.6,59.6,24.9,1020.7,88.6,Yes
11.5,29.9,27.5,1009.1,62.4,Yes
36.9,39.1,36.2,1002.2,97.4,Yes
35.3,79.8,11.8,1023.2,87.1,Yes
29.0,30.5,26.4,1011.5,21.5,No
16.0,84.6,22.4,1025.4,24.1,Yes
37.1,95.0,12.2,1020.5,34.5,Yes
31.4,68.5,36.3,1006.4,39.2,Yes
29.5,76.8,3.8,1011.4,55.3,Yes
21.5,77.1,28.5,1012.8,23.3,Yes
16.2,99.4,29.1,1022.7,22.2,No
10.9,47.3,36.6,1015.1,38.1,No
35.1,33.0,20.7,1013.2,67.2,No
21.7,61.5,12.9,1010.6,68.8,Yes
14.1,62.7,33.1,1011.6,97.6,Yes
17.2,34.2,30.8,1021.1,20.2,No
25.4,69.0,20.0,1012.0,39.3,Yes
13.3,21.1,30.7,1009.2,96.5,Yes
33.7,94.2,10.7,1008.0,69.0,Yes
30.8,41.2,23.6,1008.1,59.2,No
29.6,23.2,34.6,1002.2,54.0,No
21.0,28.7,12.7,1006.7,7.6,No
26.8,39.2,19.3,1022.5,89.3,No
25.5,41.9,38.0,1010.6,62.6,No
27.5,22.6,31.9,1016.9,57.2,No
10.5,42.3,35.5,994.6,54.0,Yes
20.5,35.4,400.0,1016.0,39.2,No
9.2,50.3,39.9,1010.9,25.5,No
22.8,50.8,6.1,1008.6,75.5,Yes
17.9,47.1,20.8,1013.3,51.0,No
12.3,46.2,19.2,1008.5,3.4,No
11.1,27.2,31.9,997.1,39.9,Yes
25.6,22.0,36.3,1018.5,92.9,No
13.1,36.2,29.2,1013.7,37.4,No
35.8,80.5,25.1,1009.8,41.3,No
25.4,99.3,17.1,1005.2,62.4,Yes
18.4,94.3,20.4,1001.7,80.2,Yes
25.7,60.3,20.4,1013.6,66.8,Yes
8.7,62.5,0.8,1023.3,85.0,Yes
36.8,45.2,20.1,1013.4,11.4,No
22.5,81.9,34.2,1002.3,92.5,Yes
31.5,81.2,28.4,1013.6,90.4,Yes
,87.5,31.8,1011.6,51.9,Yes
22.6,91.6,15.6,1018.0,62.5,Yes
22.7,54.7,21.2,1016.2,21.3,No
36.1,81.4,1.3,991.1,44.8,Yes
25.2,84.5,15.3,1015.8,20.3,Yes
22.2,44.7,19.0,1005.0,2.2,No
16.0,94.3,10.2,1002.0,98.1,Yes
17.9,27.5,1.2,1010.7,25.9,No
23.6,99.5,27.6,1014.9,59.3,Yes
21.2,81.6,17.4,1000.5,30.0,Yes
8.6,27.5,16.6,1016.9,37.1,No
32.8,72.5,10.0,1017.3,39.8,No
34.9,22.7,21.5,1012.3,33.5,No
12.2,81.6,17.5,1005.9,63.7,Yes
24.6,,19.0,1005.1,96.1,Yes
11.3,68.2,23.2,1019.2,42.9,No
28.2,88.5,0.3,1001.4,97.3,Yes
16.4,27.8,36.3,1019.5,66.8,No
27.8,42.1,2.8,1010.8,60.7,No
29.8,53.1,18.0,1011.3,23.7,No
31.1,23.4,8.3,1000.0,6.3,No
11.2,55.9,21.0,1011.0,85.2,Yes
35.5,41.2,11.2,1016.3,57.4,No
14.9,51.4,34.4,1002.6,41.4,Yes
9.1,54.0,15.9,1015.5,81.2,Yes
24.6,90.4,25.6,1012.6,31.1,Yes
19.1,,10.0,1007.5,78.4,Yes
32.9,91.5,0.8,1018.0,32.8,Yes
32.2,54.1,16.2,996.6,92.1,Yes
17.5,46.2,21.5,1014.4,26.8,No
36.6,60.2,18.4,1023.3,13.8,No
16.7,,38.5,1022.1,69.8,Yes
23.5,40.6,28.3,1014.7,16.3,No
15.7,60.2,39.8,1009.9,94.9,Yes
36.1,32.1,11.8,1007.5,65.6,No
12.9,48.2,31.6,1009.9,23.1,No
9.3,65.3,22.2,1015.8,20.9,Yes
21.1,53.1,24.5,1006.3,92.4,Yes
37.8,85.9,39.4,1017.3,60.8,Yes
34.8,40.5,26.2,1026.9,89.4,No
30.5,97.6,36.0,1011.6,11.0,No
34.7,82.8,29.0,1002.6,92.5,Yes
34.8,97.4,5.1,1002.6,52.0,Yes
23.6,87.1,28.0,1017.4,66.8,Yes
17.5,31.4,19.4,1011.6,37.3,No
31.2,62.1,36.8,1018.1,5.9,No
27.8,33.6,32.3,1008.3,95.8,No
19.2,85.5,4.2,1017.8,99.5,Yes
10.8,66.7,5.4,1010.9,36.5,Yes
30.4,41.1,2.8,1006.9,94.4,Yes
15.9,94.4,19.7,1009.2,16.8,Yes
36.1,29.2,3.2,1003.6,15.5,No
15.2,65.1,28.9,1025.9,7.3,No
11.7,77.7,22.1,1011.3,39.1,Yes
32.9,24.7,33.4,1016.5,5.2,No
12.6,67.8,11.2,1008.2,39.5,Yes
13.4,85.3,20.8,1004.6,13.8,Yes
26.0,25.4,4.7,1010.4,73.1,No
34.2,61.0,35.4,1019.7,83.3,Yes
13.9,40.7,7.0,1008.4,68.8,Yes
17.3,73.0,4.1,1005.9,20.0,Yes
31.3,29.5,8.2,1013.1,76.7,No
37.2,95.0,32.2,1015.5,25.0,Yes
23.0,91.6,4.2,1023.5,75.9,Yes
12.3,34.9,24.6,1014.5,56.7,No
8.4,45.9,29.8,1016.5,36.7,No
,67.0,30.0,1017.0,8.3,No
12.0,77.4,7.6,1003.9,82.8,Yes
28.3,55.4,2.5,1005.3,94.0,Yes
11.7,32.5,,1004.4,66.6,Yes
23.2,28.3,8.1,1002.7,96.5,Yes
28.8,100.0,28.0,1017.6,93.4,Yes
25.4,56.4,14.3,1014.0,19.5,No
14.0,89.8,18.0,1012.6,73.1,Yes
32.1,58.6,4.5,993.9,34.9,No
29.5,93.8,22.7,1026.4,48.8,Yes
30.2,27.0,7.4,1005.7,15.7,No
11.9,29.1,27.2,1026.4,97.5,No
11.7,94.4,2.8,1001.9,72.6,Yes
35.8,95.8,39.0,1006.3,26.7,Yes
19.9,45.2,27.4,996.6,37.1,Yes
17.0,48.4,7.3,1014.5,42.2,Yes
22.7,56.2,0.6,1004.3,74.8,Yes
27.9,53.3,13.4,1004.5,92.6,Yes
36.7,35.2,6.1,1002.4,32.1,No
16.6,91.9,8.7,1017.4,47.3,Yes
35.7,40.3,34.9,1017.0,59.3,No
8.7,76.4,24.1,1024.7,39.3,Yes
24.7,25.4,7.1,1007.2,50.4,No
27.0,23.1,22.3,1013.5,10.6,No
11.2,72.3,10.2,1003.0,16.8,No
12.2,47.1,39.0,1009.7,40.1,No
20.6,72.4,1.3,1008.4,91.5,Yes
37.0,27.5,29.3,1015.3,34.9,No
25.9,96.0,30.9,1019.1,25.0,Yes
36.0,79.9,2.7,1018.9,74.3,Yes
32.1,90.1,6.9,1006.1,94.9,Yes
22.0,30.9,15.4,1019.0,45.9,No
31.5,45.6,34.7,1011.7,0.9,No
8.5,49.5,21.5,1009.7,68.8,Yes
11.3,63.0,26.2,,41.5,No
32.9,43.7,31.3,1008.1,67.4,Yes
31.9,24.9,33.1,1024.2,27.8,No
15.0,49.5,19.1,1014.2,0.2,No
23.9,40.4,20.4,1013.2,34.4,No
26.2,50.9,28.7,,70.5,No
34.0,35.8,10.5,1029.1,39.3,No
26.1,41.0,34.2,1021.1,21.9,No
20.4,70.2,0.8,1007.0,46.4,Yes
19.2,51.1,7.8,1010.1,75.2,Yes
20.8,47.6,32.0,1010.5,11.9,No
27.6,62.7,13.6,1013.0,69.2,No
34.0,81.7,6.0,1007.1,66.7,Yes
21.6,50.3,7.5,1015.1,37.1,No
15.4,67.0,21.2,1022.2,97.0,Yes
15.1,97.3,33.8,1002.8,89.5,Yes
30.4,61.8,2.8,1004.1,31.6,No
32.5,92.8,1.2,1008.6,3.1,No
11.2,83.5,18.6,1008.9,30.8,Yes
10.0,24.7,38.2,1026.0,20.5,No
25.8,54.3,11.2,1019.0,54.7,Yes
12.4,75.9,38.4,1018.6,91.9,Yes
32.7,98.9,35.5,1010.1,87.0,Yes
17.3,56.7,11.3,1010.0,30.6,No
12.3,27.4,32.7,1001.8,42.9,Yes
35.6,65.0,27.4,1017.5,3.7,No
13.0,30.1,20.5,1015.4,54.4,No
16.5,80.1,16.9,1021.0,6.3,No
12.6,60.6,32.6,1010.5,93.9,Yes
11.5,77.9,31.7,1011.0,86.7,Yes
8.6,89.5,30.3,1013.2,21.4,Yes
9.7,70.3,39.9,1018.2,69.9,Yes
13.2,69.0,19.1,1001.7,56.8,Yes
9.6,80.4,32.3,1017.2,80.1,Yes
25.7,87.4,34.5,1011.9,47.6,Yes
28.4,89.5,8.5,1004.6,19.2,Yes
19.8,22.9,1.7,997.4,64.0,Yes
17.5,64.5,16.2,1011.0,8.0,No
23.1,37.3,34.3,1022.1,58.5,No
34.3,88.8,11.6,1023.7,21.3,No
33.5,71.9,28.0,1014.5,68.5,Yes
9.3,53.6,0.3,1025.7,82.8,No
13.4,35.0,14.2,1011.7,11.0,No
15.1,47.1,24.6,1018.7,40.0,No
15.5,76.3,5.2,1008.8,73.4,Yes
25.1,36.3,35.9,1008.4,16.4,No
20.5,27.5,6.3,1007.3,56.7,No
9.5,91.0,36.4,997.6,67.2,Yes
19.2,81.1,8.7,1021.0,35.5,Yes
23.7,36.0,39.8,1007.5,83.2,No
11.1,43.4,24.2,1006.4,51.1,Yes
33.0,97.8,3.4,1003.7,62.7,Yes
9.6,76.7,2.6,1010.6,14.1,No
35.7,68.8,3.0,1024.3,2.3,No
11.0,,23.6,1026.7,5.1,No
33.3,43.9,32.4,1000.4,90.4,Yes
35.1,23.2,16.1,1009.5,88.3,Yes
37.4,78.3,17.8,1004.8,80.8,Yes
32.1,23.5,23.6,1018.9,20.0,No
31.4,20.4,21.3,1014.0,52.5,No
27.3,78.4,27.5,1007.5,79.6,Yes
31.4,95.9,18.9,1012.5,67.5,Yes
12.0,80.5,28.6,1008.7,11.6,No
24.1,57.7,39.9,1023.3,89.6,Yes
23.4,58.9,14.0,1015.8,16.1,No
33.7,54.9,0.5,1016.7,17.2,No
21.9,46.0,5.0,993.3,90.1,Yes
19.6,61.7,22.1,1011.5,48.5,Yes
27.2,54.5,13.8,1026.6,37.3,No
16.0,67.9,37.6,1021.3,55.4,Yes
12.2,91.8,25.1,999.1,98.1,Yes
22.3,99.6,20.8,1009.8,12.0,Yes
20.5,26.3,31.9,1003.6,75.7,No
15.0,50.8,10.3,1024.0,33.4,No
19.0,34.5,32.8,1013.7,11.7,No
19.0,48.2,0.1,1006.6,42.2,No
17.8,43.0,24.8,1012.2,54.9,No
19.4,34.0,37.4,993.7,20.6,No
28.6,81.1,31.5,1004.4,40.5,Yes
16.9,59.7,34.1,1012.3,63.6,Yes
36.5,93.5,15.9,1017.9,57.6,Yes
35.5,22.6,33.0,998.4,72.3,No
22.4,25.4,22.0,1009.3,83.6,No
17.9,52.3,24.7,1019.1,40.9,No
24.1,26.4,2.4,1001.8,42.3,No
33.5,41.0,8.1,1013.6,49.7,No
27.6,98.9,22.0,1012.5,56.6,Yes
32.1,36.7,2.4,1024.0,10.8,No
24.0,35.8,29.7,1010.4,31.3,No
27.0,65.9,33.6,1010.8,17.2,No
16.6,59.8,36.8,1018.0,38.6,Yes
30.0,66.4,4.1,1002.7,97.3,Yes
14.1,50.1,37.6,1010.5,58.3,Yes
28.8,86.1,2.7,1008.8,42.9,Yes
33.8,31.1,19.0,1011.0,56.6,No
12.0,54.3,33.6,1017.9,66.9,Yes
26.4,75.2,2.8,1015.9,43.5,Yes
10.9,89.5,0.7,1006.8,44.8,Yes
29.8,49.6,1.0,1013.0,70.1,No
10.5,65.4,20.5,1022.4,6.1,No
36.1,25.5,32.5,1006.2,54.0,No
12.1,33.6,5.1,1013.0,54.7,No
36.8,25.5,5.0,1010.6,75.7,No
32.0,78.2,22.7,1011.6,98.3,Yes
25.8,43.0,9.4,1000.6,79.6,Yes
31.5,77.9,29.2,1021.9,50.4,Yes
31.9,25.3,38.0,1006.6,16.9,No
36.4,89.0,30.6,1019.2,58.8,Yes
15.6,86.8,35.1,1007.7,83.4,Yes
25.7,27.1,20.8,1007.6,93.2,Yes
10.9,21.9,33.3,1020.5,82.5,No
26.5,24.5,7.3,1019.0,18.9,No
13.1,88.3,2.7,1013.5,71.3,Yes
24.9,,26.2,1017.3,88.0,No
25.2,63.9,2.1,1010.0,68.1,Yes
22.0,54.1,35.7,1011.9,68.6,Yes
23.7,83.6,27.7,1007.4,50.0,Yes
30.9,59.1,38.1,1018.3,63.7,No
32.0,60.1,12.6,1007.1,29.4,No
22.8,99.1,19.4,1022.4,8.9,No
26.0,32.0,29.7,1009.8,82.8,Yes
35.9,86.5,9.7,1012.1,94.3,Yes
11.6,24.1,21.7,1017.3,85.7,No
11.5,58.2,26.4,1012.2,33.4,No
10.6,90.9,39.2,1009.9,9.4,Yes
27.7,73.2,29.8,1011.8,28.0,No
20.6,74.8,4.7,1018.3,84.3,Yes
31.2,,19.0,1007.4,65.6,No
28.1,53.5,23.6,1011.1,96.7,Yes
18.0,49.3,5.9,1012.1,34.3,Yes
35.0,61.7,17.3,1018.1,55.1,No
30.9,57.0,11.4,1011.3,79.0,Yes
16.1,46.2,4.8,1024.7,23.4,No
18.9,44.4,20.5,1010.9,96.4,Yes
17.4,40.1,6.6,1010.3,59.2,Yes
12.7,49.2,23.6,1010.8,0.8,No
12.4,32.0,6.8,1002.8,2.5,No
36.1,89.8,28.9,1004.7,88.2,Yes
21.1,68.2,7.8,1008.3,64.5,Yes
,30.7,35.9,1020.0,76.3,No
29.9,75.5,1.0,1011.8,78.4,Yes
24.6,87.8,20.9,1008.6,42.0,Yes
36.1,39.0,12.8,1020.6,79.9,Yes
31.4,32.0,9.0,1022.9,93.8,No
22.4,20.7,18.9,1020.8,17.2,No
19.3,23.8,33.7,1006.0,76.4,Yes
37.6,81.0,36.6,1008.5,30.8,Yes
29.5,99.0,12.1,1024.7,32.1,Yes
36.5,23.6,6.2,1013.7,41.3,No
11.6,79.8,28.8,1010.1,86.4,Yes
33.5,25.7,23.3,1017.0,2.2,No
27.1,67.4,8.0,1019.1,43.4,No
11.7,80.5,30.4,1008.0,68.0,Yes
25.6,48.7,,1013.5,11.0,No
28.6,20.9,26.1,1018.5,79.2,No
8.4,,14.4,1003.9,94.2,Yes
21.6,99.3,17.6,1012.1,9.1,Yes
32.8,40.6,7.2,1004.2,15.3,No
16.9,35.2,30.3,1005.1,97.4,Yes
21.8,29.9,6.3,1008.1,19.8,No
,64.4,31.1,1015.3,7.9,No
17.1,67.7,31.9,1009.7,95.2,Yes
35.6,83.4,29.9,1007.5,89.3,Yes
31.4,80.2,,1012.4,65.6,Yes
11.3,91.4,10.9,1004.0,55.1,Yes
37.9,84.5,18.7,1015.0,91.9,Yes
34.4,39.8,23.8,1019.9,65.6,No
16.5,64.5,36.8,1011.4,65.8,Yes
33.1,43.8,15.0,1010.6,84.4,Yes
11.2,46.4,35.0,1014.6,65.3,Yes
38.0,94.6,6.5,997.8,50.4,Yes
28.0,74.6,14.9,1015.8,39.0,Yes
27.5,98.0,2.1,1033.7,50.3,Yes
10.7,53.4,29.7,1011.1,52.2,No
34.9,63.0,6.0,1011.2,36.1,No
8.9,59.0,10.3,1017.2,44.8,Yes
15.2,28.6,31.0,1023.5,80.2,No
12.3,38.9,21.4,1018.8,41.7,No
31.3,62.2,0.6,996.9,2.6,No
13.9,25.4,0.1,1015.9,28.3,No
35.3,94.5,20.4,1030.0,23.2,No
27.7,29.9,12.2,1016.4,79.4,No
9.1,35.8,7.2,1003.9,44.9,Yes
8.2,81.2,24.5,1014.0,28.0,No
9.5,27.8,9.1,1003.0,81.1,Yes
26.2,92.0,23.7,1020.6,1.9,No
32.0,78.1,15.2,1005.3,17.4,No
15.2,25.5,7.5,1012.5,82.7,Yes
33.5,75.3,5.5,1006.0,55.1,Yes
9.7,70.5,9.5,1008.2,77.4,Yes
32.0,80.6,1.2,1022.4,83.8,Yes
35.8,86.3,12.3,1012.7,94.2,Yes
31.2,77.5,36.1,1008.1,6.3,No
28.9,66.9,33.3,1004.0,79.9,Yes
33.1,45.8,14.9,998.9,70.9,Yes
9.2,75.8,23.0,1003.2,20.7,Yes
14.1,96.6,22.7,1012.8,93.2,Yes
11.7,67.0,33.1,1018.9,40.4,No
23.1,73.1,9.5,1008.1,88.8,Yes
30.4,55.0,11.9,1023.0,60.5,No
26.9,80.5,12.1,1007.0,52.7,Yes
33.5,99.8,1.6,1010.3,16.0,No
12.7,32.8,12.6,1004.4,91.4,Yes
30.0,36.2,35.1,1018.9,55.7,No
13.8,63.2,36.5,1026.7,0.6,No
16.1,58.5,4.4,999.7,1.8,No
29.3,65.7,18.3,1009.6,77.8,Yes
37.4,23.9,15.3,1020.9,16.2,No
26.3,52.3,19.6,1001.9,59.9,Yes
9.6,66.6,22.2,1016.0,68.1,Yes
26.5,66.8,0.8,1020.6,27.9,No
9.3,72.6,33.7,1012.5,56.9,Yes
34.5,77.6,38.9,1015.9,24.0,No
29.3,71.3,26.1,1024.3,94.6,Yes
13.2,83.2,26.4,1025.6,86.0,Yes
10.8,70.0,21.1,1011.6,28.8,No
13.5,63.0,13.4,1008.3,52.9,No
150.0,68.5,6.0,1005.6,50.1,Yes
21.8,28.1,23.4,1018.8,96.0,No
31.5,41.9,1.8,1002.4,39.4,No
27.1,62.2,33.0,1010.2,56.2,Yes
25.2,89.8,16.8,1012.7,92.9,Yes
12.4,74.3,16.6,1008.5,16.3,Yes
36.4,27.2,13.1,1014.0,55.0,No
17.0,67.4,38.8,1030.0,10.6,No
25.3,37.7,7.0,1011.1,61.7,No
29.0,78.7,6.1,1009.0,36.6,Yes
27.5,86.2,6.6,1019.1,96.8,Yes
36.2,67.5,26.3,1013.7,41.5,No
12.5,67.3,39.7,1022.1,13.6,No
23.3,47.1,9.4,1013.2,83.4,Yes
20.1,55.7,36.2,1010.3,82.1,Yes
22.2,89.1,11.1,999.5,69.5,Yes
11.6,77.9,25.9,1000.7,74.9,Yes
12.0,61.6,1.6,999.2,26.5,Yes
16.3,49.5,19.8,1014.7,64.2,No
17.1,24.0,26.2,1002.5,3.8,No
20.8,31.4,21.5,1020.8,19.7,No
26.3,35.4,9.5,1012.2,93.2,Yes
27.0,49.9,33.1,1010.3,73.9,Yes
20.4,95.5,38.8,1006.1,23.1,Yes
20.3,60.4,18.4,1016.4,11.1,No
14.5,38.8,25.4,1006.4,94.9,Yes
25.6,28.5,31.6,1005.1,11.2,No
17.5,47.1,9.7,1020.3,25.7,No
9.1,85.3,34.6,1014.5,18.3,Yes
20.6,50.7,11.2,1010.4,0.7,No
22.2,81.8,31.0,1016.5,31.4,Yes
14.8,84.2,4.5,1012.1,97.4,Yes
25.2,28.9,11.5,1014.7,34.2,No
25.0,68.7,21.3,1006.3,50.4,Yes
29.1,96.7,21.0,1026.5,74.6,Yes
27.4,52.2,34.0,1007.9,55.1,No
27.6,24.1,39.8,1022.9,74.4,No
17.5,93.9,4.3,1010.7,66.2,Yes
31.6,90.7,10.9,1017.6,60.9,Yes
24.5,61.8,14.3,1017.1,65.0,Yes
20.9,64.2,19.2,1020.0,79.9,Yes
26.8,36.9,19.8,1006.1,71.0,No
18.8,85.6,34.2,1019.5,79.2,Yes
23.4,59.9,30.8,1024.9,14.6,No
30.1,22.7,0.8,1010.2,67.8,No
34.6,74.6,18.2,1012.2,73.7,Yes
35.6,96.0,24.7,1008.3,30.0,Yes
23.1,86.3,18.4,1009.6,87.5,Yes
23.6,42.2,5.2,1024.0,30.5,No
32.0,24.3,15.9,1005.0,24.4,No
17.4,95.2,16.5,1005.4,86.7,Yes
33.1,95.0,7.5,1023.3,24.7,Yes
22.8,62.6,30.3,1016.4,41.6,Yes
11.5,71.4,12.9,1026.8,36.8,No
10.2,57.0,23.6,1008.8,89.8,Yes
33.3,53.6,20.6,1012.9,45.5,No
9.7,29.6,35.1,1007.4,69.4,No
16.4,27.7,4.9,1013.0,79.4,No
18.0,38.6,4.6,999.6,62.8,Yes
13.2,86.9,12.0,1016.8,94.4,Yes
17.4,31.7,17.2,1014.3,80.3,No
30.3,38.1,11.9,1011.6,40.0,No
8.4,63.9,30.5,1009.3,95.1,Yes
32.8,37.2,9.8,1005.7,52.5,No
33.7,33.1,3.4,1017.1,2.3,No
19.2,65.1,16.6,1003.8,26.0,No
12.6,49.4,30.9,1015.6,62.2,No
26.0,70.1,34.0,1026.5,15.7,No
11.6,93.0,29.3,1022.4,58.4,Yes
18.9,32.1,22.3,1001.5,36.2,No
36.8,93.1,29.0,1008.2,53.4,Yes
37.9,92.2,27.3,1015.0,0.2,No
31.2,86.3,9.4,1011.5,84.8,Yes
17.3,70.5,22.0,1002.2,36.2,No
28.6,69.6,30.8,1014.7,14.0,No
29.2,71.1,12.7,1011.9,43.8,No
19.6,75.2,26.2,1025.4,48.6,Yes
27.2,21.3,19.3,1010.2,63.7,No
8.3,96.6,20.1,1020.2,52.5,Yes
14.3,66.8,3.6,1003.1,4.4,No
23.8,82.5,26.6,1004.8,87.2,Yes
12.9,50.2,34.6,1017.1,45.7,No
13.0,21.0,5.7,1019.6,7.7,No
33.1,60.8,14.6,1005.3,77.3,Yes
37.7,60.6,1.9,1012.2,66.0,Yes
24.7,55.0,1.2,1002.3,64.9,Yes
33.2,47.2,39.6,1010.7,42.7,Yes
37.7,40.0,19.7,1017.9,41.0,No
12.2,62.2,14.2,1009.0,53.6,Yes
21.4,50.0,11.0,1010.3,5.1,No
19.8,97.6,39.2,1004.1,29.9,Yes
10.4,33.8,10.1,1007.5,98.8,Yes
30.7,45.6,29.0,1024.3,66.2,No
21.0,43.5,11.4,1012.5,41.9,No
22.1,63.5,2.8,1005.0,22.2,No
12.5,59.9,27.3,1009.8,74.5,Yes
13.4,71.5,0.1,1000.8,26.0,Yes
35.2,96.0,27.0,1004.9,16.2,Yes
9.3,42.8,10.0,1021.5,15.5,No
15.0,75.4,29.8,1011.0,72.9,Yes
16.8,22.0,30.8,1025.2,64.3,No
22.7,41.0,29.0,1011.3,7.0,No
25.6,57.1,1.0,1011.7,11.5,No
22.8,22.5,28.1,1016.5,63.4,No
10.5,69.4,39.6,993.3,57.1,Yes
15.3,74.3,9.7,1013.4,68.6,Yes
33.3,79.7,11.0,1011.7,17.8,No
27.1,61.3,32.5,1022.4,72.7,No
27.5,68.3,6.4,1018.8,93.6,Yes
28.1,51.7,26.4,1004.1,60.1,Yes
,23.3,30.2,1020.7,19.6,No
9.7,28.0,1.5,1010.2,68.0,Yes
19.0,72.4,22.2,1005.7,34.3,Yes
24.2,99.6,23.0,1013.4,4.9,Yes
18.2,21.3,12.1,1010.6,30.2,No
33.3,64.6,35.1,1022.8,90.6,Yes
22.5,80.1,6.5,1014.4,41.1,Yes
31.1,86.1,14.6,1013.4,86.5,Yes
33.6,63.6,33.9,1018.3,50.9,No
23.1,69.6,7.6,1019.7,51.7,Yes
35.3,75.7,32.9,1017.5,0.5,No
25.6,88.7,3.2,1021.9,63.7,Yes
33.5,29.8,19.6,1016.3,10.8,No
18.2,94.1,3.0,1013.2,47.9,Yes
23.0,,27.1,1020.7,26.0,No
23.9,86.9,31.6,1011.4,39.2,Yes
11.1,26.1,34.0,1012.2,53.7,No
20.0,35.6,39.3,1024.1,1.4,No
35.5,20.3,26.9,1023.4,28.5,No
26.9,55.6,30.8,1011.9,99.0,Yes
13.3,46.7,20.2,1008.8,5.7,No
18.2,33.3,36.5,1022.2,31.9,No
13.7,56.1,25.8,1017.6,32.1,No
8.7,52.2,35.3,1014.2,37.9,Yes
35.8,81.4,9.4,1009.7,68.5,Yes
21.4,91.5,19.9,1014.3,24.8,Yes
17.2,72.2,29.2,1011.8,46.0,No
26.0,30.0,8.1,1007.3,64.5,No
8.2,43.6,8.5,1012.9,32.2,No
16.3,,39.1,1013.9,94.9,Yes
29.1,27.1,17.4,1009.4,98.0,Yes
27.0,52.5,7.3,1018.3,12.0,No
37.5,95.4,13.3,1021.0,34.4,No
26.6,96.1,15.9,1018.8,20.8,No
22.3,52.9,24.9,1010.1,18.7,No
30.8,73.4,36.9,1017.3,49.1,No
35.1,56.5,39.5,1012.5,56.4,No
29.6,80.3,26.1,1003.3,42.6,Yes
36.9,22.5,28.0,1016.7,27.3,No
31.5,31.5,12.9,1013.0,27.9,No
34.0,69.1,34.3,1030.2,99.2,Yes
,38.6,8.7,1022.2,92.4,Yes
30.0,73.3,4.3,1017.0,7.6,No
21.2,48.1,38.9,1013.7,65.7,Yes
24.6,90.9,34.6,1013.1,45.7,Yes
27.6,85.5,12.1,1005.0,68.9,Yes
37.1,59.4,27.0,999.8,59.7,Yes
37.5,81.8,18.7,1005.9,88.9,Yes
16.6,41.7,12.9,1011.7,6.7,No
30.0,59.5,11.5,997.3,35.0,No
30.5,35.8,5.4,1008.2,98.5,Yes
18.4,88.9,22.0,1010.3,18.2,Yes
11.7,85.8,17.9,1010.5,12.7,Yes
9.2,92.2,20.5,1007.4,72.9,Yes
31.3,90.2,8.6,1009.6,77.7,Yes
22.7,96.8,37.5,1024.1,67.2,Yes
37.6,38.3,25.5,1016.6,77.6,No
21.9,94.5,36.0,1008.1,69.4,Yes
37.3,65.7,4.4,1011.5,13.6,No
20.3,53.8,24.9,1011.8,60.8,Yes
31.8,64.8,34.0,1006.6,77.7,Yes
10.5,47.4,13.2,1006.6,86.6,Yes
24.7,43.1,7.8,1019.1,24.6,No
32.1,39.3,10.6,1009.1,12.7,No
35.7,26.6,10.9,1004.3,78.1,No
32.7,59.7,17.9,1011.7,25.7,No
9.1,91.0,13.0,1012.8,3.2,Yes
19.2,70.4,10.9,998.2,82.5,Yes
9.5,61.7,25.9,1011.7,50.6,Yes
11.3,54.3,2.1,1018.1,32.7,No
28.3,57.2,13.6,1015.2,1.1,No
29.4,36.7,27.6,1027.6,3.5,No
31.2,85.8,7.0,1020.8,79.3,Yes
34.0,35.9,8.8,1022.1,49.0,No
30.2,77.3,8.0,1031.6,15.0,No
32.0,80.8,0.0,1017.3,35.9,Yes
9.5,66.0,19.0,1013.1,16.5,No
15.0,89.0,1.6,1018.8,11.3,Yes
26.7,43.3,10.9,1008.1,27.6,No
33.7,90.5,39.8,1012.8,55.0,Yes
8.1,78.4,36.7,1007.5,21.0,Yes
23.4,83.9,8.6,1014.8,34.4,Yes
28.3,73.2,12.4,1007.4,47.8,Yes
8.9,87.7,18.5,1007.2,42.0,Yes
20.0,99.4,33.8,1014.9,12.9,Yes
34.9,53.6,32.1,1011.0,3.9,No
28.1,85.1,5.0,998.5,3.5,No
15.1,79.6,5.0,1001.8,35.0,Yes
33.6,,16.7,1004.0,71.9,Yes
18.4,94.2,34.8,1005.8,13.1,Yes
33.6,51.6,35.3,1014.9,78.7,Yes
17.0,65.2,4.3,1013.5,71.6,Yes
25.7,28.5,23.0,1019.5,0.4,No
19.9,38.1,6.2,1017.3,2.7,No
16.2,87.3,27.4,1019.5,19.5,No
34.6,51.7,36.7,1016.3,5.6,No
13.6,51.5,18.2,1013.5,53.1,Yes
10.5,39.7,3.3,1019.7,4.0,No
18.3,59.3,23.2,1018.4,80.3,Yes
29.5,84.5,16.3,1014.6,49.3,Yes
32.2,91.6,32.4,1020.9,72.8,Yes
38.0,25.6,13.6,995.6,75.1,No
16.9,66.0,35.0,1010.0,50.7,Yes
20.2,57.4,10.9,1009.9,92.5,Yes
12.1,69.1,6.3,1020.1,99.0,Yes
25.2,55.8,12.3,1023.0,35.9,No
37.9,51.9,1.4,1001.8,12.6,No
29.0,57.8,11.2,1021.9,36.3,No
25.9,66.6,26.4,1003.8,22.3,No
19.8,60.1,5.7,1004.0,53.1,Yes
35.5,57.8,4.5,1010.4,37.8,No
22.9,85.4,5.3,1009.8,48.0,Yes
12.0,79.7,3.1,1001.1,76.3,Yes
19.0,47.3,35.0,1016.5,27.4,No
10.0,84.0,37.8,1016.8,53.7,Yes
14.1,88.3,1.9,1019.4,33.5,Yes
8.5,32.3,30.4,1009.0,78.5,Yes
21.6,66.6,29.5,1011.7,64.0,Yes
27.0,42.8,39.9,1011.8,0.9,No
18.3,79.1,13.9,1023.8,66.0,Yes
20.6,39.1,11.4,992.2,17.0,No
36.8,73.7,18.1,1005.3,72.4,Yes
30.6,40.4,34.3,1012.0,56.7,No
24.2,60.9,29.1,1004.4,40.1,Yes
16.5,95.9,18.9,1010.2,69.4,Yes
34.9,50.5,9.8,1011.1,85.7,No
15.1,90.1,29.1,1007.4,77.9,Yes
17.8,99.0,34.2,1012.5,54.5,Yes
35.3,90.0,16.0,1016.4,72.3,Yes
23.9,33.3,26.7,1010.3,41.4,No
30.3,85.6,16.0,1008.8,78.9,Yes
25.7,22.6,19.1,1010.8,82.9,No
27.6,51.5,21.0,1011.9,13.7,No
17.0,89.7,31.0,999.8,23.8,Yes
15.2,75.1,39.1,1015.2,27.0,No
17.7,62.6,17.8,1008.8,16.6,No
12.7,51.0,13.7,1020.8,39.3,No
34.2,85.0,14.9,1016.1,19.3,No
16.5,76.8,5.4,1020.2,59.6,Yes
24.8,57.5,11.9,1004.9,10.2,No
31.8,91.4,3.5,1009.4,27.0,No
31.5,38.4,17.1,1003.3,66.6,Yes
21.2,33.6,6.7,1007.1,39.9,No
22.3,71.4,13.9,1020.8,42.1,Yes
37.8,97.8,31.7,1022.4,79.8,Yes
28.2,39.8,9.8,1004.0,98.5,Yes
32.4,40.0,24.5,1008.8,56.5,Yes
35.1,31.2,36.0,1011.5,7.9,No
31.6,88.8,22.7,1016.1,10.3,No
13.6,38.1,7.8,999.7,96.9,Yes
24.9,60.3,13.8,1000.8,67.9,Yes
11.1,99.3,23.6,1015.4,75.2,Yes
27.6,21.0,20.3,998.4,67.6,No
36.7,64.5,5.9,1008.9,18.0,No
23.4,61.0,17.9,1013.1,44.8,Yes
21.0,84.6,21.7,1014.9,79.8,Yes
9.1,48.4,10.7,1011.0,86.6,Yes
36.8,52.8,24.5,1009.4,23.7,No
11.1,33.4,2.8,1017.9,59.6,No
9.2,79.3,13.5,1014.0,15.7,No
15.4,82.8,32.2,1007.5,95.8,Yes
10.0,30.9,10.4,1012.3,25.2,No
21.7,51.5,24.2,1014.7,72.7,Yes
23.5,91.4,16.4,1024.0,23.1,Yes
17.4,20.2,12.7,1017.5,61.6,No
9.5,43.9,36.6,1020.5,65.9,No
11.3,64.4,13.7,1007.7,32.8,No
19.5,46.7,9.5,1008.3,81.9,Yes
9.8,41.8,36.4,1010.4,88.5,Yes
28.9,56.8,29.8,1011.0,85.5,Yes
14.2,34.5,27.3,1004.9,33.1,No
17.1,62.4,2.0,1020.9,74.4,Yes
19.8,76.5,5.2,1018.2,55.9,Yes
20.5,66.0,25.5,1009.9,59.3,Yes
8.0,27.4,8.4,1016.5,47.7,No
11.4,87.6,9.0,1013.6,60.0,Yes
33.9,34.0,31.2,1017.0,13.6,No
8.0,81.2,11.4,1002.6,40.9,Yes
23.2,48.8,2.9,1011.0,17.8,No
22.7,82.6,1.5,1011.6,28.0,No
18.0,36.5,17.7,1016.4,12.8,No
20.9,34.9,24.7,1007.6,21.2,No
31.4,59.8,34.8,994.5,78.2,Yes
33.2,22.6,4.4,1004.4,55.0,No
15.8,38.0,7.9,1011.6,2.4,No
17.7,77.9,21.2,1012.4,78.9,Yes
15.3,87.0,14.6,1023.8,90.9,Yes
22.4,26.5,19.3,1016.1,88.0,Yes
28.5,90.6,37.0,1012.6,82.3,Yes
14.8,83.8,21.8,1011.8,99.2,Yes
17.9,89.6,16.6,1019.7,58.6,Yes
35.9,75.9,39.6,1007.9,96.3,Yes
9.5,73.9,2.6,1011.0,94.9,Yes
21.8,62.0,37.3,1004.4,31.3,No
29.3,72.2,20.1,1021.9,86.3,Yes
12.5,93.5,20.2,1014.7,79.2,Yes
9.4,28.0,36.9,1007.0,77.6,Yes
12.1,45.3,20.3,1011.2,89.6,Yes
35.6,25.8,17.5,1015.6,38.4,No
8.3,95.6,10.9,1010.2,40.0,Yes
13.6,55.6,26.4,1008.3,64.0,Yes
8.9,74.0,22.8,1007.4,73.8,Yes
11.3,87.3,8.6,1014.4,88.0,Yes
26.6,99.3,28.4,1009.5,87.6,Yes
15.2,32.9,25.8,1008.8,72.1,Yes
25.1,84.0,15.9,1002.6,95.7,Yes
25.7,91.0,0.2,1012.5,17.9,No
33.5,23.9,17.9,1010.7,95.0,No
8.1,80.3,0.2,1009.7,6.4,No
33.6,48.4,3.0,1013.4,55.6,No
26.6,71.9,17.2,1017.2,9.0,No
12.9,61.1,3.3,1016.9,56.8,Yes
31.2,40.8,11.0,1015.9,39.0,No
33.7,30.8,26.2,1010.3,8.2,No
15.6,29.4,12.3,1008.0,64.8,No
35.6,28.3,39.9,1004.7,73.1,No
21.6,71.0,36.7,1007.8,17.4,Yes
26.1,48.1,23.4,1012.1,69.4,Yes
37.5,37.3,38.7,1006.5,17.9,No
18.8,75.4,34.7,1012.7,13.7,Yes
32.4,74.9,12.8,1005.2,14.7,No
17.6,63.1,30.0,1000.4,59.9,Yes
32.0,94.8,5.5,1017.7,77.9,Yes
26.0,50.8,27.4,1008.7,59.7,Yes
14.5,86.9,19.6,1006.1,80.9,Yes
20.4,26.0,0.7,1004.3,59.1,No
17.5,79.2,11.0,1015.0,79.7,Yes
10.3,99.1,38.2,1021.6,97.7,Yes
8.9,87.7,12.6,1009.2,39.1,Yes
18.4,66.4,7.3,1010.5,15.0,Yes
8.6,70.1,7.5,1019.5,13.5,No
13.0,48.3,19.2,999.3,59.7,Yes
29.8,74.4,33.7,1025.8,54.7,Yes
29.2,81.6,30.3,1029.1,18.4,No
30.2,99.9,17.5,993.1,88.2,Yes
17.5,59.4,8.3,1011.3,95.7,Yes
34.7,24.9,1.8,1007.0,25.3,No
25.8,67.7,18.5,1010.1,20.7,No
11.8,29.5,32.6,1009.1,21.4,No
12.3,39.6,29.2,1017.7,38.7,No
28.8,46.3,16.3,1011.2,85.3,Yes
13.2,78.5,23.8,1005.6,59.6,Yes
23.2,34.7,17.4,1010.8,6.8,No
37.8,33.3,23.2,1015.6,47.3,No
8.1,23.6,20.7,1003.7,9.0,No
8.5,89.9,27.2,1000.5,40.6,Yes
37.8,75.5,20.3,1025.9,40.4,No
25.5,23.2,,1007.5,64.8,No
11.8,22.3,17.1,1011.0,54.9,No
34.9,64.7,0.6,1009.2,87.5,Yes
34.4,42.6,9.5,1015.8,1.6,No
24.1,67.7,20.0,1024.4,77.4,Yes
26.7,54.8,21.6,1016.1,2.3,No
16.2,93.9,22.1,1001.4,30.4,Yes
9.5,43.0,28.6,1002.3,88.0,Yes
25.8,74.3,11.0,1009.2,69.0,Yes
16.8,24.3,26.6,1010.1,17.2,No
27.9,96.5,28.2,999.9,49.1,Yes
33.1,98.5,16.5,1017.7,72.2,Yes
8.5,79.1,16.1,1004.4,93.7,Yes
25.9,57.2,7.2,1022.5,63.4,No
14.9,37.6,16.6,1024.7,2.5,No
34.2,85.0,31.5,1010.3,50.0,Yes
15.6,78.9,36.4,1015.1,15.3,No
26.3,37.8,23.7,1003.4,4.8,No
24.6,56.1,12.0,1016.4,59.9,Yes
19.9,57.0,27.3,1008.5,77.7,Yes
28.3,86.1,29.6,1004.4,3.6,Yes
29.8,74.7,13.3,1010.0,78.4,Yes
25.0,71.5,33.1,1008.7,70.6,Yes
30.8,72.0,2.9,1009.7,75.2,Yes
37.5,41.6,0.4,1018.6,24.5,No
20.6,49.7,4.9,1006.5,39.4,No
23.4,23.7,6.2,1024.1,12.0,No
8.4,83.0,35.2,1002.7,23.9,Yes
31.9,54.6,17.0,1023.3,30.3,No
23.6,55.1,11.0,1004.9,31.9,No
20.2,39.6,17.2,1012.0,17.5,No
10.8,36.8,15.8,1008.6,18.9,No
34.7,67.0,12.1,1009.6,90.1,Yes
19.9,38.6,5.5,1017.6,78.4,Yes
28.5,25.1,26.2,1022.5,34.4,No
12.5,81.4,5.5,1020.3,94.8,Yes
36.8,50.1,31.0,1009.2,23.9,No
13.4,50.4,8.1,1013.3,40.7,No
14.0,54.5,29.3,1006.5,81.4,Yes
33.8,85.2,32.2,1005.1,44.3,Yes
35.4,45.7,5.0,1004.0,23.5,No
14.4,80.6,3.5,1008.9,36.9,Yes
22.1,95.2,38.0,1013.7,50.1,Yes
30.0,72.9,18.5,998.6,62.1,Yes
34.4,54.5,25.2,1011.7,40.6,No
,79.8,0.9,1022.6,43.1,Yes
23.5,56.6,11.1,1019.9,26.4,No
30.3,53.2,20.2,1007.9,53.5,Yes
29.9,62.0,35.4,1002.2,21.9,No
31.5,45.4,10.9,1015.2,86.8,Yes
25.1,28.3,31.0,995.8,74.7,No
11.1,53.2,26.5,1019.8,41.0,No
35.1,29.9,4.6,1010.5,74.7,No
34.0,52.8,11.7,1024.8,0.7,No
31.9,64.6,9.5,999.9,34.4,Yes
11.0,94.5,17.7,1018.4,44.0,Yes
14.1,22.9,25.4,1011.3,47.0,No
30.3,69.7,17.3,1009.7,74.9,Yes
8.7,56.6,9.8,1002.4,96.3,Yes
37.4,21.6,27.8,1016.2,38.0,No
19.3,40.0,23.4,1016.7,35.1,No
29.6,29.5,20.8,1024.5,61.1,No
34.6,37.3,22.2,1019.1,28.1,No
19.8,42.0,8.9,1007.8,14.1,No
17.6,52.1,27.2,1005.0,96.2,Yes
26.3,62.3,15.5,1002.4,81.0,Yes
25.4,,14.5,1022.3,95.8,No
20.3,32.9,6.0,1006.6,21.8,No
26.1,27.5,23.9,1022.4,1.8,No
36.1,64.0,24.1,1015.7,43.7,No
22.0,46.3,13.6,1014.3,93.4,No
13.9,63.9,34.4,1009.9,13.8,No
19.3,37.7,33.8,1016.6,11.7,No
19.8,21.9,4.4,1011.9,6.9,No
11.9,95.3,27.8,1009.4,76.5,Yes
12.9,28.7,15.8,1016.9,78.6,No
28.5,30.1,40.0,1011.0,69.5,No
18.2,850.0,9.0,1006.4,5.3,No
36.6,98.5,11.2,1016.2,72.3,Yes
15.3,69.4,17.7,1011.6,44.9,Yes
11.0,68.8,,1015.4,15.8,No
30.6,98.9,27.7,1008.8,29.5,Yes
34.4,27.1,19.2,1003.5,50.1,No
16.3,98.0,8.8,1024.1,33.0,Yes
14.1,36.3,20.3,1022.8,97.0,Yes
13.6,69.8,35.6,1018.2,47.5,Yes
23.7,53.6,31.7,1009.3,37.2,No
22.1,50.7,20.0,1009.9,67.3,No
15.8,94.5,11.5,1021.7,65.1,Yes
9.4,31.9,7.2,1009.5,0.2,No
22.4,99.8,35.1,1007.6,61.8,Yes
36.8,50.3,28.4,1025.1,24.4,No
27.6,71.9,22.9,1011.7,37.5,No
22.9,97.4,35.2,1024.4,70.6,Yes
,24.6,4.9,1002.2,55.7,No
15.6,93.8,27.3,1015.6,36.9,No
16.8,65.4,8.7,1026.5,16.7,No
30.9,76.4,4.8,1012.2,50.5,Yes
34.3,31.9,18.6,1010.2,31.9,No
35.0,62.7,15.5,1003.8,91.3,Yes
37.5,73.9,37.6,1019.6,53.4,Yes
37.5,56.5,13.0,1006.6,86.6,Yes
36.6,32.4,32.6,1011.3,39.0,No
10.2,39.5,30.0,1003.4,82.7,Yes
12.1,88.4,26.7,1022.9,5.7,No
17.1,22.8,36.8,1020.1,29.8,No
24.6,76.7,16.3,1011.8,7.8,No
10.9,100.0,15.6,1003.9,3.2,Yes
33.4,20.6,6.4,1022.8,91.9,No
26.5,32.9,11.0,1009.4,71.7,No
24.3,73.9,35.2,1004.3,62.5,Yes
13.0,24.8,19.0,999.7,53.2,No
15.6,67.2,13.7,1007.5,57.0,Yes
12.8,74.7,8.6,1001.8,63.9,Yes
33.6,67.1,19.4,1007.6,82.7,Yes
25.5,49.2,28.7,1017.2,59.7,No
30.1,75.8,11.5,1009.4,74.9,Yes
16.9,67.5,30.3,1014.5,28.1,No
19.1,36.6,25.2,1006.9,97.7,Yes
20.1,65.1,31.5,1012.5,3.2,No
30.8,90.6,10.0,1025.4,38.7,Yes
31.2,73.3,25.2,1009.6,88.2,Yes
14.2,57.7,6.1,1014.7,18.1,No
36.2,45.7,14.6,1001.0,14.1,No
11.6,26.9,29.0,1022.6,36.5,No
34.9,39.6,25.3,1008.7,42.8,No
11.0,20.9,7.5,1019.4,93.3,No
15.9,98.9,34.3,1011.1,83.6,Yes
33.4,37.8,2.1,1016.3,46.4,No
13.4,85.2,23.8,1016.7,97.3,Yes
20.4,33.5,39.4,1008.8,64.2,No
21.5,42.7,21.3,1019.6,87.4,Yes
15.4,53.5,32.0,1006.7,24.6,No
29.3,46.0,23.8,1017.4,48.9,No
33.5,83.9,31.3,1009.3,3.0,No
34.2,96.6,26.2,1014.4,0.9,Yes
18.2,90.0,27.6,1008.8,70.5,Yes
23.9,32.3,9.1,1012.3,11.8,No
15.5,82.1,29.7,1004.5,54.8,Yes
15.3,31.8,9.5,1013.7,69.6,No
12.8,93.1,39.2,1012.3,3.2,Yes
36.2,61.4,9.1,1008.2,44.9,No
34.6,46.9,9.5,1011.6,68.4,No
31.3,32.6,34.3,1012.9,89.0,No
23.5,20.9,9.7,1007.7,29.9,No
22.7,39.8,14.4,1011.1,97.4,Yes
23.9,93.1,28.6,1005.0,84.5,Yes
24.1,83.8,6.3,1028.4,65.1,No
21.0,97.6,6.4,1019.4,39.2,Yes
12.0,28.1,19.5,1013.9,71.1,No
11.8,67.4,9.7,1020.2,81.6,Yes
36.6,40.6,9.4,998.1,30.3,No
22.5,63.4,0.4,994.1,99.3,Yes
36.6,45.6,14.8,1009.2,90.9,Yes
12.9,42.7,12.7,1002.4,48.6,Yes
24.6,65.9,1.2,1010.3,72.3,Yes
14.2,34.7,24.8,1013.4,52.4,No
15.6,57.5,25.1,1018.4,76.1,Yes
8.9,,2.8,1004.0,82.7,Yes
11.6,30.3,12.7,1014.8,2.3,No
35.5,94.4,34.9,1012.1,7.9,No
17.6,60.5,23.3,1014.4,33.6,No
26.2,85.6,16.5,1008.4,91.8,Yes
22.0,72.3,18.6,1021.7,39.8,Yes
20.0,76.8,8.3,1011.3,88.8,Yes
24.0,77.3,32.5,1024.4,46.2,No
13.6,90.0,36.6,1006.5,28.9,Yes
37.7,69.1,36.4,1017.2,90.1,Yes
32.5,42.3,9.0,1011.6,56.1,No
30.2,28.0,12.4,1009.7,36.0,No
22.1,68.5,6.4,1016.4,4.4,No
12.6,25.3,12.3,1009.9,11.1,No
35.6,39.3,13.3,993.4,13.9,No
18.2,24.9,25.3,990.6,36.5,No
9.5,63.9,7.6,1020.9,60.7,Yes
18.3,32.8,36.8,1020.6,30.8,No
31.8,68.8,4.1,1025.2,6.6,No
26.7,83.3,0.3,1011.9,26.5,Yes
30.5,85.8,34.2,1003.0,40.9,Yes
31.8,44.8,28.2,1009.1,99.2,Yes
14.4,63.9,14.2,1012.1,39.3,No
35.7,65.0,23.8,1005.0,8.9,No
21.1,57.8,8.9,1023.5,58.1,Yes
27.2,72.4,6.7,1027.7,92.0,Yes
8.1,36.8,18.8,1015.3,78.7,Yes
37.8,98.3,14.1,1011.9,83.6,Yes
16.4,27.8,24.6,1002.9,92.8,Yes
9.9,86.3,8.7,1022.8,63.7,Yes
21.7,67.5,26.5,1012.5,99.5,Yes
11.9,39.6,30.7,1010.0,3.3,No
12.6,79.7,6.7,1015.4,83.5,Yes
27.0,26.8,1.8,1007.9,85.7,No
19.8,82.0,17.6,1013.0,91.7,Yes
35.7,67.2,31.0,1001.9,47.8,Yes
17.6,28.9,26.0,1019.6,78.8,No
29.8,26.4,28.1,1011.3,19.5,No
21.8,80.1,16.1,1020.1,60.3,Yes
27.8,43.4,9.4,1010.6,35.9,No
26.0,91.1,21.3,1011.0,59.6,Yes
22.2,81.0,8.2,1003.5,67.6,Yes
36.5,75.9,29.0,1017.3,34.7,No
18.3,42.3,7.9,1005.9,21.6,No
13.3,76.7,11.7,1008.6,32.2,Yes
28.3,95.9,20.3,1012.0,66.4,Yes
33.4,27.3,19.5,1012.8,67.7,No
9.2,46.1,24.0,1000.1,74.1,Yes
21.5,38.8,17.5,1010.4,12.7,No
34.8,51.5,36.8,1017.6,81.9,No
30.5,79.4,33.6,1009.4,68.8,Yes
37.8,57.9,35.2,1010.4,3.1,No
23.9,65.7,25.2,1013.1,33.6,No
27.8,45.1,25.4,1011.1,46.7,No
17.1,31.3,24.4,1004.8,36.1,No
36.4,41.4,17.4,1011.7,11.7,No
19.0,88.8,12.9,1019.0,20.7,Yes
30.2,,23.7,1004.6,2.5,Yes
20.1,50.2,1.0,1009.4,9.3,No
24.9,83.2,0.3,1002.3,26.6,Yes
29.6,25.2,34.1,1018.6,82.0,No
23.3,40.3,1.9,1011.4,52.7,No
35.2,38.4,21.0,1006.0,42.4,No
20.6,98.8,24.6,1012.6,66.2,Yes
27.4,76.5,7.9,1003.6,54.2,Yes
18.3,69.4,35.8,1004.8,13.2,Yes
20.2,20.4,7.6,,22.3,No
21.2,34.7,35.4,1004.5,22.3,No
11.8,70.8,30.5,1021.5,60.0,Yes
10.8,50.4,9.6,1006.9,46.2,Yes
28.0,93.9,6.0,1015.3,38.8,Yes
27.7,81.2,12.6,1006.1,55.7,Yes
27.9,55.8,15.9,1017.3,97.0,Yes
8.6,80.0,9.8,1004.8,31.4,No
17.8,98.0,40.0,1012.3,52.0,Yes
13.9,56.9,9.2,1012.4,48.0,No
31.3,71.4,33.2,1028.3,71.7,Yes
33.8,93.5,6.4,1016.4,73.0,Yes
15.4,39.9,39.2,1007.8,72.9,Yes
28.0,90.9,9.0,1016.8,20.2,Yes
11.9,27.8,16.9,1027.0,44.9,No
16.3,71.9,22.3,1000.6,81.1,Yes
12.2,82.6,4.8,1006.1,38.2,Yes
16.5,69.2,32.7,1010.3,98.4,Yes
28.2,59.6,11.0,1009.1,36.5,No
35.3,69.4,22.0,1009.7,49.8,No
14.1,32.1,22.0,1002.9,47.5,No
24.3,37.2,24.1,1021.8,43.4,No
29.0,41.6,2.2,1002.0,84.6,Yes
36.6,67.8,6.7,1010.6,15.5,No
26.3,55.4,6.4,1019.3,56.8,No
15.7,39.6,12.1,1011.8,61.9,No
26.8,90.6,5.8,1005.1,85.1,Yes
17.6,49.9,36.9,1002.6,60.9,No
37.3,55.7,20.5,1010.4,96.0,Yes
20.0,52.8,24.9,1006.7,87.2,Yes
28.6,34.6,14.3,1013.4,34.9,No
8.7,78.5,11.0,1002.2,86.0,Yes
20.0,55.9,20.1,1017.7,95.8,Yes
34.3,21.3,11.8,1012.8,25.7,No
26.3,97.1,13.7,1013.3,61.0,Yes
21.3,85.3,18.1,1022.1,28.2,Yes
36.1,77.9,20.2,1008.9,65.0,Yes
33.6,89.5,39.4,1006.9,9.4,Yes
17.7,92.5,8.9,1008.2,73.4,Yes
24.3,47.0,19.5,1010.7,42.0,No
22.7,68.9,6.0,1011.4,58.7,Yes
27.0,68.7,14.0,1006.2,2.6,No
18.0,41.4,28.7,997.8,69.5,Yes
15.3,37.8,7.0,1008.1,49.6,No
35.4,29.1,,1014.5,62.5,No
35.7,72.7,16.7,1013.0,31.6,No
33.3,82.5,2.1,1020.4,14.6,No
37.3,80.9,37.3,1025.7,43.5,No
30.3,45.3,16.5,1017.3,94.4,Yes
30.9,36.4,31.4,1021.7,22.8,No
30.9,56.3,16.7,1017.4,67.6,No
22.4,63.7,37.5,1024.0,5.0,No
21.7,93.5,11.6,1025.0,71.8,Yes
15.2,90.0,16.5,1018.7,23.8,Yes
27.3,93.3,30.4,1016.9,45.2,Yes
16.7,88.0,,1010.6,36.8,Yes
15.7,97.2,14.6,1011.7,11.3,Yes
25.6,57.2,39.8,1009.6,34.6,Yes
20.3,23.8,22.2,1016.3,35.0,No
14.6,26.7,27.6,1007.0,52.2,No
32.5,51.2,25.7,1010.7,97.2,Yes
33.8,40.6,33.1,995.5,47.0,No
13.0,33.6,34.5,1024.1,91.4,No
8.2,96.3,22.5,1010.5,46.2,Yes
18.1,35.6,11.8,1015.2,10.8,No
31.9,96.8,0.9,1022.2,23.0,Yes
33.2,80.9,24.6,1014.1,40.8,Yes
12.1,71.3,33.0,1022.1,32.5,No
31.2,74.1,18.0,1003.3,86.6,Yes
11.5,46.5,6.6,1028.8,67.9,No
19.7,71.7,11.5,1019.6,57.8,Yes
38.0,34.9,20.4,1013.5,49.1,No
13.8,95.0,33.5,1022.0,39.7,Yes
12.6,44.1,6.9,1003.8,61.2,No
20.7,40.4,24.5,1010.0,12.5,No
26.6,76.9,30.1,1022.1,16.3,No
36.0,72.5,37.4,998.9,30.3,Yes
37.4,56.1,4.7,1015.9,17.1,No
10.1,70.6,37.1,1015.7,67.7,Yes
12.1,32.8,24.1,1025.8,2.5,No
31.7,73.9,30.7,1000.9,16.0,No
16.1,41.6,2.2,1023.3,90.3,Yes
34.5,41.8,20.2,1008.1,99.8,Yes
27.9,33.0,24.9,1008.9,48.8,No
11.4,46.6,12.3,1003.4,49.5,No
33.0,46.5,17.3,1004.4,77.3,Yes
13.3,56.3,22.2,1014.8,3.6,No
20.7,35.2,22.1,1004.2,42.7,No
24.6,35.4,1.7,1017.2,10.0,No
23.0,63.3,17.6,1007.4,40.1,Yes
28.6,30.3,8.6,1003.5,98.4,Yes
27.6,75.1,36.7,1008.3,75.4,Yes
37.8,95.5,39.1,1014.4,98.5,Yes
38.0,54.1,12.0,1010.1,74.6,Yes
23.5,92.1,7.0,1012.2,60.8,Yes
10.9,27.9,8.8,1016.9,75.4,Yes
29.8,23.4,19.1,1019.6,65.9,No
37.3,77.7,35.0,1009.8,46.4,Yes
17.5,80.9,20.0,1004.7,29.3,Yes
21.8,87.4,2.2,1012.5,52.0,Yes
20.7,24.5,1.6,1015.3,25.8,No
9.5,82.2,9.1,1001.8,48.7,Yes
28.2,50.1,33.7,1005.8,14.6,No
18.6,44.3,24.9,1007.0,56.5,Yes
31.6,33.8,22.5,1010.5,24.5,No
33.0,99.7,12.8,1006.7,29.4,Yes
32.6,25.1,37.2,1016.9,49.9,No
20.5,86.2,13.2,1000.8,16.3,Yes
17.6,71.2,33.4,1000.9,96.2,Yes
30.5,78.8,35.8,1009.7,44.7,Yes
32.0,76.9,19.3,1010.8,35.2,No
22.7,88.7,35.8,1001.8,2.9,No
34.8,34.7,11.1,1007.8,84.3,Yes
12.3,20.1,26.3,1009.2,62.6,No
34.4,67.9,3.5,1009.2,41.6,Yes
10.9,48.3,19.0,1013.1,24.6,No
12.6,29.9,8.7,1007.4,74.5,Yes
24.0,34.9,2.5,1022.3,94.5,No
10.0,46.5,0.1,1015.4,38.1,No
9.6,25.6,13.0,1006.4,13.5,No
8.0,24.6,23.6,1012.7,10.9,No
21.1,93.3,18.2,1012.9,0.6,No
31.2,45.0,12.1,1020.5,74.4,No
9.0,98.6,39.6,1007.8,98.1,Yes
27.6,97.1,37.6,1017.4,99.3,Yes
32.7,31.4,5.0,1012.3,78.4,Yes
13.0,77.2,16.6,1022.4,16.2,Yes
12.4,68.1,26.0,1021.0,97.8,Yes
33.8,75.3,29.3,1013.4,32.8,Yes
32.7,27.7,14.7,1010.2,33.4,No
24.2,35.1,29.9,1015.5,68.7,No
32.6,26.1,5.0,1010.7,4.9,No
10.8,68.3,13.3,1023.8,82.6,Yes
19.8,98.9,28.7,1012.5,99.7,Yes
30.1,73.8,25.0,1009.2,77.5,Yes
15.7,76.9,33.5,1008.8,78.2,Yes
30.6,98.8,1.9,1003.5,39.0,Yes
23.1,74.2,7.0,1015.9,6.6,No
30.5,23.2,1.9,1006.3,79.3,No
21.9,89.4,7.7,1019.7,59.7,Yes
19.0,49.2,0.2,1002.9,90.9,Yes
14.6,20.3,20.2,1012.9,11.6,No
14.3,60.6,21.1,1020.1,30.5,No
30.5,95.0,26.3,996.9,36.1,Yes
11.6,40.6,15.4,1026.1,68.3,No
10.6,59.3,0.1,1009.0,78.8,Yes
13.3,33.9,27.0,1013.0,96.1,Yes
13.3,24.6,2.2,1016.0,29.5,No
32.7,26.4,34.6,1017.1,49.4,No
20.0,78.2,0.9,1013.9,2.9,No
37.7,89.1,21.2,1019.0,25.3,No
12.1,31.5,35.8,1015.6,37.4,No
27.6,43.1,22.9,1024.3,59.4,No
21.5,35.6,24.3,1015.7,47.1,No
19.8,22.1,27.3,1025.8,36.4,No
34.3,64.3,4.9,1018.3,62.4,No
37.3,76.0,27.0,999.4,82.9,Yes
34.2,71.8,35.2,1030.3,24.2,No
13.8,51.0,39.0,1008.0,34.3,Yes
14.6,64.4,17.7,1022.5,70.5,Yes
27.7,27.5,13.8,1012.2,77.8,No
16.7,32.3,30.1,1019.4,82.5,No
30.0,94.5,21.7,1007.2,20.9,Yes
25.0,80.9,10.3,1016.4,53.9,Yes
24.5,93.8,6.9,1010.2,90.0,Yes
32.9,93.3,6.8,1023.1,39.2,No
29.3,72.0,18.4,1015.1,43.0,Yes
8.8,94.3,6.8,1018.6,98.5,Yes
9.5,53.3,0.8,996.9,11.3,Yes
26.0,20.3,2.1,1011.4,70.6,No
,25.0,37.2,1014.9,85.0,No
15.8,28.8,2.9,1013.6,15.1,No
20.6,27.6,2.9,1018.7,71.4,No
30.7,48.1,18.0,1009.4,47.0,Yes
32.8,76.1,9.8,1012.3,85.3,Yes
24.8,83.3,38.5,1020.3,90.7,Yes
19.6,67.2,36.4,996.0,87.2,Yes
16.1,31.7,16.2,1016.1,6.4,No
23.7,79.8,17.9,1009.7,75.7,Yes
17.4,48.4,15.0,1005.6,92.2,Yes
24.9,21.0,1.5,1014.4,62.1,No
28.3,42.4,11.7,1020.6,60.1,No
10.0,46.4,4.9,1019.3,4.5,No
8.0,41.9,4.1,1011.1,85.6,Yes
14.4,84.9,22.4,1018.1,4.6,No
34.8,80.8,4.0,1018.1,31.4,No
27.4,75.6,4.1,1011.4,92.6,Yes
13.2,31.1,19.2,1007.1,95.0,Yes
34.7,84.6,17.7,1007.6,99.2,Yes
22.1,74.2,5.5,1017.9,47.6,Yes
22.3,35.6,0.2,1011.7,17.7,No
36.1,71.8,7.7,1004.7,48.8,Yes
9.8,58.7,9.4,1000.2,10.2,No
14.5,55.1,32.0,1017.8,87.3,Yes
25.6,29.0,36.6,1008.2,56.1,No
13.9,61.5,16.2,1014.3,40.5,Yes
28.4,28.0,16.2,1020.7,8.0,No
14.4,33.1,28.5,1002.8,40.5,No
11.0,30.6,25.1,1011.7,86.6,No
14.2,96.3,7.4,1010.8,70.3,Yes
20.7,42.8,4.3,1014.7,8.2,No
13.3,48.4,17.5,1020.7,16.0,No
12.0,45.8,22.6,1002.7,39.2,Yes
33.8,91.9,5.5,1016.0,10.1,No
17.6,65.0,11.7,1019.2,93.4,Yes
18.8,93.5,12.2,1010.7,65.2,Yes
9.7,44.0,10.5,1011.0,9.5,No
18.7,29.2,18.4,1014.9,78.8,No
15.9,64.5,26.1,1014.4,36.8,Yes
26.3,47.6,20.4,1016.1,24.5,No
14.2,84.2,8.1,1015.9,57.0,Yes
34.7,90.4,4.1,1005.1,1.3,No
35.9,57.8,32.9,1018.9,46.5,No
11.0,97.7,19.2,1020.2,84.4,Yes
11.2,64.2,2.5,1013.3,92.8,Yes
11.5,41.7,10.3,1001.5,34.3,No
26.6,59.1,32.2,1011.2,64.2,Yes
11.7,23.0,30.1,1013.4,22.7,No
33.6,84.3,35.0,1004.0,56.0,Yes
30.6,28.1,24.1,1009.5,25.4,No
32.6,44.7,16.9,,57.1,Yes
23.8,65.2,17.1,1016.3,17.2,No
37.9,23.4,7.8,1013.2,94.1,No
9.3,26.3,26.0,1000.5,88.7,Yes
20.0,75.7,23.4,1014.5,33.7,Yes
17.7,25.7,6.2,1011.6,77.7,Yes
36.5,58.2,35.4,1015.6,9.6,No
25.3,47.1,14.7,1009.3,74.0,No
32.2,38.2,2.0,1006.4,28.2,No
13.1,35.1,13.1,1006.6,13.6,No
37.4,81.1,34.8,1008.2,67.8,Yes
23.0,96.1,36.7,1012.1,47.0,Yes
22.8,31.2,19.6,1013.0,53.0,No
37.1,96.8,38.3,1010.7,52.1,Yes
19.4,67.6,35.0,1009.0,5.9,No
19.9,71.3,33.0,1009.5,5.1,No
25.5,76.8,34.4,1029.6,60.1,Yes
11.8,76.3,15.3,1006.6,62.4,Yes
17.6,,30.3,1008.1,4.7,Yes
13.8,58.7,23.1,1035.1,37.8,No
11.1,62.7,28.8,1014.9,61.3,Yes
34.0,45.9,7.1,1002.3,65.7,No
25.7,28.4,29.3,1017.9,82.8,No
18.8,73.2,38.3,1005.6,42.1,Yes
,22.7,12.1,1018.4,54.8,No
20.9,42.1,39.4,1010.5,57.9,Yes
27.0,27.5,15.1,1008.9,31.2,No
35.8,35.3,8.0,1023.3,5.4,No
36.0,71.1,4.5,1016.0,0.4,No
19.7,70.3,31.4,1018.8,83.6,Yes
17.9,53.7,22.2,1015.0,20.0,No
21.5,27.2,12.3,1008.9,63.0,No
25.0,54.7,24.3,1016.3,57.7,No
21.9,48.2,13.3,1020.5,40.0,No
27.8,77.6,17.9,1012.9,83.3,Yes
24.6,66.3,34.5,1024.6,69.8,Yes
17.6,59.3,26.7,1018.0,2.3,No
18.4,59.0,30.5,1013.5,77.7,Yes
19.4,97.3,23.3,1013.8,50.7,Yes
10.8,80.5,39.7,1013.0,34.7,Yes
13.0,59.8,9.7,1003.2,72.7,Yes
29.7,58.3,10.5,1011.4,68.6,Yes
19.7,22.1,3.7,1013.5,31.1,No
14.4,95.4,22.2,1009.1,98.3,Yes
24.9,45.5,24.5,1014.4,64.9,No
30.7,40.5,29.0,1012.1,60.6,No
15.7,100.0,13.4,1017.4,7.0,No
32.8,77.5,0.5,1016.6,27.9,No
35.8,23.8,25.3,1013.2,44.7,No
25.9,25.0,39.9,1002.4,63.1,No
28.1,22.0,11.8,1024.5,51.3,No
9.6,68.0,7.4,1011.0,76.3,Yes
36.4,25.7,11.3,1011.4,26.3,No
19.8,94.7,17.0,1009.6,70.2,Yes
35.7,95.0,10.0,1008.6,81.7,Yes
25.4,63.7,13.9,1022.8,76.5,Yes
8.1,69.3,25.5,1021.7,77.1,Yes
9.2,43.4,13.8,1015.1,88.9,Yes
28.4,25.1,15.8,1011.2,8.4,No
24.9,79.0,1.6,1016.3,69.7,Yes
8.8,28.1,36.7,1012.5,96.9,Yes
30.3,26.8,16.3,1010.7,57.4,No
33.6,,13.1,1014.4,21.7,No
22.9,21.0,3.5,1008.9,99.9,Yes
22.0,54.7,25.4,1013.8,17.5,No
8.2,76.6,34.6,1013.4,33.6,Yes
31.6,84.1,1.6,1016.2,17.2,No
17.9,68.3,5.8,1007.7,46.5,Yes
34.4,87.7,5.9,1017.0,41.9,No
19.2,52.5,24.1,1005.7,49.1,No
25.0,87.9,36.8,1008.0,92.8,Yes
16.1,60.5,17.5,1008.3,47.8,Yes
12.8,37.8,13.8,1004.5,51.5,No
31.2,95.5,30.6,1019.1,88.7,Yes
22.9,42.0,29.7,1005.2,81.8,Yes
24.1,22.1,9.9,1007.1,24.0,No
37.0,39.4,6.4,1020.8,1.3,No
36.9,49.3,14.3,1008.0,62.9,No
33.7,48.1,31.0,1010.7,84.5,Yes
13.6,62.0,27.8,1004.9,55.3,Yes
25.8,90.7,26.6,1017.8,21.1,Yes
34.3,43.4,33.2,1017.9,74.1,Yes
19.2,61.7,11.1,1017.2,67.0,Yes
11.0,47.2,13.6,1015.8,56.5,Yes
32.3,85.7,1.7,1012.5,86.3,Yes
22.5,32.6,34.7,1008.3,78.4,Yes
24.9,28.3,23.3,1006.3,66.8,No
37.5,60.2,11.9,1021.0,66.5,No
26.2,73.8,2.8,1017.4,66.2,Yes
20.7,83.6,28.9,1007.1,52.5,Yes
19.1,67.2,29.9,1012.3,46.4,Yes
20.5,81.9,26.6,1009.9,71.0,Yes
11.6,51.4,8.2,1004.1,61.0,Yes
31.8,22.6,36.5,1013.2,49.0,No
33.1,29.3,30.1,1009.1,12.7,No
16.5,23.1,26.3,1005.3,70.2,No
17.1,46.3,26.0,1001.6,64.6,Yes
34.2,59.6,36.2,1001.1,34.2,Yes
8.7,48.5,37.1,1009.4,35.6,Yes
23.6,64.8,23.8,1011.4,24.7,No
21.9,58.4,16.7,1005.9,96.2,Yes
28.7,74.2,14.5,1016.6,86.0,Yes
12.9,73.4,32.8,1011.5,56.1,Yes
28.0,45.4,25.8,1016.0,40.2,No
19.3,47.7,3.1,1010.7,73.7,Yes
26.6,66.8,5.7,1006.5,52.8,Yes
9.2,67.7,36.0,1012.8,97.6,Yes
21.9,45.2,35.4,1003.2,5.5,No
23.7,46.4,38.1,1015.8,3.4,No
14.4,75.5,17.1,1005.4,56.9,Yes
12.2,71.8,31.4,1018.4,20.3,No
13.7,30.8,33.1,1009.6,60.4,No
18.3,55.3,12.6,1019.4,78.1,No
10.9,91.4,5.8,1004.1,13.8,Yes
36.4,22.9,39.9,1007.3,44.1,No
20.1,88.4,1.2,1014.7,68.9,Yes
32.3,33.1,23.9,1020.2,83.4,No
37.2,60.6,26.0,1023.7,49.6,No
10.4,53.9,27.3,1012.3,20.6,No
27.6,20.8,10.2,1024.9,58.6,No
34.1,93.2,28.9,1010.0,45.5,Yes
27.0,56.4,8.7,1019.7,77.2,No
20.9,96.3,33.2,1005.4,55.6,Yes
20.9,42.9,8.8,1014.9,27.9,No
9.1,89.3,27.9,995.6,75.4,Yes
24.0,93.8,31.3,1004.1,51.8,Yes
37.8,64.5,7.6,1015.3,17.8,No
36.8,36.2,9.5,1002.8,56.3,No
,74.8,31.2,1015.0,94.8,Yes
29.2,63.9,3.4,1018.3,70.6,Yes
,95.6,7.6,1008.5,29.9,Yes
35.1,55.1,18.2,1005.2,71.1,Yes
9.4,41.5,37.2,1008.7,28.3,Yes
36.1,31.1,22.5,1005.2,54.3,No
33.1,75.9,15.5,1011.3,52.7,Yes
11.5,97.9,39.1,1012.7,24.7,Yes
9.8,22.3,18.5,1009.9,34.8,No
33.0,79.2,17.3,1023.7,94.2,Yes
12.7,94.2,16.5,1007.0,25.1,Yes
24.0,26.0,12.5,1021.7,80.1,No
35.5,,13.0,1004.7,66.7,No
25.0,75.4,27.5,1012.5,53.3,Yes
19.9,71.8,1.6,1020.3,13.8,No
21.4,25.5,27.3,1019.9,20.5,No
9.9,86.8,8.0,1009.1,17.9,Yes
37.1,61.9,15.4,1015.9,58.7,No
17.3,92.6,5.9,1014.9,97.3,Yes
13.7,90.2,22.1,1008.2,87.7,Yes
16.6,85.0,29.2,1016.3,2.5,No
36.9,61.3,14.2,1025.0,27.4,No
10.8,40.1,6.5,1015.3,15.7,No
34.0,60.5,9.1,1016.0,97.6,Yes
29.2,28.1,32.7,1016.7,23.6,No
32.9,72.7,10.7,1001.8,20.1,No
37.3,30.7,31.0,1015.2,62.1,No
33.3,60.9,13.2,1004.9,55.6,Yes
36.3,24.4,7.5,1007.9,22.6,No
11.8,,29.1,1027.1,67.0,No
31.9,38.6,18.7,1010.2,9.7,No
24.4,69.6,1.3,1006.8,1.9,No
24.3,82.9,38.4,1020.1,8.2,No
35.0,24.6,5.9,1005.4,36.5,No
37.2,88.0,14.1,1008.9,97.5,Yes
29.1,88.9,15.4,1020.7,54.7,Yes
22.5,47.4,19.6,1012.3,75.5,Yes
21.7,72.7,31.4,1001.1,32.1,No
19.6,52.2,0.2,1015.8,71.9,Yes
18.8,32.3,37.3,,96.6,Yes
19.7,62.3,25.8,1022.8,35.8,No
10.7,26.9,38.0,1007.8,99.9,Yes
10.3,90.3,32.7,1019.4,63.8,Yes
31.4,93.9,,1024.4,74.9,Yes
21.4,85.7,24.0,1006.0,25.2,Yes
35.9,65.0,14.3,1010.6,64.3,Yes
26.4,64.6,17.7,1014.7,51.1,Yes
9.1,98.8,26.3,1006.0,95.6,Yes
12.7,39.8,17.1,1013.9,90.5,No
14.2,26.1,29.3,1010.4,39.7,No
37.3,65.0,3.7,1010.3,94.7,Yes
14.6,46.3,33.2,1012.3,88.5,Yes
23.5,45.8,8.2,1012.5,59.0,No
36.1,20.6,37.8,1013.1,8.2,No
37.3,67.7,6.2,1007.8,16.1,No
15.1,41.1,5.2,1008.1,7.7,No
9.5,35.0,32.5,1011.2,10.8,No
12.6,23.2,32.7,1011.7,97.7,Yes
9.9,49.1,29.6,1008.9,21.2,No
13.9,90.3,38.4,1014.3,69.1,Yes
25.1,46.9,10.8,999.3,63.7,No
35.4,74.3,33.1,1006.9,63.1,Yes
24.1,80.5,14.1,1010.0,20.7,Yes
26.8,46.2,21.5,1006.0,57.9,Yes
14.1,85.7,17.8,1023.4,62.6,Yes
32.0,75.4,0.2,1012.1,57.0,Yes
26.5,64.7,23.0,1013.2,18.6,No
33.9,20.1,29.9,1008.6,72.3,No
36.5,22.8,7.0,1011.9,7.3,No
18.4,99.3,37.3,1003.5,59.1,Yes
10.7,82.6,21.2,1010.8,43.6,Yes
14.8,95.0,7.1,1005.4,25.0,Yes
21.1,92.2,25.8,1010.1,80.7,Yes
36.4,21.6,7.7,994.1,17.6,No
19.3,83.3,2.5,1004.1,93.3,Yes
31.1,56.1,27.4,1022.2,88.5,No
24.2,83.2,4.4,1017.8,36.1,Yes
13.5,20.5,4.2,1021.2,30.5,No
17.6,43.1,29.6,1021.7,13.7,No
27.6,80.1,2.2,1016.7,91.6,Yes
28.2,83.4,32.4,1008.8,62.8,Yes
21.0,69.6,31.8,1004.7,3.2,No
14.9,44.1,5.7,1020.0,51.1,Yes
,44.8,20.7,1012.5,8.6,No
13.1,97.3,3.9,1029.5,57.4,Yes
36.1,55.1,25.3,1009.4,50.9,No
13.6,55.8,2.5,1025.8,8.3,No
11.2,64.2,37.8,1010.9,81.6,Yes
22.9,52.8,8.3,1021.4,26.2,No
23.6,64.2,27.3,1023.9,54.1,No
23.2,54.6,5.1,1004.8,63.9,No
21.1,86.1,8.4,1008.6,96.2,Yes
37.8,92.7,18.0,1004.8,49.4,Yes
22.6,94.6,22.9,1003.4,91.7,Yes
22.3,65.1,40.0,1016.7,35.5,No
20.7,55.4,1.0,1010.6,85.7,No
10.0,76.4,0.0,1012.4,23.6,No
25.8,87.1,14.0,1015.9,70.7,Yes
14.8,65.0,14.6,999.0,8.9,No
27.1,76.0,35.4,1021.0,98.6,Yes
9.5,80.0,36.5,1009.6,95.4,Yes
37.4,74.1,35.2,1015.7,44.2,Yes
22.1,79.7,5.7,1016.3,52.4,Yes
34.9,36.7,16.5,1021.6,59.8,No
22.3,59.9,29.8,1011.3,27.5,No
9.8,67.1,12.5,997.1,67.4,Yes
32.7,20.2,26.5,1012.4,69.9,No
27.4,88.5,9.5,1013.4,52.5,Yes
31.5,68.8,12.9,1004.8,14.8,No
20.8,30.3,34.4,1013.0,91.9,No
27.1,85.3,10.0,1009.5,11.5,No
33.7,77.4,38.6,1002.6,62.9,Yes
26.9,80.7,12.3,1016.7,10.3,No
18.4,51.4,0.9,1008.1,14.6,No
27.9,88.3,10.2,1009.2,2.1,No
28.2,53.1,6.8,1008.8,36.3,Yes
36.8,65.6,20.3,1020.6,64.0,Yes
19.1,20.1,4.5,1011.7,52.2,No
20.8,71.6,25.0,1012.6,67.5,Yes
32.4,77.5,35.0,1008.9,67.5,Yes
23.2,65.4,14.5,1015.2,14.0,No
30.1,59.7,6.7,1021.4,5.7,No
21.8,84.8,16.0,1016.5,62.5,Yes
14.5,74.5,31.4,1016.8,65.3,Yes
30.4,42.2,23.7,1016.2,55.7,No
11.9,96.7,4.0,1002.3,24.6,Yes
14.0,76.6,21.5,1005.9,81.1,Yes
26.8,99.0,18.7,1010.6,7.6,No
30.4,97.7,13.1,1006.9,63.2,Yes
34.8,93.5,4.4,1004.5,12.0,Yes
16.2,80.4,39.2,998.9,65.4,Yes
11.3,68.8,7.0,1002.6,41.8,Yes
36.7,33.8,7.7,1010.2,71.8,No
12.6,63.5,5.8,1011.5,5.2,No
13.9,81.2,22.8,1006.4,55.5,Yes
16.7,61.7,17.7,1012.6,14.5,No
23.9,89.5,10.0,1009.0,68.2,Yes
34.5,28.8,17.2,1019.6,12.0,No
30.8,50.5,26.9,1010.9,7.4,No
29.2,60.5,11.3,1016.9,71.3,Yes
13.3,54.6,36.6,1013.4,6.4,No
18.7,28.7,12.3,1002.2,22.5,No
22.4,32.3,7.9,1011.4,82.5,No
12.4,87.0,38.2,1003.4,81.0,Yes
16.2,58.8,32.4,1011.2,85.4,Yes
17.2,23.9,13.7,1006.8,32.6,No
11.8,21.3,33.7,1014.7,52.8,No
24.5,57.9,20.8,1002.6,77.3,Yes
29.2,33.2,13.9,1012.1,13.7,No
10.1,76.4,33.6,1016.0,72.4,Yes
22.4,83.6,30.1,1018.4,9.7,No
31.5,38.3,11.9,1006.7,91.3,No
30.4,67.4,24.3,1012.1,63.7,Yes
32.5,32.4,,1013.3,49.3,No
21.4,44.3,0.0,1022.8,48.5,No
32.6,91.1,38.5,1001.6,18.1,Yes
15.2,63.5,22.0,1005.6,34.6,No
18.8,90.9,23.9,1031.6,72.7,Yes
13.3,38.0,24.0,1010.1,54.1,No
22.0,46.4,22.0,998.8,52.9,Yes
19.8,57.7,11.6,1007.9,19.5,No
15.2,58.4,38.9,992.6,69.0,Yes
30.6,99.8,24.9,1013.7,39.2,Yes
17.4,29.2,26.8,1017.7,18.3,No
16.2,88.2,18.2,1005.6,94.4,Yes
11.9,89.1,11.5,1008.7,50.7,Yes
21.2,64.3,2.6,1018.5,52.8,No
17.1,47.5,14.0,999.7,98.1,Yes
19.1,61.5,7.0,1002.7,36.6,No
15.1,43.4,26.5,1010.4,94.3,Yes
30.9,83.9,35.2,1006.7,69.5,Yes
35.9,59.9,12.1,1009.9,63.3,Yes
22.9,94.1,13.3,1003.2,23.4,Yes
27.3,69.8,26.8,1013.5,5.2,No
34.0,61.1,6.0,1011.0,43.8,Yes
38.0,76.9,37.2,1015.8,1.0,No
26.4,60.3,14.6,1013.4,7.1,No
34.7,92.4,4.0,1013.4,59.5,Yes
35.3,34.8,7.0,1001.9,72.4,Yes
31.7,97.9,37.3,1015.4,16.8,Yes
21.8,85.0,9.9,1009.7,73.3,Yes
10.4,88.9,26.5,1010.8,95.0,Yes
8.5,58.6,6.2,1019.3,74.3,Yes
22.3,87.0,7.8,1007.0,78.5,Yes
22.8,44.5,35.2,1021.5,70.1,No
20.2,81.0,5.9,1022.1,22.5,No
25.0,31.2,0.8,1017.3,36.1,No
24.6,44.6,20.0,1005.1,94.9,Yes
33.1,55.7,34.5,996.7,66.1,Yes
,45.8,13.0,1019.6,78.9,Yes
14.8,51.0,5.1,1012.8,96.9,Yes
31.8,85.6,39.3,1006.8,23.1,Yes
33.4,40.5,27.1,1020.2,32.2,No
37.8,79.6,34.0,1006.0,64.5,Yes
34.2,25.9,30.1,1009.0,2.4,No
34.7,81.3,27.9,1015.7,57.1,Yes
17.4,83.4,15.4,1004.2,80.9,Yes
20.0,52.1,13.0,1011.2,61.0,Yes
16.0,77.8,28.7,1019.6,29.5,No
26.2,93.2,28.7,1013.5,72.4,Yes
36.2,84.1,38.0,1020.7,14.6,No
18.3,51.2,22.7,1019.9,89.5,Yes
24.7,58.7,11.8,1012.1,10.1,No
16.9,82.3,19.6,995.6,86.3,Yes
13.1,43.4,24.5,1004.3,49.8,No
13.9,84.3,17.1,1017.3,42.9,Yes
9.7,46.2,31.6,1001.1,50.1,Yes
36.5,84.5,23.4,1009.7,20.0,Yes
20.1,26.9,0.4,1014.4,45.8,No
33.0,23.6,22.8,1022.3,85.0,No
28.4,99.8,25.3,1008.0,80.1,Yes
13.8,89.6,36.6,1007.5,16.3,Yes
13.3,90.6,16.5,1011.6,67.3,Yes
32.4,96.1,23.0,1014.5,85.7,Yes
15.9,55.1,19.0,1010.9,82.0,Yes
35.4,42.9,21.3,1019.3,42.6,No
12.2,,2.7,1006.4,4.8,No
28.3,60.1,35.9,1012.8,93.1,Yes
32.4,37.6,36.4,1015.1,39.6,No
15.1,94.8,21.9,1009.2,36.1,Yes
16.3,20.3,22.3,1017.9,76.0,No
36.9,31.5,2.3,1013.0,26.4,No
15.9,39.7,23.9,1017.5,83.5,No
20.9,35.9,17.2,1013.4,7.6,No
21.0,38.1,28.4,1014.6,74.1,No
15.6,72.5,1.9,1007.6,96.6,Yes
31.3,46.2,28.4,1007.6,99.6,Yes
31.2,69.2,11.5,1020.6,92.4,Yes
19.3,91.2,26.1,1016.4,87.1,Yes
33.1,68.2,25.1,1004.8,27.9,No
14.4,75.6,9.1,1013.3,96.7,Yes
8.1,49.2,17.6,995.4,92.8,Yes
25.1,32.8,33.4,1008.0,53.4,No
37.8,45.6,24.2,1018.7,40.2,No
9.2,97.1,2.7,1011.1,10.9,Yes
14.2,69.7,17.7,1012.8,59.1,Yes
23.6,42.2,12.5,990.9,70.1,Yes
32.3,56.1,25.7,1009.3,40.4,No
10.7,86.8,24.6,1014.4,40.6,Yes
19.9,,0.4,1015.3,57.3,Yes
30.4,64.9,24.3,1018.7,2.8,No
19.1,90.8,29.4,1010.5,95.8,Yes
13.7,73.8,30.7,1010.8,29.0,Yes
13.9,71.4,2.4,1002.7,14.1,No
20.3,35.2,12.1,1010.6,0.5,No
22.4,28.5,16.9,1003.2,85.7,No
33.9,97.2,7.2,999.1,86.3,Yes
27.3,67.9,16.8,1004.4,9.5,No
28.7,53.3,2.8,1022.6,15.2,No
37.5,67.1,4.5,1010.1,44.8,Yes
20.4,24.9,26.7,1013.5,18.6,No
20.1,85.8,10.5,1008.4,73.6,Yes
35.7,37.3,28.5,999.5,5.8,No
15.4,84.4,1.9,1018.6,55.0,Yes
29.9,62.8,22.5,996.8,38.3,Yes
30.6,42.1,15.7,1008.1,46.5,No
10.9,22.4,31.9,1011.6,42.5,No
22.0,85.3,31.4,1013.6,15.3,No
14.0,34.1,15.0,1006.9,22.0,No
13.6,24.1,24.9,999.1,6.5,No
21.9,80.5,9.1,1006.4,11.5,No
16.7,48.0,23.2,1006.8,97.8,Yes
31.9,51.1,3.3,1006.6,28.0,No
35.2,39.8,17.4,1018.8,30.7,No
32.1,88.7,7.3,1003.5,12.7,Yes
16.0,43.8,35.3,1014.1,75.5,Yes
16.2,36.8,17.8,1013.1,92.4,Yes
15.6,44.7,23.6,1018.7,79.0,Yes
12.1,36.3,14.4,1011.1,61.3,No
36.3,45.4,11.5,1017.5,81.3,No
20.1,26.6,8.1,1010.8,40.4,No
14.7,32.7,36.5,1015.0,85.9,Yes
33.4,53.4,32.0,1001.5,79.9,Yes
20.0,90.4,5.3,993.5,0.2,Yes
9.1,24.6,29.9,1014.6,48.8,No
12.9,37.0,16.7,1015.0,26.5,No
27.2,92.7,0.6,1015.3,8.6,No
31.5,91.2,21.1,1008.3,84.6,Yes
14.3,74.4,5.2,1022.4,0.8,No
35.5,39.2,8.4,1008.8,73.0,No
33.5,53.6,27.8,1014.9,98.8,Yes
33.5,36.9,10.3,1016.2,48.2,No
14.8,30.3,35.7,1024.0,37.1,No
9.5,50.4,26.3,1009.8,60.6,Yes
34.0,66.1,33.3,1007.4,80.5,Yes
17.2,48.8,24.6,1001.5,24.0,No
26.6,68.9,34.8,1022.9,25.1,No
30.8,43.7,14.5,1014.9,60.7,No
11.8,47.7,22.0,1015.2,94.0,Yes
31.4,83.3,20.6,1033.8,29.8,No
36.2,90.3,36.2,1014.3,37.7,Yes
29.9,45.8,6.6,1002.9,99.3,Yes
21.2,65.7,23.1,1010.6,17.6,No
34.3,42.3,30.2,1005.2,7.7,No
23.8,24.3,14.8,1009.2,59.0,No
30.3,79.0,34.7,1009.2,2.4,No
32.6,33.7,14.9,1007.9,18.0,No
30.5,54.1,6.9,1002.2,62.2,Yes
16.6,59.0,23.4,1023.1,66.0,Yes
11.5,34.8,16.8,1014.1,51.0,No
15.2,27.6,0.6,1010.4,38.4,No
23.1,47.8,2.8,1017.3,57.6,No
23.2,96.2,7.8,1015.3,64.3,Yes
25.5,69.2,30.8,1013.9,80.3,Yes
19.9,50.5,35.7,1016.8,79.3,Yes
31.6,23.1,21.8,1012.9,66.5,No
35.4,68.0,4.2,1016.7,89.4,Yes
15.4,27.4,21.4,1017.3,83.8,No
30.1,63.4,34.2,1013.1,13.3,No
28.3,80.2,30.0,1010.5,95.7,Yes
23.7,53.9,11.6,1022.7,89.2,Yes
13.7,44.0,5.0,1008.7,32.1,No
31.9,23.8,36.0,1014.7,2.0,No
36.8,22.0,34.2,1014.9,60.4,No
29.7,54.4,2.1,1007.7,43.8,No
35.5,90.7,32.9,1006.3,75.0,Yes
37.5,39.5,3.9,1009.5,52.5,No
18.6,65.9,2.5,1008.6,7.6,No
27.1,74.7,30.3,1001.8,24.5,Yes
22.2,24.9,21.5,1007.4,88.3,Yes
37.6,32.2,16.6,1013.9,3.8,No
10.8,46.5,36.2,1020.9,73.7,Yes
20.4,73.6,33.6,1015.9,29.2,Yes
34.3,55.1,2.3,993.8,45.3,No
16.5,78.7,24.6,1016.5,53.1,Yes
31.6,89.4,30.9,1008.1,25.0,Yes
19.5,80.7,22.0,1015.2,65.2,Yes
37.4,99.4,39.3,1011.9,69.3,Yes
34.5,80.3,27.4,1010.7,8.5,No
17.0,88.2,4.2,1011.3,37.4,Yes
31.1,86.6,7.9,1011.8,74.4,Yes
18.1,78.4,33.0,1021.4,72.2,Yes
26.2,84.1,39.9,1011.9,54.5,Yes
27.8,94.8,3.9,1019.6,77.8,Yes
32.9,58.0,4.0,1018.6,10.8,No
8.7,71.1,30.5,1016.7,11.8,Yes
14.6,61.2,2.6,999.5,65.7,Yes
29.4,88.1,2.7,1019.8,69.3,Yes
24.9,54.5,35.6,1008.8,81.5,Yes
22.9,85.6,32.0,1017.0,18.1,Yes
9.7,83.9,35.3,1005.2,51.7,Yes
18.4,97.0,26.0,1003.7,66.1,Yes
34.0,39.9,12.9,1025.8,22.4,No
8.9,76.8,36.3,1005.3,51.7,Yes
19.9,,11.9,1020.0,63.8,Yes
36.4,94.9,11.0,1012.8,21.4,Yes
9.5,92.6,35.5,1009.1,37.6,Yes
30.5,65.9,27.2,1011.7,21.6,No
15.7,66.3,35.8,1002.9,90.3,Yes
34.0,33.4,6.2,1011.9,23.7,No
30.4,,38.1,1004.4,12.1,Yes
34.6,40.4,24.5,1009.2,3.5,No
14.5,78.0,26.7,1018.5,4.5,No
23.9,83.7,36.6,1013.8,19.2,Yes
31.4,55.3,15.2,1001.6,60.8,Yes
15.4,36.9,28.8,1018.0,1.8,No
14.9,35.1,25.6,1012.0,28.7,No
8.8,88.5,31.5,1008.2,5.8,Yes
36.8,60.9,35.9,1017.2,40.4,No
29.3,27.2,27.2,1010.8,4.9,No
27.1,77.4,2.7,1003.8,60.8,Yes
30.3,40.0,7.3,1024.9,68.8,No
23.9,90.1,38.2,1011.9,73.1,Yes
22.3,44.8,38.7,1011.4,22.4,No
21.5,36.0,38.7,1009.2,86.9,Yes
27.2,26.8,1.5,1020.3,69.0,No
14.0,60.9,15.3,1008.3,5.7,No
34.6,56.1,30.4,1001.2,44.1,Yes
32.4,80.1,30.1,1007.2,76.8,Yes
18.5,57.2,3.4,1021.3,31.1,No
25.4,47.5,24.4,1017.8,38.2,No
12.2,40.9,5.7,1010.2,63.0,No
37.2,42.3,19.7,1021.6,5.5,No
35.1,94.2,9.6,1017.2,96.7,Yes
35.7,33.2,2.1,1010.1,17.4,No
18.0,99.1,3.2,1010.8,2.7,Yes
13.1,46.2,36.4,1014.3,0.5,No
14.4,27.1,29.8,1006.2,40.0,No
10.7,39.9,37.3,1012.0,88.4,Yes
11.6,24.7,18.8,1014.2,82.0,No
10.1,83.2,16.5,1000.2,91.2,Yes
37.7,61.0,14.3,1010.7,53.4,Yes
10.2,47.0,24.7,1009.9,44.9,Yes
12.0,73.0,14.1,1019.2,38.6,Yes
32.8,70.5,29.9,999.1,4.6,No
25.4,95.2,32.1,1009.3,91.0,Yes
31.2,96.9,35.0,1008.6,49.6,Yes
26.9,74.5,9.7,1018.7,45.5,No
34.5,85.4,21.1,1011.7,51.5,Yes
27.2,83.4,8.9,1024.6,79.4,Yes
23.7,59.3,1.5,1016.6,22.4,No
29.4,76.4,28.3,1009.1,71.0,Yes
21.4,26.3,22.0,1013.7,71.1,No
18.4,80.6,29.0,1009.5,85.0,Yes
22.0,96.9,3.5,1018.0,0.9,No
13.1,26.8,39.8,1002.7,17.0,No
31.9,86.9,39.8,1006.2,47.1,Yes
15.8,94.6,18.6,1015.2,85.1,Yes
12.6,38.1,,1020.6,96.5,Yes
15.4,62.0,9.7,996.6,59.5,Yes
33.3,94.2,29.5,1021.6,21.2,Yes
17.9,96.8,35.2,1011.0,18.5,Yes
28.6,30.2,32.6,998.8,63.9,No
33.7,47.9,32.5,991.0,21.0,No
10.3,75.9,18.5,1001.3,55.3,Yes
31.0,37.7,32.8,1011.9,83.5,No
17.2,46.0,27.6,1011.5,39.0,No
14.5,21.9,5.3,1016.4,37.8,No
28.7,32.3,4.6,1008.2,3.6,No
35.3,65.0,30.9,1004.2,25.4,No
16.9,72.2,,1009.1,69.8,Yes
25.1,71.9,20.8,1012.2,36.0,Yes
16.7,82.3,36.3,1013.6,15.8,Yes
24.6,53.2,26.4,1006.5,10.6,No
26.7,41.9,15.8,1018.3,9.5,No
26.3,21.2,16.6,1007.7,65.9,No
26.7,36.5,24.2,1005.9,61.3,Yes
12.1,45.0,30.4,1008.2,51.9,No
28.8,34.3,22.6,1019.5,50.0,No
28.2,21.6,20.4,1011.1,15.3,No
28.5,32.6,29.1,1007.1,50.1,No
10.2,73.3,28.2,1018.5,6.0,No
21.4,70.4,33.2,1027.0,92.6,Yes
20.3,94.9,2.5,1013.5,5.8,No
10.6,83.9,30.2,1020.6,42.4,Yes
14.7,65.4,20.6,1019.3,0.1,No
21.2,31.0,3.0,1007.8,78.6,Yes
30.3,65.1,27.2,1012.2,16.6,No
15.1,24.9,28.7,1003.0,92.5,Yes
32.9,54.5,20.9,1010.6,4.4,No
24.4,51.2,31.8,1007.6,82.1,Yes
30.8,54.2,12.0,1009.2,65.7,Yes
22.2,42.4,8.1,1006.8,25.0,No
23.0,74.9,14.0,1010.0,20.2,Yes
26.6,87.3,16.4,1015.7,35.8,Yes
35.8,81.5,27.8,1011.2,82.8,Yes
22.8,70.2,33.8,998.9,86.2,Yes
23.9,63.1,28.8,1006.8,17.5,No
26.1,22.5,7.0,1001.4,35.3,No
30.1,77.8,14.6,1013.7,23.7,No
10.2,63.6,6.3,1015.5,12.3,No
23.5,41.7,27.5,1013.8,64.6,No
22.4,46.2,9.9,1006.5,34.6,No
35.7,94.8,21.0,1013.7,22.5,Yes
22.8,69.9,31.7,1008.7,86.6,Yes
22.0,58.1,26.8,1004.0,74.8,Yes
36.9,69.7,11.9,1017.2,77.4,Yes
21.5,53.1,13.3,1017.7,3.9,No
13.4,57.6,26.1,1018.6,91.5,Yes
14.5,43.2,22.0,1007.7,57.5,Yes
10.9,55.2,3.9,1020.3,50.4,No
8.0,74.8,35.0,1008.5,1.1,No
21.0,23.2,20.5,1016.6,89.8,No
31.1,83.6,18.9,1008.4,54.4,Yes
30.0,42.6,7.9,1010.4,82.5,No
9.0,74.6,15.1,995.1,65.6,Yes
25.1,71.4,13.3,1009.9,79.7,Yes
12.6,72.2,10.8,1012.6,69.3,Yes
36.2,68.7,22.7,1009.1,92.1,Yes
13.0,96.7,18.5,1024.3,22.5,Yes
26.8,60.7,35.6,1003.9,20.2,Yes
17.8,78.6,37.7,1008.1,71.3,Yes
27.2,76.4,8.8,1005.7,50.1,Yes
20.4,38.9,4.0,1008.1,59.9,Yes
30.8,42.7,31.4,1019.2,70.9,Yes
14.9,53.9,39.8,1022.3,54.7,Yes
35.2,42.2,34.5,1007.1,78.8,Yes
23.0,49.3,0.9,1006.9,31.9,No
30.7,51.3,10.1,1003.9,85.9,Yes
33.5,68.3,1.7,1021.1,10.8,No
38.0,37.6,32.8,1019.8,63.4,No
14.7,84.3,23.3,1011.3,89.0,Yes
16.6,55.0,20.5,1002.2,25.3,No
15.5,76.5,22.2,1002.9,32.7,Yes
15.9,26.5,10.1,1013.2,30.5,No
25.5,57.6,24.1,1015.8,56.4,No
37.8,22.3,1.2,997.5,41.3,No
37.7,74.1,25.8,1009.8,10.8,No
23.8,47.5,29.4,1023.3,89.1,No
27.2,95.9,26.9,1010.5,20.5,Yes
33.8,45.9,13.3,1022.4,53.4,No
36.0,65.1,33.1,1016.5,59.5,Yes
14.1,40.6,28.6,1004.4,4.1,No
23.9,69.6,5.1,1010.0,9.6,No
33.0,57.4,7.8,1011.1,97.2,Yes
17.1,49.7,25.5,1005.3,66.5,Yes
21.2,36.3,11.6,1005.2,3.4,No
37.6,28.9,4.8,1022.5,79.4,No
37.6,29.6,6.2,1005.2,50.9,No
35.2,99.9,6.6,1019.5,7.5,No
32.0,,19.1,1008.9,68.1,Yes
16.1,20.2,24.3,1011.8,49.9,No
17.6,96.2,7.1,1015.9,20.5,Yes
24.4,21.6,28.5,1007.8,87.8,Yes
24.8,53.5,11.2,1016.0,29.1,No
23.2,77.4,12.5,997.7,28.5,Yes
27.1,93.2,8.9,1015.1,27.3,Yes
20.2,77.0,31.4,994.7,76.7,Yes
30.5,57.1,38.4,1010.4,70.6,Yes
18.0,98.0,19.7,1018.0,90.3,Yes
17.9,23.1,1.7,1016.4,22.9,No
11.8,99.0,10.4,1002.9,78.6,Yes
13.7,88.0,6.3,1003.8,57.3,Yes
33.5,94.3,33.7,1007.2,30.9,Yes
21.4,40.4,3.4,1013.3,3.5,No
14.8,31.4,38.7,997.8,81.9,Yes
30.8,73.1,23.5,1011.9,24.1,No
24.6,61.3,20.7,1014.2,63.2,Yes
8.6,61.9,33.9,1010.0,54.9,Yes
17.5,94.0,1.1,1015.7,0.4,Yes
13.3,69.6,31.1,1013.6,99.4,Yes
27.7,44.9,4.7,1008.2,81.4,Yes
16.3,52.0,33.6,998.4,48.6,Yes
9.9,30.7,21.2,1012.9,68.0,No
9.6,35.4,2.4,1005.3,47.7,No
25.5,31.5,33.3,1008.0,74.5,No
8.7,84.8,1.1,1015.4,13.4,Yes
33.5,76.4,5.5,1021.9,44.6,No
12.7,62.4,31.9,1011.7,33.6,No
26.2,49.9,18.6,1015.9,46.0,No
21.3,73.5,35.3,1001.9,45.0,Yes
21.3,85.0,25.4,1013.7,14.3,Yes
10.2,90.5,24.9,1011.6,97.6,Yes
32.1,63.8,11.7,1020.6,1.5,No
34.8,85.6,5.3,1008.2,1.0,No
8.3,60.9,38.4,1010.3,37.3,Yes
13.4,58.0,4.2,1019.4,62.0,Yes
35.1,89.2,21.2,1011.4,18.0,Yes
24.5,50.9,10.9,1004.2,53.3,Yes
12.5,51.7,10.6,1029.9,72.3,Yes
14.1,44.4,23.8,1004.4,9.4,No
27.8,61.5,31.9,1011.5,98.4,Yes
29.7,63.6,31.1,1014.4,33.7,Yes
26.0,72.8,34.8,1013.9,64.2,Yes
36.6,54.4,11.7,1010.7,11.1,No
22.8,37.4,18.6,1010.7,70.9,No
17.0,89.3,0.4,1010.4,84.0,Yes
22.3,47.7,29.9,1004.2,10.5,No
18.8,93.8,12.1,1027.1,12.6,No
14.7,36.6,22.5,1010.5,28.1,No
9.4,64.8,6.8,1016.2,1.2,No
18.6,62.9,32.8,1009.7,98.6,Yes
29.3,86.3,32.7,1009.5,59.8,Yes
8.6,31.1,35.1,1008.8,60.8,No
21.2,92.8,1.8,1001.2,95.9,Yes
27.3,62.5,39.7,1010.9,83.2,Yes
26.3,66.9,9.9,1009.2,81.4,Yes
31.3,60.8,12.4,1020.2,34.0,No
32.3,22.9,10.0,1003.6,33.5,No
29.4,59.8,10.7,1008.0,29.2,No
11.1,41.1,22.1,1005.7,34.7,No
22.3,47.4,9.6,1022.1,37.0,No
26.1,71.9,15.8,1005.9,14.0,Yes
15.4,59.8,26.2,1015.9,35.6,No
9.3,27.5,33.4,1018.8,44.7,No
14.7,25.8,27.7,1011.0,30.9,No
21.6,34.9,23.8,1002.4,16.5,No
20.4,35.3,5.9,1002.5,37.3,No
13.3,68.7,32.6,1018.0,48.1,Yes
32.7,34.2,1.5,1003.2,72.1,No
35.8,90.5,10.6,1014.7,71.1,Yes
14.0,36.8,2.3,1012.8,20.3,No
35.9,27.3,26.7,1014.6,3.7,No
8.5,90.1,14.7,1015.3,30.4,Yes
35.7,43.6,26.1,1005.5,15.7,No
36.6,54.0,13.9,1005.2,39.6,No
,96.7,18.2,1017.0,97.9,Yes
30.9,95.5,18.3,1007.6,18.1,Yes
37.1,77.2,1.8,992.7,31.9,Yes
35.2,25.5,17.2,1016.5,72.5,No
37.1,67.5,25.6,1004.7,50.9,Yes
24.5,99.1,21.8,1015.3,4.4,Yes
10.3,95.8,3.0,,16.2,Yes
33.5,28.5,26.7,1012.1,93.5,No
26.4,51.7,12.4,1019.0,10.3,No
26.4,45.2,0.6,1013.1,63.5,No
20.5,,6.2,1023.1,79.2,No
25.2,75.6,19.9,1004.6,26.5,Yes
12.6,41.9,12.4,1011.9,72.5,No
30.2,47.6,27.8,1016.7,17.0,No
10.3,27.2,9.6,1010.7,28.5,No
29.9,59.8,30.9,1020.1,31.2,No
33.5,32.7,11.5,1009.0,99.6,No
22.2,54.6,24.8,1026.5,21.5,No
23.3,31.5,32.0,1026.9,12.9,No
17.4,96.3,15.4,1014.0,92.6,Yes
37.1,31.6,1.9,1015.9,16.2,No
30.0,61.8,21.4,1020.3,87.9,Yes
19.1,35.8,39.8,1003.7,65.0,Yes
13.2,26.1,38.8,1002.8,57.7,No
14.6,36.2,8.8,1020.8,75.1,No
21.9,24.4,30.2,1013.9,72.6,No
36.3,,13.8,1010.4,11.1,No
30.0,59.5,6.4,1012.1,99.9,Yes
14.5,72.1,26.6,995.3,94.2,Yes
33.8,27.0,20.0,1010.7,89.7,No
19.3,55.3,21.6,1006.7,62.2,Yes
33.6,66.5,33.1,1018.4,52.3,No
15.3,38.7,13.5,1019.0,53.6,No
26.6,49.8,26.7,1016.0,1.5,No
35.8,25.7,14.6,1014.8,49.9,No
15.7,37.6,1.7,1001.5,62.4,Yes
28.8,57.3,15.1,1016.1,65.9,Yes
37.6,99.2,38.0,1016.4,33.2,Yes
12.5,99.7,19.3,1020.7,47.1,Yes
10.7,98.4,4.3,1026.8,63.6,Yes
28.2,53.8,27.5,1000.2,42.8,Yes
18.2,26.5,38.5,1009.3,96.2,Yes
10.1,45.9,36.3,1006.8,70.5,Yes
22.3,39.0,22.9,1013.2,0.1,No
30.6,21.1,15.1,1012.1,2.3,No
16.6,27.6,23.2,1010.4,69.0,No
18.1,56.3,32.6,1019.2,41.3,No
33.4,47.2,34.4,1004.3,83.9,Yes
23.6,34.4,32.8,1004.7,17.3,No
