zone_code,height_code,item_category_code,price,discount_percent,daily_customer_traffic,nearby_promotion,city_code,movement
3,2,8,766.0,30.0,260.0,1,1,Slow
4,1,6,1145.0,15.0,251.0,1,1,Fast
5,1,7,682.0,30.0,140.0,0,2,Slow
5,1,2,1354.0,25.0,100.0,0,1,Ignored
2,2,3,561.0,5.0,255.0,0,1,Slow
1,2,8,1350.0,15.0,376.0,1,1,Fast
3,3,3,680.0,30.0,316.0,0,1,Slow
4,2,5,1032.0,10.0,242.0,0,2,Ignored
3,2,2,8888888.0,10.0,382.0,1,1,Fast
1,3,7,1269.0,5.0,408.0,0,2,Slow
3,2,1,610.0,25.0,290.0,1,1,Fast
4,3,4,536.0,20.0,221.0,0,1,Slow
5,3,3,847.0,10.0,157.0,0,1,Ignored
6,2,8,3006.0,15.0,81.0,1,1,Ignored
2,2,6,538.0,15.0,370.0,0,1,Fast
5,2,2,3434.0,30.0,143.0,1,2,Ignored
1,3,3,694.0,0.0,362.0,1,1,Slow
4,3,8,1469.0,20.0,218.0,1,1,Slow
1,2,6,2234.0,0.0,378.0,0,2,Slow
5,2,8,928.0,25.0,140.0,0,1,Ignored
6,3,5,1105.0,20.0,55.0,1,2,Ignored
5,1,8,937.0,10.0,159.0,1,1,Slow
4,3,8,367.0,0.0,260.0,0,2,Ignored
5,1,8,434.0,10.0,149.0,1,1,Slow
3,2,4,185.0,0.0,338.0,0,1,Slow
5,1,1,1544.0,0.0,197.0,0,1,Ignored
6,1,4,3209.0,0.0,123.0,1,1,Ignored
5,1,4,1721.0,10.0,186.0,0,1,Ignored
3,3,3,250.0,25.0,270.0,0,2,Slow
1,1,5,1045.0,30.0,373.0,1,1,Fast
2,1,1,824.0,10.0,326.0,0,2,Fast
6,3,6,1468.0,15.0,85.0,0,1,Ignored
3,2,2,1789.0,30.0,277.0,1,2,Slow
1,3,2,2468.0,5.0,396.0,0,2,Slow
6,2,5,2593.0,25.0,,1,1,Ignored
5,2,7,1147.0,30.0,158.0,1,1,Ignored
3,2,6,862.0,25.0,282.0,0,1,Slow
6,2,2,1219.0,15.0,29.0,0,1,Ignored
6,3,1,2122.0,10.0,136.0,1,1,Ignored
4,2,4,2405.0,20.0,186.0,0,1,Ignored
3,3,8,471.0,15.0,346.0,0,1,Slow
1,2,5,274.0,30.0,327.0,1,1,Fast
1,1,5,1633.0,25.0,320.0,0,2,Fast
5,1,2,379.0,10.0,167.0,0,1,Slow
2,1,1,2261.0,0.0,342.0,0,1,Fast
1,2,5,1495.0,0.0,384.0,1,2,Slow
1,3,7,1292.0,15.0,370.0,1,2,Slow
3,3,6,136.0,20.0,298.0,0,1,Fast
5,1,2,704.0,20.0,118.0,1,2,Slow
3,2,2,1045.0,15.0,302.0,0,1,Slow
1,3,5,2826.0,15.0,367.0,1,2,Slow
3,1,3,1183.0,30.0,320.0,1,2,Fast
1,2,7,305.0,0.0,343.0,1,2,Fast
4,1,5,2602.0,25.0,254.0,0,2,Fast
6,1,3,1210.0,0.0,104.0,0,2,Ignored
3,1,6,829.0,20.0,294.0,0,2,Fast
4,3,3,1669.0,15.0,266.0,1,2,Slow
4,1,4,1157.0,25.0,210.0,0,1,Fast
5,1,7,693.0,10.0,129.0,1,1,Slow
2,2,7,2232.0,25.0,332.0,1,1,Fast
4,3,3,3760.0,15.0,198.0,1,1,Ignored
5,2,5,3417.0,15.0,165.0,1,1,Ignored
6,1,5,2522.0,20.0,100.0,1,1,Slow
3,1,3,949.0,5.0,314.0,0,1,Slow
5,2,7,1372.0,15.0,127.0,1,1,Ignored
4,1,7,906.0,0.0,,0,2,Slow
3,3,1,899.0,5.0,275.0,0,1,Slow
6,3,3,3521.0,0.0,95.0,0,1,Ignored
5,3,2,728.0,25.0,107.0,0,2,Ignored
3,2,5,801.0,15.0,351.0,1,1,Fast
2,2,3,873.0,10.0,298.0,0,2,Slow
1,3,4,2074.0,15.0,347.0,0,1,Slow
4,2,4,509.0,20.0,228.0,1,1,Slow
6,2,4,467.0,0.0,76.0,0,2,Ignored
1,2,1,588.0,25.0,355.0,0,2,Fast
6,1,3,168.0,20.0,65.0,0,1,Slow
1,2,4,1121.0,0.0,416.0,1,2,Fast
1,3,4,3126.0,5.0,358.0,0,1,Ignored
6,1,2,864.0,25.0,63.0,1,2,Ignored
2,3,8,212.0,30.0,342.0,0,2,Fast
3,3,8,1900.0,30.0,337.0,0,1,Slow
1,2,1,601.0,5.0,327.0,0,2,Slow
5,3,4,486.0,25.0,108.0,0,1,Ignored
6,3,1,2536.0,5.0,81.0,0,1,Ignored
2,3,6,1194.0,10.0,304.0,1,2,Slow
5,3,5,902.0,30.0,134.0,1,1,Ignored
2,1,2,2408.0,15.0,253.0,0,1,Fast
2,2,3,561.0,10.0,373.0,1,2,Slow
6,1,5,2381.0,15.0,26.0,0,2,Ignored
1,3,6,260.0,25.0,298.0,1,1,Fast
5,1,2,2958.0,15.0,134.0,1,2,Ignored
6,1,2,2148.0,15.0,109.0,0,2,Ignored
3,3,1,1605.0,25.0,313.0,1,2,Fast
4,3,2,1455.0,15.0,241.0,0,1,Ignored
6,2,3,180.0,5.0,115.0,0,1,Ignored
6,1,2,3018.0,30.0,82.0,1,1,Slow
1,1,4,1113.0,0.0,335.0,1,1,Fast
3,3,7,383.0,10.0,340.0,1,1,Slow
1,2,3,646.0,30.0,321.0,0,2,Fast
1,1,1,870.0,15.0,364.0,0,2,Fast
3,2,8,569.0,15.0,351.0,0,1,Slow
3,3,1,486.0,25.0,339.0,0,1,Slow
3,2,8,594.0,15.0,334.0,1,2,Slow
3,2,7,2871.0,30.0,268.0,1,2,Fast
3,1,4,1514.0,30.0,342.0,1,2,Fast
4,3,7,2001.0,5.0,179.0,1,2,Ignored
6,3,1,753.0,5.0,173.0,1,2,Ignored
5,3,3,1114.0,15.0,140.0,0,1,Ignored
3,3,4,1649.0,20.0,335.0,1,1,Slow
4,1,6,868.0,15.0,245.0,0,1,Fast
5,3,4,2113.0,0.0,173.0,1,2,Ignored
6,2,4,2155.0,10.0,73.0,0,2,Ignored
6,2,3,1134.0,30.0,100.0,1,2,Ignored
2,1,1,1958.0,30.0,377.0,0,1,Fast
3,2,4,2458.0,25.0,285.0,0,2,Slow
4,3,3,1252.0,15.0,264.0,1,1,Slow
4,2,3,1243.0,5.0,237.0,0,2,Ignored
5,1,2,313.0,15.0,152.0,0,2,Slow
3,1,5,1670.0,15.0,262.0,1,1,Fast
5,3,2,430.0,30.0,141.0,0,1,Ignored
5,1,3,1299.0,5.0,143.0,0,1,Ignored
3,3,6,2087.0,25.0,277.0,0,1,Slow
1,2,2,1118.0,30.0,362.0,0,2,Fast
2,2,8,2253.0,20.0,360.0,1,1,Fast
6,1,1,3876.0,10.0,94.0,0,1,Ignored
1,2,6,964.0,30.0,402.0,0,2,Fast
5,3,8,1110.0,10.0,109.0,1,1,Ignored
4,3,3,1625.0,5.0,298.0,0,1,Ignored
4,2,2,1294.0,15.0,198.0,1,1,Slow
1,2,1,271.0,10.0,344.0,0,2,Fast
5,3,4,1924.0,30.0,175.0,0,1,Ignored
6,2,4,1438.0,0.0,96.0,1,1,Ignored
6,1,3,4217.0,5.0,106.0,0,1,Ignored
4,2,7,600.0,0.0,243.0,1,1,Slow
6,1,1,1149.0,30.0,118.0,0,2,Ignored
3,1,4,3193.0,,334.0,1,1,Fast
3,2,6,1013.0,25.0,301.0,0,2,Fast
2,3,1,412.0,10.0,313.0,1,1,Slow
3,2,8,4868.0,10.0,338.0,1,1,Slow
6,2,1,2377.0,10.0,75.0,1,1,Ignored
3,1,6,717.0,30.0,360.0,1,2,Fast
2,3,1,1375.0,30.0,381.0,0,1,Fast
3,2,2,1159.0,5.0,275.0,1,1,Slow
3,1,7,1291.0,10.0,328.0,0,2,Fast
1,3,5,424.0,10.0,372.0,0,2,Slow
4,2,6,490.0,10.0,259.0,1,1,Slow
1,2,4,942.0,25.0,382.0,0,1,Fast
3,3,6,233.0,20.0,297.0,1,1,Slow
6,1,6,1229.0,5.0,94.0,0,1,Ignored
2,1,3,692.0,5.0,370.0,0,1,Fast
2,2,5,315.0,10.0,321.0,0,1,Slow
6,1,4,952.0,10.0,81.0,0,2,Ignored
1,1,8,2755.0,15.0,401.0,1,1,Fast
2,1,6,303.0,15.0,332.0,1,1,Fast
1,2,6,4074.0,20.0,371.0,0,1,Fast
5,3,2,1893.0,0.0,101.0,0,1,Ignored
1,1,6,175.0,15.0,315.0,0,2,Fast
5,1,6,368.0,30.0,141.0,0,2,Fast
6,1,6,969.0,15.0,99.0,0,1,Ignored
1,2,8,7368.0,5.0,376.0,0,2,Slow
4,1,6,1474.0,25.0,233.0,1,1,Fast
2,2,5,344.0,20.0,357.0,0,1,Slow
1,1,1,511.0,25.0,293.0,0,2,Fast
2,1,8,1101.0,25.0,345.0,1,1,Fast
4,3,2,676.0,25.0,249.0,0,1,Ignored
2,3,7,2737.0,20.0,368.0,1,2,Slow
4,1,8,2196.0,15.0,263.0,0,1,Slow
1,3,8,2693.0,20.0,404.0,1,1,Fast
3,2,6,3406.0,25.0,326.0,1,1,Slow
1,3,1,1056.0,0.0,380.0,0,2,Slow
1,3,7,561.0,0.0,353.0,0,1,Slow
1,3,2,755.0,5.0,372.0,0,2,Slow
6,3,8,824.0,15.0,69.0,0,1,Ignored
3,3,7,1035.0,25.0,310.0,1,1,Fast
4,3,1,1628.0,30.0,229.0,0,1,Slow
6,1,1,1230.0,15.0,134.0,0,2,Ignored
4,2,7,917.0,25.0,206.0,0,2,Slow
5,2,2,201.0,20.0,180.0,0,1,Ignored
3,1,2,1019.0,25.0,318.0,0,2,Fast
6,1,4,380.0,25.0,91.0,1,2,Slow
3,3,5,727.0,25.0,269.0,1,1,Slow
3,3,4,1898.0,30.0,319.0,0,2,Slow
5,2,7,2294.0,5.0,143.0,0,2,Ignored
1,3,8,1869.0,15.0,368.0,0,2,Slow
1,1,1,1114.0,25.0,335.0,1,1,Fast
5,1,3,715.0,15.0,159.0,1,1,Slow
4,2,3,1723.0,30.0,187.0,0,2,Slow
6,1,6,1486.0,10.0,88.0,0,1,Ignored
1,1,2,1207.0,30.0,367.0,1,1,Fast
1,3,7,2548.0,30.0,345.0,0,2,Fast
4,2,2,1111.0,25.0,218.0,0,1,Slow
5,2,7,1068.0,0.0,166.0,1,1,Ignored
1,3,4,864.0,30.0,377.0,1,1,Fast
6,1,7,403.0,30.0,61.0,0,1,Slow
3,1,2,1358.0,15.0,298.0,1,1,Fast
5,3,1,1042.0,10.0,142.0,1,1,Ignored
5,1,1,442.0,20.0,159.0,0,2,Slow
2,1,7,3183.0,5.0,363.0,1,1,Fast
2,3,6,1849.0,15.0,357.0,0,1,Slow
1,2,4,1438.0,20.0,310.0,0,1,Fast
5,2,3,923.0,15.0,188.0,1,2,Ignored
6,3,8,1759.0,5.0,88.0,1,2,Ignored
5,2,8,1711.0,30.0,116.0,1,2,Ignored
6,1,4,1251.0,5.0,129.0,1,1,Ignored
6,2,3,1189.0,10.0,61.0,1,1,Ignored
2,1,7,1010.0,10.0,302.0,1,1,Fast
5,2,8,1007.0,20.0,119.0,1,1,Slow
4,2,5,263.0,10.0,217.0,0,1,Slow
2,1,3,1647.0,5.0,318.0,1,1,Fast
2,3,2,2361.0,10.0,326.0,0,2,Ignored
5,1,2,1461.0,30.0,176.0,0,2,Slow
3,3,8,4043.0,15.0,304.0,1,1,Slow
1,3,4,1611.0,20.0,341.0,0,1,Slow
6,2,5,1311.0,5.0,99.0,1,2,Ignored
4,3,6,712.0,15.0,244.0,0,2,Slow
4,3,4,1551.0,25.0,259.0,0,1,Ignored
6,1,7,1253.0,25.0,81.0,1,1,Slow
2,3,2,1227.0,5.0,317.0,0,1,Slow
2,1,7,1851.0,20.0,323.0,0,2,Fast
5,3,3,681.0,20.0,164.0,0,1,Ignored
5,1,8,987.0,15.0,151.0,1,1,Slow
6,2,7,1711.0,10.0,53.0,0,1,Ignored
3,3,7,1908.0,15.0,329.0,0,1,Ignored
2,2,4,612.0,0.0,427.0,0,2,Slow
6,1,1,342.0,0.0,107.0,0,1,Ignored
6,3,5,526.0,30.0,33.0,0,2,Ignored
1,3,2,3284.0,15.0,355.0,0,2,Slow
1,1,3,765.0,25.0,308.0,1,2,Fast
6,1,3,1174.0,,74.0,1,2,Slow
2,3,1,961.0,30.0,348.0,0,1,Fast
4,1,1,1466.0,30.0,235.0,0,1,Slow
5,3,5,1626.0,10.0,151.0,0,2,Ignored
2,3,3,1100.0,25.0,349.0,1,1,Slow
6,2,1,547.0,10.0,,0,2,Ignored
3,3,8,679.0,0.0,314.0,0,2,Ignored
1,2,4,327.0,25.0,349.0,0,1,Fast
5,2,6,1188.0,10.0,130.0,0,2,Ignored
3,2,7,928.0,25.0,324.0,0,2,Fast
1,3,7,651.0,0.0,336.0,1,2,Slow
5,1,5,1035.0,0.0,143.0,1,1,Slow
5,2,5,1330.0,20.0,178.0,0,2,Ignored
4,2,5,791.0,0.0,203.0,0,1,Ignored
6,3,3,927.0,0.0,104.0,0,2,Ignored
4,3,7,2736.0,5.0,279.0,0,1,Ignored
4,3,5,678.0,5.0,188.0,0,1,Ignored
3,1,7,1459.0,5.0,310.0,0,2,Fast
3,1,1,1447.0,0.0,318.0,1,1,Fast
6,1,4,1569.0,25.0,47.0,0,2,Ignored
5,1,4,600.0,25.0,128.0,0,1,Ignored
6,1,1,3258.0,20.0,121.0,1,1,Slow
4,3,4,982.0,15.0,232.0,1,2,Slow
6,2,1,2008.0,30.0,93.0,1,1,Ignored
2,2,4,3598.0,5.0,293.0,1,2,Slow
4,3,5,375.0,20.0,190.0,0,2,Ignored
6,1,5,1325.0,0.0,61.0,0,1,Ignored
2,3,6,1581.0,10.0,323.0,1,2,Fast
5,2,1,1037.0,0.0,147.0,0,1,Ignored
5,3,4,609.0,25.0,108.0,0,1,Ignored
3,3,1,514.0,30.0,324.0,0,2,Slow
5,3,1,769.0,20.0,132.0,0,1,Ignored
2,3,8,266.0,20.0,364.0,1,2,Fast
3,3,3,761.0,25.0,288.0,1,1,Slow
6,1,6,1194.0,25.0,89.0,0,1,Ignored
4,2,6,2609.0,20.0,242.0,0,2,Ignored
6,3,1,1455.0,25.0,86.0,0,1,Ignored
5,1,4,2167.0,25.0,111.0,0,1,Slow
3,1,3,2151.0,25.0,353.0,1,2,Fast
3,1,4,588.0,25.0,313.0,0,1,Fast
5,1,5,1087.0,0.0,111.0,0,1,Ignored
2,3,1,3157.0,15.0,273.0,0,2,Slow
2,1,2,383.0,15.0,263.0,1,1,Fast
5,2,5,1683.0,15.0,95.0,1,2,Ignored
4,1,7,936.0,15.0,231.0,1,1,Fast
6,2,5,2714.0,10.0,79.0,1,1,Ignored
1,3,7,168.0,25.0,401.0,1,2,Fast
6,1,8,,20.0,20.0,0,1,Ignored
2,3,1,2170.0,0.0,333.0,0,1,Ignored
5,1,4,2194.0,20.0,110.0,0,1,Slow
2,2,3,500.0,30.0,373.0,1,1,Fast
5,3,8,563.0,20.0,183.0,0,1,Ignored
6,1,4,1041.0,10.0,122.0,1,2,Ignored
5,3,2,3198.0,10.0,141.0,1,2,Ignored
2,3,6,819.0,20.0,331.0,0,2,Fast
1,3,1,5004.0,15.0,392.0,0,2,Slow
1,3,1,1621.0,30.0,346.0,0,1,Slow
6,3,2,339.0,20.0,151.0,1,1,Ignored
2,2,5,732.0,5.0,340.0,1,1,Fast
2,3,2,880.0,25.0,347.0,1,1,Fast
2,3,3,1161.0,15.0,308.0,0,1,Slow
5,3,1,2971.0,15.0,116.0,0,2,Ignored
4,3,8,3203.0,5.0,257.0,1,1,Ignored
5,3,6,722.0,15.0,153.0,0,1,Ignored
3,3,8,1021.0,10.0,342.0,1,2,Slow
3,3,7,734.0,5.0,305.0,0,1,Ignored
5,3,7,1186.0,5.0,117.0,0,2,Ignored
3,3,5,4337.0,30.0,326.0,1,1,Slow
1,2,4,1414.0,25.0,366.0,0,2,Slow
4,1,3,2191.0,15.0,187.0,1,1,Fast
4,1,3,1187.0,20.0,240.0,1,1,Fast
3,3,2,465.0,20.0,311.0,1,1,Slow
2,1,2,2300.0,15.0,343.0,0,1,Fast
5,2,3,1770.0,15.0,127.0,0,1,Ignored
4,1,8,663.0,0.0,208.0,1,1,Slow
2,1,6,1778.0,20.0,363.0,0,2,Fast
3,2,5,278.0,0.0,306.0,0,1,Slow
1,3,6,198.0,0.0,363.0,1,1,Fast
5,3,1,1129.0,10.0,134.0,1,1,Ignored
6,3,3,1888.0,25.0,125.0,0,1,Ignored
1,3,8,2079.0,15.0,355.0,0,1,Slow
5,3,3,1582.0,15.0,90.0,0,1,Ignored
4,2,6,1565.0,5.0,255.0,0,1,Ignored
3,3,1,1568.0,20.0,340.0,1,1,Slow
3,1,1,2720.0,10.0,277.0,0,1,Slow
2,2,6,894.0,10.0,327.0,1,1,Fast
3,2,5,3176.0,5.0,283.0,1,2,Ignored
5,1,6,849.0,25.0,114.0,0,1,Ignored
6,3,8,1721.0,10.0,115.0,1,1,Ignored
4,3,7,1747.0,30.0,210.0,0,1,Slow
6,2,5,1262.0,20.0,65.0,0,1,Ignored
1,2,5,951.0,20.0,419.0,1,1,Fast
5,3,8,695.0,5.0,178.0,1,1,Ignored
2,1,5,2065.0,5.0,315.0,0,1,Fast
1,3,4,2742.0,0.0,397.0,1,1,Slow
6,2,8,334.0,20.0,107.0,1,1,Ignored
2,3,1,1561.0,20.0,351.0,0,1,Slow
2,2,4,744.0,10.0,289.0,0,1,Slow
1,2,8,1515.0,10.0,371.0,0,1,Slow
3,1,1,732.0,15.0,288.0,0,1,Fast
1,3,4,2894.0,20.0,373.0,1,1,Fast
4,1,4,2285.0,15.0,260.0,1,1,Fast
2,3,8,4746.0,30.0,366.0,0,1,Slow
3,2,4,758.0,0.0,335.0,0,2,Slow
6,2,2,524.0,25.0,76.0,1,2,Ignored
2,3,4,943.0,5.0,328.0,1,1,Slow
4,2,8,411.0,0.0,267.0,0,2,Slow
6,3,8,1969.0,25.0,112.0,1,1,Ignored
1,2,8,3403.0,0.0,352.0,0,1,Ignored
2,2,6,1772.0,0.0,297.0,0,1,Slow
4,2,7,2387.0,25.0,257.0,0,1,Slow
1,3,7,1634.0,20.0,306.0,0,2,Slow
1,3,4,2394.0,20.0,431.0,1,1,Slow
4,3,6,1168.0,25.0,288.0,1,1,Slow
4,3,7,1155.0,30.0,233.0,0,1,Slow
4,2,4,818.0,15.0,226.0,0,1,Slow
4,1,4,457.0,30.0,220.0,0,1,Fast
6,3,3,1551.0,20.0,110.0,0,1,Ignored
1,2,1,4291.0,25.0,368.0,1,1,Fast
2,2,2,726.0,10.0,316.0,1,1,Fast
5,1,5,1902.0,30.0,176.0,1,2,Fast
1,1,7,408.0,10.0,329.0,0,1,Fast
1,2,7,340.0,0.0,314.0,0,1,Slow
4,1,6,1565.0,0.0,254.0,0,1,Slow
5,3,2,1625.0,5.0,145.0,1,1,Ignored
5,3,2,1803.0,30.0,125.0,0,1,Ignored
3,3,3,873.0,30.0,325.0,1,2,Fast
1,1,4,3872.0,25.0,407.0,0,1,Fast
5,3,7,1216.0,15.0,91.0,0,1,Ignored
2,3,4,936.0,5.0,388.0,0,1,Slow
3,2,8,2758.0,10.0,315.0,0,2,Slow
1,2,2,1160.0,5.0,373.0,1,2,Fast
5,1,7,845.0,30.0,124.0,0,1,Slow
6,3,4,6158.0,15.0,96.0,0,1,Ignored
5,3,7,1202.0,5.0,130.0,1,1,Ignored
5,1,5,1212.0,10.0,130.0,0,2,Ignored
4,2,5,2062.0,25.0,246.0,0,1,Slow
2,3,2,1016.0,25.0,354.0,0,1,Slow
3,1,4,1136.0,20.0,375.0,0,1,Fast
6,1,2,524.0,5.0,111.0,1,2,Slow
1,3,6,623.0,25.0,383.0,0,1,Fast
5,2,7,1721.0,30.0,160.0,0,1,Ignored
6,2,7,1516.0,15.0,63.0,0,2,Ignored
5,3,1,786.0,25.0,171.0,1,2,Ignored
4,2,1,1285.0,0.0,278.0,1,1,Ignored
3,3,2,605.0,10.0,307.0,0,2,Slow
5,1,6,,15.0,149.0,0,2,Slow
1,2,7,2470.0,20.0,350.0,0,1,Slow
1,1,3,2244.0,30.0,306.0,0,2,Fast
3,3,5,3536.0,30.0,333.0,1,1,Slow
5,1,3,1691.0,5.0,117.0,0,1,Ignored
3,1,4,2353.0,5.0,293.0,0,1,Slow
5,1,1,1432.0,0.0,119.0,0,1,Ignored
1,1,7,339.0,5.0,376.0,0,1,Fast
6,1,4,1303.0,25.0,97.0,1,1,Slow
3,2,2,1275.0,10.0,291.0,1,1,Fast
3,2,7,832.0,15.0,251.0,1,2,Fast
1,1,7,1083.0,,370.0,1,1,Fast
5,3,6,843.0,30.0,127.0,1,1,Ignored
6,1,7,1911.0,30.0,85.0,1,2,Slow
4,3,2,738.0,15.0,215.0,1,2,Slow
3,1,2,587.0,5.0,323.0,0,2,Fast
6,2,5,1366.0,25.0,106.0,1,2,Ignored
5,3,2,1967.0,20.0,107.0,0,1,Ignored
1,2,2,944.0,30.0,315.0,0,1,Slow
1,1,6,1390.0,0.0,353.0,1,2,Fast
2,3,5,1636.0,15.0,319.0,1,1,Slow
5,3,5,579.0,25.0,129.0,0,1,Ignored
1,1,8,1351.0,0.0,364.0,0,1,Fast
2,2,6,909.0,10.0,357.0,0,1,Slow
5,3,2,626.0,10.0,144.0,1,1,Ignored
6,1,6,2989.0,20.0,71.0,0,1,Ignored
4,3,2,470.0,5.0,249.0,0,1,Ignored
6,1,6,1871.0,25.0,60.0,0,1,Ignored
4,3,4,713.0,15.0,281.0,0,2,Slow
5,1,5,294.0,25.0,160.0,1,2,Fast
3,3,7,1678.0,30.0,287.0,1,2,Slow
4,1,8,1861.0,20.0,261.0,0,1,Fast
3,1,1,1172.0,25.0,295.0,0,2,Fast
1,1,4,438.0,5.0,409.0,0,1,Fast
2,1,8,195.0,0.0,296.0,0,1,Fast
1,1,5,852.0,25.0,387.0,0,1,Fast
1,1,2,299.0,20.0,50000.0,0,1,Fast
4,2,7,1275.0,30.0,258.0,1,1,Fast
3,1,3,664.0,5.0,303.0,0,1,Fast
4,3,3,2382.0,15.0,224.0,1,1,Slow
3,2,3,3285.0,30.0,350.0,0,2,Slow
1,2,2,1280.0,20.0,361.0,0,1,Fast
5,2,2,1056.0,30.0,102.0,0,1,Ignored
4,3,4,406.0,30.0,278.0,0,1,Slow
4,2,2,969.0,15.0,243.0,0,2,Ignored
5,3,7,340.0,30.0,98.0,0,1,Ignored
2,2,6,2004.0,25.0,310.0,0,1,Slow
4,3,6,1013.0,0.0,259.0,0,1,Ignored
2,3,2,432.0,5.0,390.0,1,2,Fast
4,3,6,1464.0,20.0,274.0,0,2,Ignored
1,3,5,2440.0,0.0,386.0,0,2,Slow
6,2,5,2619.0,5.0,73.0,0,1,Ignored
3,2,7,3939.0,0.0,346.0,0,1,Slow
6,3,5,934.0,20.0,75.0,0,1,Ignored
1,1,2,579.0,20.0,393.0,1,2,Fast
1,1,2,1092.0,15.0,377.0,1,2,Fast
5,2,4,1963.0,5.0,99.0,0,1,Ignored
6,2,4,1040.0,15.0,93.0,0,1,Ignored
1,1,1,980.0,25.0,373.0,0,2,Fast
6,3,6,1479.0,5.0,69.0,0,2,Ignored
1,1,5,1973.0,15.0,328.0,1,1,Fast
1,3,2,274.0,10.0,417.0,0,1,Fast
3,3,1,265.0,20.0,291.0,0,2,Slow
6,3,2,1638.0,5.0,87.0,0,2,Ignored
4,1,8,1975.0,0.0,173.0,1,2,Slow
2,2,3,3100.0,15.0,297.0,0,1,Slow
2,2,6,2066.0,15.0,324.0,0,1,Slow
4,2,3,2113.0,30.0,258.0,0,1,Ignored
6,3,3,1637.0,5.0,110.0,0,1,Ignored
2,3,7,1225.0,25.0,341.0,0,1,Slow
2,1,8,1463.0,30.0,295.0,1,2,Fast
2,3,8,507.0,5.0,304.0,0,2,Slow
2,2,8,1288.0,25.0,311.0,0,1,Slow
1,1,1,1555.0,10.0,323.0,0,1,Fast
6,3,7,1154.0,15.0,88.0,0,1,Ignored
2,1,7,1522.0,10.0,313.0,1,2,Fast
2,3,3,1026.0,30.0,328.0,1,2,Slow
3,3,6,2051.0,10.0,302.0,0,1,Ignored
6,1,7,1858.0,30.0,82.0,1,2,Slow
2,1,4,257.0,25.0,335.0,1,1,Fast
2,1,1,1427.0,5.0,369.0,0,2,Fast
1,1,4,1903.0,0.0,318.0,0,2,Fast
2,3,1,1252.0,0.0,362.0,0,2,Slow
6,1,2,3897.0,5.0,122.0,1,1,Ignored
4,1,2,1287.0,5.0,244.0,0,1,Slow
1,2,5,1567.0,0.0,346.0,0,1,Slow
6,3,7,529.0,15.0,105.0,1,2,Ignored
5,3,3,677.0,25.0,110.0,1,1,Ignored
5,1,6,3455.0,15.0,104.0,1,1,Ignored
3,2,6,1221.0,0.0,277.0,0,1,Ignored
4,1,7,298.0,15.0,249.0,1,2,Fast
3,3,5,1486.0,0.0,279.0,1,1,Slow
1,3,8,3384.0,30.0,352.0,0,1,Slow
1,2,2,2084.0,25.0,378.0,0,2,Fast
3,3,6,1060.0,10.0,258.0,0,2,Ignored
5,2,4,730.0,15.0,116.0,1,1,Ignored
5,1,4,1729.0,15.0,146.0,0,2,Ignored
3,1,1,1241.0,20.0,263.0,1,2,Fast
5,3,1,1864.0,0.0,141.0,0,1,Ignored
5,1,2,534.0,10.0,149.0,1,2,Ignored
4,2,6,379.0,30.0,256.0,0,2,Slow
2,3,8,781.0,10.0,335.0,1,1,Slow
1,3,1,1120.0,15.0,397.0,0,1,Fast
2,1,6,856.0,0.0,313.0,0,1,Fast
4,3,3,3812.0,25.0,207.0,0,1,Ignored
4,1,5,1722.0,15.0,286.0,0,1,Slow
6,1,5,1211.0,25.0,91.0,1,2,Slow
5,1,2,791.0,25.0,142.0,0,2,Slow
4,3,1,1699.0,0.0,248.0,0,2,Ignored
4,2,8,1280.0,20.0,262.0,0,2,Ignored
1,1,8,3619.0,20.0,402.0,1,1,Fast
3,3,4,560.0,30.0,308.0,1,2,Fast
3,2,1,651.0,25.0,326.0,1,2,Fast
2,2,3,4889.0,20.0,298.0,0,2,Slow
2,1,6,407.0,25.0,352.0,1,1,Fast
5,2,1,450.0,30.0,124.0,1,1,Ignored
2,2,5,836.0,5.0,299.0,1,1,Slow
3,1,1,1237.0,20.0,269.0,0,1,Fast
6,2,1,378.0,30.0,75.0,0,1,Ignored
3,2,2,2031.0,30.0,336.0,0,1,Slow
4,2,6,2390.0,5.0,245.0,1,1,Slow
5,2,1,371.0,20.0,125.0,1,1,Ignored
1,3,6,499.0,30.0,336.0,0,1,Slow
4,2,5,421.0,10.0,264.0,0,2,Slow
6,2,5,557.0,15.0,63.0,1,2,Ignored
6,2,3,1146.0,5.0,41.0,1,1,Ignored
3,2,8,867.0,20.0,375.0,1,1,Fast
2,3,5,726.0,30.0,365.0,0,1,Fast
5,1,3,3388.0,0.0,134.0,1,2,Ignored
1,1,5,615.0,30.0,399.0,0,2,Fast
1,1,6,1759.0,15.0,365.0,0,2,Fast
3,2,6,5171.0,5.0,338.0,1,1,Slow
2,2,5,686.0,5.0,298.0,0,2,Slow
3,3,7,669.0,10.0,288.0,1,1,Slow
3,2,1,1007.0,0.0,311.0,1,1,Fast
2,1,5,1048.0,25.0,289.0,0,2,Fast
1,2,6,4267.0,0.0,347.0,1,1,Slow
2,1,2,991.0,15.0,340.0,1,1,Fast
1,3,4,3025.0,30.0,323.0,0,1,Slow
6,2,1,1412.0,5.0,62.0,1,1,Ignored
1,1,7,1089.0,20.0,323.0,1,1,Fast
1,3,2,1296.0,10.0,398.0,1,2,Slow
2,1,6,996.0,0.0,348.0,0,2,Fast
6,3,7,301.0,20.0,92.0,1,2,Ignored
4,2,8,2129.0,25.0,189.0,0,2,Slow
3,2,4,388.0,20.0,310.0,1,2,Fast
5,1,6,1085.0,5.0,123.0,0,1,Ignored
6,3,7,1235.0,30.0,76.0,1,2,Ignored
4,2,2,1377.0,15.0,252.0,0,1,Slow
2,3,3,1234.0,5.0,314.0,0,2,Slow
6,3,1,2125.0,5.0,142.0,0,1,Ignored
2,3,6,2255.0,30.0,303.0,0,2,Slow
3,2,3,1273.0,10.0,317.0,1,1,Slow
1,1,3,2136.0,5.0,367.0,0,1,Fast
2,3,4,515.0,25.0,304.0,1,1,Fast
4,3,7,343.0,0.0,238.0,0,2,Ignored
6,2,5,1076.0,5.0,168.0,1,1,Ignored
6,2,1,1765.0,5.0,105.0,1,1,Ignored
5,3,3,243.0,10.0,152.0,0,1,Ignored
1,2,4,1756.0,0.0,354.0,0,1,Slow
5,1,3,4469.0,25.0,114.0,0,1,Ignored
1,2,2,1165.0,25.0,381.0,0,2,Slow
5,3,3,973.0,5.0,146.0,0,1,Ignored
3,3,5,2652.0,20.0,270.0,0,2,Slow
6,1,2,1822.0,10.0,121.0,0,2,Ignored
2,3,4,1451.0,15.0,313.0,0,1,Ignored
1,2,6,1486.0,15.0,386.0,1,1,Fast
3,2,3,992.0,30.0,295.0,0,2,Slow
1,2,2,2223.0,0.0,384.0,1,2,Fast
5,2,3,220.0,25.0,168.0,0,1,Ignored
6,3,4,1136.0,30.0,100.0,0,1,Ignored
4,2,3,2528.0,15.0,212.0,1,2,Ignored
5,3,2,2673.0,30.0,172.0,1,2,Ignored
1,2,2,1557.0,5.0,342.0,0,1,Slow
6,2,2,1871.0,25.0,128.0,1,2,Ignored
1,1,3,567.0,0.0,342.0,0,1,Fast
5,1,5,509.0,25.0,139.0,0,1,Slow
3,1,4,2158.0,5.0,332.0,0,1,Slow
6,2,4,1844.0,20.0,37.0,1,1,Ignored
6,1,7,3954.0,25.0,79.0,1,1,Slow
2,3,4,6018.0,10.0,364.0,0,1,Ignored
2,1,5,1538.0,20.0,320.0,0,2,Fast
4,1,7,1366.0,25.0,263.0,0,1,Fast
5,3,3,1796.0,0.0,145.0,0,2,Ignored
4,3,8,1778.0,20.0,216.0,0,1,Ignored
5,2,6,2624.0,15.0,127.0,0,2,Ignored
6,1,5,855.0,0.0,123.0,0,1,Ignored
5,3,2,3343.0,0.0,166.0,0,1,Ignored
2,1,8,930.0,0.0,328.0,0,1,Slow
6,1,7,3346.0,25.0,109.0,0,2,Ignored
4,2,3,1673.0,5.0,195.0,1,1,Ignored
2,1,5,312.0,10.0,331.0,0,1,Fast
1,1,6,1165.0,25.0,331.0,0,2,Fast
3,2,4,1208.0,5.0,284.0,0,1,Ignored
1,2,5,2320.0,5.0,363.0,0,1,Slow
3,1,7,1050.0,25.0,280.0,0,1,Fast
4,1,4,1648.0,15.0,227.0,0,1,Slow
1,1,6,906.0,20.0,334.0,0,1,Fast
5,3,6,876.0,20.0,142.0,0,1,Ignored
2,2,5,1674.0,25.0,347.0,0,2,Slow
4,2,6,2759.0,15.0,255.0,1,2,Slow
2,2,4,731.0,30.0,368.0,0,2,Fast
2,2,6,581.0,25.0,366.0,0,1,Fast
1,3,7,2176.0,10.0,390.0,0,2,Slow
5,2,2,1306.0,25.0,154.0,1,1,Ignored
4,1,3,2142.0,20.0,228.0,0,2,Slow
5,2,6,1519.0,5.0,157.0,1,1,Ignored
2,2,6,972.0,20.0,398.0,1,1,Fast
4,3,5,1493.0,30.0,185.0,0,1,Ignored
3,1,6,320.0,5.0,318.0,0,1,Fast
5,1,7,2502.0,10.0,113.0,0,2,Ignored
2,1,6,814.0,5.0,364.0,1,1,Fast
2,3,4,2146.0,0.0,299.0,0,2,Ignored
4,3,1,1417.0,25.0,262.0,1,1,Slow
3,1,1,237.0,10.0,272.0,1,2,Fast
5,2,4,1424.0,30.0,130.0,1,1,Ignored
6,1,6,1583.0,10.0,65.0,1,1,Ignored
1,1,5,1698.0,20.0,359.0,0,1,Fast
2,2,1,2980.0,10.0,356.0,0,1,Slow
3,3,5,856.0,25.0,312.0,0,1,Slow
6,3,1,1090.0,0.0,93.0,0,2,Ignored
5,3,7,2384.0,10.0,,1,1,Ignored
5,2,1,699.0,30.0,160.0,1,2,Slow
1,3,3,1771.0,10.0,352.0,0,1,Slow
4,3,6,2256.0,10.0,232.0,0,2,Ignored
4,1,5,328.0,5.0,225.0,0,1,Slow
3,3,4,6072.0,0.0,326.0,1,1,Slow
5,2,5,2437.0,0.0,184.0,0,1,Ignored
4,2,8,317.0,25.0,270.0,1,1,Fast
2,2,6,1481.0,30.0,338.0,1,1,Fast
2,3,6,2185.0,30.0,368.0,0,1,Slow
1,1,4,2793.0,30.0,346.0,1,2,Fast
2,3,3,504.0,15.0,348.0,0,2,Slow
4,1,3,2529.0,10.0,289.0,0,1,Slow
3,3,6,682.0,15.0,312.0,0,1,Slow
1,3,1,481.0,0.0,340.0,0,1,Ignored
6,3,4,1831.0,15.0,94.0,0,2,Ignored
1,3,2,1333.0,5.0,373.0,1,2,Fast
5,2,2,588.0,10.0,174.0,0,2,Ignored
5,3,6,2104.0,0.0,133.0,1,1,Ignored
4,3,6,646.0,25.0,268.0,1,1,Slow
3,2,5,462.0,20.0,278.0,1,2,Fast
2,2,3,2204.0,5.0,370.0,1,1,Slow
3,3,6,1195.0,5.0,281.0,0,1,Ignored
3,2,7,1551.0,15.0,326.0,0,2,Slow
3,3,5,989.0,30.0,313.0,0,1,Slow
1,1,6,2240.0,10.0,359.0,1,2,Fast
3,3,3,1163.0,10.0,310.0,0,2,Slow
3,3,2,1607.0,0.0,248.0,0,1,Slow
3,1,3,1534.0,0.0,328.0,0,1,Slow
2,1,2,756.0,10.0,319.0,0,1,Fast
1,2,8,890.0,10.0,356.0,0,1,Slow
1,1,5,947.0,5.0,346.0,0,2,Fast
4,2,6,1216.0,15.0,248.0,0,2,Ignored
3,3,5,2592.0,20.0,252.0,0,2,Slow
3,1,8,1999.0,15.0,353.0,1,1,Fast
6,1,2,2757.0,30.0,113.0,0,1,Slow
6,2,4,1445.0,15.0,97.0,0,2,Ignored
6,3,7,844.0,20.0,133.0,0,1,Ignored
5,2,7,735.0,30.0,152.0,1,1,Slow
5,3,5,516.0,5.0,157.0,0,2,Ignored
5,3,1,1016.0,10.0,146.0,0,2,Ignored
1,1,4,2098.0,20.0,333.0,0,2,Fast
4,2,1,2774.0,5.0,261.0,0,2,Ignored
3,1,7,421.0,20.0,290.0,1,1,Fast
6,1,5,803.0,10.0,105.0,0,1,Ignored
2,1,5,2390.0,,322.0,0,2,Fast
3,3,6,1139.0,15.0,338.0,0,2,Slow
4,2,6,645.0,25.0,241.0,1,1,Slow
2,3,2,2038.0,10.0,334.0,0,2,Slow
6,2,5,,25.0,96.0,1,1,Ignored
3,2,4,1048.0,5.0,283.0,1,1,Slow
4,1,8,1021.0,0.0,229.0,1,2,Fast
6,2,4,1385.0,30.0,53.0,0,1,Ignored
2,3,2,827.0,25.0,357.0,0,1,Fast
3,2,8,1086.0,10.0,348.0,0,1,Ignored
2,1,6,1717.0,10.0,349.0,1,1,Fast
4,1,1,1245.0,5.0,227.0,1,2,Slow
1,1,2,1727.0,0.0,336.0,0,1,Fast
3,3,6,811.0,20.0,326.0,1,1,Fast
1,1,1,1752.0,30.0,347.0,0,2,Fast
3,1,2,1295.0,25.0,311.0,0,2,Fast
2,2,7,1610.0,10.0,323.0,0,2,Slow
6,1,5,953.0,10.0,61.0,1,2,Slow
2,1,5,1882.0,0.0,355.0,1,1,Fast
6,1,3,898.0,30.0,83.0,1,2,Slow
5,2,6,693.0,25.0,153.0,0,1,Ignored
6,2,6,1445.0,30.0,63.0,1,1,Ignored
5,2,1,1154.0,15.0,113.0,1,2,Ignored
1,1,3,985.0,15.0,328.0,0,1,Fast
5,3,4,1947.0,0.0,100.0,0,2,Ignored
2,3,3,833.0,5.0,367.0,1,1,Slow
6,2,6,248.0,30.0,97.0,0,2,Ignored
5,2,4,657.0,25.0,177.0,0,2,Ignored
1,3,6,798.0,10.0,363.0,0,1,Slow
2,3,2,3573.0,30.0,290.0,0,2,Slow
1,2,3,3438.0,0.0,332.0,0,2,Slow
3,3,4,464.0,5.0,308.0,0,1,Slow
4,1,2,1447.0,0.0,197.0,0,1,Slow
3,3,2,165.0,10.0,296.0,0,1,Slow
3,1,6,1982.0,0.0,309.0,0,1,Slow
6,2,7,625.0,20.0,92.0,0,1,Ignored
4,3,2,702.0,20.0,234.0,0,1,Slow
1,3,3,2122.0,15.0,327.0,0,1,Slow
4,3,3,536.0,0.0,239.0,1,2,Ignored
5,1,6,3238.0,0.0,112.0,0,2,Ignored
2,2,5,,0.0,363.0,1,1,Fast
1,2,5,2046.0,30.0,371.0,1,1,Fast
1,1,2,1547.0,15.0,360.0,0,1,Fast
3,2,4,1278.0,25.0,338.0,1,2,Fast
2,2,1,1858.0,10.0,371.0,0,1,Slow
6,3,8,3145.0,25.0,91.0,0,1,Ignored
6,3,4,818.0,10.0,90.0,0,1,Ignored
6,3,6,1560.0,5.0,99.0,1,1,Ignored
1,3,3,2710.0,30.0,399.0,0,2,Slow
5,1,4,2375.0,25.0,164.0,0,2,Ignored
2,2,1,563.0,5.0,317.0,1,2,Slow
3,3,4,1875.0,15.0,316.0,1,1,Slow
1,3,4,2061.0,20.0,350.0,0,2,Slow
4,1,4,949.0,20.0,195.0,1,1,Fast
3,2,6,1265.0,10.0,333.0,0,1,Slow
5,3,5,1929.0,25.0,127.0,1,1,Ignored
1,3,5,1822.0,0.0,383.0,0,1,Slow
2,3,1,1813.0,25.0,321.0,0,1,Slow
6,1,2,520.0,10.0,143.0,0,1,Ignored
4,1,8,603.0,0.0,273.0,1,2,Fast
2,2,3,2406.0,30.0,355.0,0,1,Fast
5,1,7,652.0,25.0,143.0,0,2,Slow
5,2,2,1970.0,5.0,142.0,0,2,Ignored
1,2,4,365.0,10.0,335.0,0,2,Fast
6,2,1,640.0,10.0,125.0,1,1,Ignored
4,2,7,1344.0,30.0,208.0,0,1,Slow
5,3,4,332.0,25.0,143.0,1,1,Ignored
4,3,8,512.0,5.0,224.0,0,2,Slow
6,1,2,1833.0,5.0,144.0,0,1,Ignored
6,1,2,744.0,0.0,56.0,1,1,Ignored
3,1,5,330.0,25.0,294.0,1,2,Fast
4,2,7,1362.0,10.0,221.0,1,1,Slow
1,2,6,774.0,5.0,379.0,0,1,Fast
3,3,6,618.0,20.0,323.0,0,2,Slow
2,2,2,549.0,0.0,315.0,0,1,Slow
1,1,6,2036.0,20.0,332.0,0,2,Fast
5,2,2,751.0,30.0,169.0,1,2,Slow
2,2,2,814.0,5.0,378.0,1,1,Slow
2,3,7,1198.0,25.0,321.0,1,1,Slow
5,1,3,825.0,10.0,124.0,0,1,Ignored
1,1,4,1139.0,15.0,352.0,0,1,Fast
1,2,3,1101.0,20.0,328.0,1,2,Fast
6,1,8,534.0,25.0,59.0,0,1,Slow
4,2,4,1202.0,0.0,224.0,1,2,Ignored
2,3,3,1488.0,25.0,368.0,0,1,Slow
2,2,4,1106.0,30.0,363.0,1,1,Fast
1,1,8,399.0,0.0,339.0,0,1,Fast
2,3,5,1723.0,5.0,321.0,1,1,Ignored
1,2,4,751.0,30.0,355.0,0,1,Fast
6,3,3,317.0,30.0,77.0,0,1,Ignored
3,1,6,674.0,15.0,314.0,0,2,Fast
6,2,6,2596.0,5.0,104.0,1,1,Ignored
6,2,1,1250.0,25.0,34.0,1,1,Ignored
2,3,7,1170.0,10.0,270.0,1,1,Slow
5,2,2,862.0,10.0,165.0,0,1,Ignored
3,2,3,2219.0,10.0,300.0,0,1,Slow
6,2,6,581.0,30.0,138.0,0,1,Ignored
3,3,7,1034.0,30.0,301.0,0,1,Slow
2,1,6,754.0,20.0,377.0,1,1,Fast
6,3,6,689.0,15.0,86.0,0,2,Ignored
3,2,4,922.0,15.0,289.0,1,1,Fast
3,3,5,501.0,30.0,328.0,0,1,Slow
2,3,5,422.0,25.0,354.0,0,1,Slow
5,2,7,1547.0,20.0,156.0,1,2,Slow
6,3,1,111.0,15.0,57.0,1,2,Ignored
5,1,5,1798.0,10.0,151.0,1,1,Ignored
6,3,6,2402.0,30.0,62.0,1,2,Ignored
6,1,4,2353.0,10.0,92.0,0,1,Ignored
4,3,7,652.0,5.0,269.0,1,1,Ignored
3,3,1,2639.0,15.0,324.0,1,1,Fast
2,2,1,1116.0,10.0,375.0,0,1,Slow
5,2,6,427.0,15.0,145.0,0,1,Ignored
1,1,2,877.0,25.0,391.0,0,1,Fast
6,1,8,3070.0,30.0,88.0,0,2,Slow
5,1,5,1498.0,25.0,133.0,0,1,Slow
1,2,8,2910.0,25.0,341.0,0,1,Fast
1,2,8,5132.0,5.0,340.0,0,2,Slow
1,2,6,705.0,5.0,375.0,0,1,Fast
5,1,1,655.0,20.0,126.0,0,1,Slow
5,1,4,1502.0,5.0,105.0,1,1,Slow
4,1,5,209.0,0.0,255.0,0,1,Slow
6,2,3,2265.0,5.0,102.0,0,2,Ignored
2,1,3,1428.0,20.0,328.0,0,2,Fast
1,1,7,1300.0,0.0,297.0,1,1,Fast
5,3,2,4178.0,20.0,144.0,0,1,Ignored
6,3,4,189.0,30.0,92.0,1,1,Ignored
4,1,4,1729.0,20.0,236.0,0,1,Slow
2,3,8,1428.0,30.0,335.0,1,2,Fast
2,1,4,536.0,20.0,287.0,0,1,Fast
5,3,6,1277.0,15.0,164.0,0,2,Ignored
2,2,1,3333.0,15.0,376.0,1,1,Fast
4,3,5,5488.0,30.0,270.0,0,1,Ignored
1,2,2,1205.0,10.0,386.0,1,2,Fast
3,3,3,365.0,0.0,325.0,0,1,Ignored
5,1,2,1796.0,10.0,168.0,1,1,Slow
4,1,6,1177.0,10.0,246.0,0,2,Slow
4,3,3,,25.0,215.0,1,2,Slow
5,1,7,1169.0,10.0,159.0,0,1,Slow
4,1,8,599.0,20.0,218.0,0,2,Slow
5,1,8,4372.0,30.0,132.0,0,1,Slow
3,1,7,2928.0,25.0,313.0,1,1,Fast
2,1,2,1023.0,10.0,315.0,0,1,Fast
3,2,5,806.0,10.0,322.0,0,1,Slow
5,2,4,3360.0,20.0,186.0,1,2,Ignored
2,2,4,701.0,25.0,368.0,0,1,Fast
4,3,7,481.0,20.0,254.0,1,1,Slow
1,2,2,1324.0,0.0,326.0,0,2,Slow
6,3,1,596.0,30.0,118.0,1,1,Ignored
2,3,2,797.0,10.0,329.0,0,1,Slow
4,3,4,1202.0,0.0,221.0,1,2,Ignored
6,2,3,791.0,20.0,58.0,0,1,Ignored
1,3,8,3192.0,20.0,361.0,0,1,Slow
4,3,5,827.0,30.0,285.0,0,1,Slow
3,3,8,2274.0,10.0,347.0,1,1,Slow
3,2,1,1236.0,15.0,313.0,0,2,Slow
3,3,4,1803.0,5.0,286.0,0,1,Ignored
4,2,7,1403.0,25.0,180.0,0,1,Ignored
3,2,4,2975.0,15.0,333.0,0,2,Slow
2,1,2,992.0,10.0,371.0,0,1,Fast
3,1,8,1041.0,30.0,314.0,0,1,Fast
2,3,7,612.0,30.0,318.0,1,1,Fast
4,1,8,653.0,5.0,201.0,0,1,Slow
5,3,5,660.0,25.0,157.0,0,1,Ignored
6,1,3,2077.0,0.0,122.0,1,1,Ignored
5,1,7,3128.0,0.0,174.0,1,2,Slow
2,3,4,825.0,25.0,297.0,0,1,Slow
3,1,6,2507.0,25.0,325.0,1,2,Fast
2,1,7,246.0,0.0,320.0,0,1,Fast
5,1,3,2121.0,25.0,138.0,0,2,Slow
3,1,7,1604.0,5.0,265.0,0,2,Slow
1,3,2,716.0,5.0,320.0,0,1,Ignored
6,3,4,165.0,0.0,96.0,0,2,Ignored
6,1,5,1188.0,20.0,104.0,1,2,Slow
1,3,5,1369.0,30.0,355.0,0,2,Fast
5,1,4,1401.0,25.0,164.0,0,1,Slow
4,1,5,1105.0,0.0,246.0,1,1,Slow
2,3,7,1703.0,10.0,294.0,0,1,Ignored
3,2,8,3534.0,0.0,361.0,0,1,Slow
2,3,5,1707.0,5.0,304.0,1,1,Slow
1,2,7,1610.0,20.0,353.0,0,2,Fast
6,3,7,2133.0,30.0,106.0,0,2,Ignored
3,1,6,1154.0,20.0,345.0,0,2,Fast
1,3,6,953.0,15.0,338.0,0,1,Slow
6,1,2,2400.0,10.0,97.0,0,2,Ignored
1,1,5,1141.0,10.0,374.0,1,1,Fast
6,3,7,2365.0,15.0,97.0,1,2,Ignored
4,2,8,1589.0,5.0,260.0,0,2,Ignored
3,2,4,3754.0,15.0,307.0,1,1,Fast
2,2,6,1959.0,30.0,320.0,0,2,Slow
1,1,4,1015.0,25.0,348.0,0,2,Fast
3,1,2,576.0,10.0,313.0,0,1,Fast
2,3,1,1637.0,15.0,304.0,0,2,Slow
6,2,4,840.0,25.0,139.0,0,2,Ignored
4,1,5,529.0,5.0,235.0,1,1,Fast
3,2,4,2914.0,10.0,310.0,0,1,Slow
2,3,3,1158.0,5.0,332.0,0,1,Slow
2,3,4,1092.0,5.0,332.0,1,2,Slow
3,2,2,1632.0,10.0,,0,2,Slow
4,1,7,3380.0,25.0,182.0,0,2,Slow
5,3,2,584.0,5.0,127.0,0,1,Ignored
1,1,3,3355.0,30.0,424.0,0,2,Fast
5,2,1,2671.0,0.0,124.0,1,1,Ignored
3,1,4,2677.0,15.0,255.0,1,1,Fast
3,1,5,3537.0,10.0,339.0,0,2,Fast
4,1,5,956.0,15.0,268.0,0,1,Slow
3,2,1,1968.0,25.0,374.0,0,2,Fast
2,2,8,1523.0,20.0,357.0,0,1,Slow
3,3,6,2130.0,20.0,314.0,1,2,Slow
6,1,8,1866.0,5.0,56.0,1,1,Ignored
1,3,7,946.0,15.0,348.0,0,1,Slow
6,1,7,402.0,10.0,67.0,0,1,Ignored
5,3,6,2148.0,15.0,189.0,1,1,Ignored
5,1,4,2096.0,10.0,134.0,1,2,Slow
4,2,7,1378.0,25.0,212.0,0,1,Ignored
4,2,5,1553.0,15.0,295.0,0,2,Slow
3,1,7,3784.0,15.0,327.0,0,1,Slow
1,1,8,3746.0,10.0,388.0,0,2,Fast
3,3,5,1206.0,25.0,301.0,1,1,Slow
2,1,8,1244.0,5.0,318.0,0,1,Fast
2,2,3,773.0,30.0,351.0,0,1,Fast
2,2,8,929.0,10.0,405.0,0,2,Slow
1,1,6,3941.0,25.0,324.0,1,2,Fast
1,1,6,603.0,30.0,386.0,0,1,Fast
5,3,3,1486.0,25.0,116.0,1,1,Ignored
1,1,6,1244.0,25.0,351.0,0,1,Fast
6,2,1,1475.0,0.0,96.0,1,1,Ignored
4,3,2,3658.0,0.0,190.0,0,2,Ignored
5,2,3,602.0,30.0,163.0,0,1,Ignored
2,2,5,1342.0,15.0,350.0,0,1,Slow
4,2,8,331.0,20.0,239.0,0,1,Slow
5,3,6,4295.0,20.0,114.0,0,2,Ignored
2,3,7,1350.0,5.0,347.0,0,1,Slow
6,1,6,1065.0,0.0,35.0,0,1,Ignored
2,2,3,332.0,20.0,296.0,0,1,Fast
2,1,5,754.0,10.0,364.0,0,2,Fast
3,1,4,644.0,25.0,305.0,0,2,Fast
5,2,7,856.0,20.0,113.0,0,2,Ignored
4,3,2,1275.0,5.0,237.0,0,2,Ignored
1,2,7,1528.0,15.0,348.0,1,1,Fast
5,2,7,613.0,0.0,97.0,0,2,Ignored
1,1,2,1300.0,10.0,347.0,1,1,Fast
1,3,1,,30.0,351.0,0,1,Fast
5,3,1,1291.0,0.0,144.0,0,1,Ignored
2,2,2,2286.0,25.0,324.0,1,2,Fast
2,1,8,1005.0,25.0,325.0,0,2,Fast
3,3,2,1883.0,25.0,283.0,0,1,Slow
2,1,5,855.0,10.0,320.0,0,1,Fast
3,2,4,1356.0,25.0,328.0,1,2,Fast
3,1,8,1086.0,0.0,335.0,1,2,Fast
3,2,5,722.0,0.0,332.0,0,2,Slow
3,2,4,901.0,10.0,336.0,0,1,Slow
4,2,2,900.0,0.0,258.0,1,1,Slow
6,2,8,777.0,20.0,98.0,1,2,Ignored
2,1,3,1383.0,0.0,302.0,0,1,Slow
2,2,4,711.0,30.0,328.0,1,1,Fast
6,3,1,1304.0,25.0,109.0,0,1,Ignored
4,3,6,2026.0,5.0,270.0,0,1,Ignored
3,3,7,4851.0,20.0,335.0,1,1,Slow
5,2,5,1786.0,25.0,117.0,0,1,Ignored
2,3,1,1945.0,10.0,303.0,1,2,Slow
5,3,5,2196.0,0.0,170.0,1,2,Ignored
2,1,7,2254.0,30.0,323.0,0,2,Fast
5,2,8,1161.0,20.0,136.0,1,2,Ignored
3,1,3,1355.0,15.0,233.0,1,1,Fast
3,1,5,2256.0,30.0,337.0,0,1,Fast
6,1,7,407.0,15.0,76.0,0,1,Slow
5,3,7,2088.0,0.0,175.0,0,1,Ignored
3,3,3,1463.0,0.0,333.0,0,1,Ignored
1,3,1,1398.0,5.0,354.0,0,2,Slow
4,1,1,1937.0,25.0,213.0,1,1,Fast
1,3,4,,15.0,347.0,0,2,Slow
6,2,4,3756.0,30.0,29.0,1,1,Ignored
5,2,6,2866.0,25.0,154.0,0,2,Ignored
6,1,3,1590.0,0.0,67.0,1,2,Ignored
1,1,8,1454.0,30.0,404.0,0,1,Fast
4,2,2,668.0,30.0,207.0,1,1,Fast
3,1,1,927.0,25.0,330.0,0,1,Fast
3,1,7,426.0,10.0,,0,2,Fast
1,3,4,3908.0,0.0,347.0,0,1,Ignored
3,2,2,1512.0,0.0,323.0,0,2,Ignored
5,1,7,2005.0,25.0,153.0,1,2,Slow
5,3,8,3436.0,0.0,116.0,1,2,Ignored
2,2,3,1306.0,10.0,361.0,0,2,Slow
3,2,1,2245.0,20.0,299.0,0,1,Slow
6,1,6,1357.0,30.0,104.0,0,1,Slow
2,1,8,645.0,20.0,328.0,0,1,Fast
1,2,5,1110.0,30.0,341.0,0,1,Slow
2,2,3,261.0,15.0,297.0,1,2,Fast
6,3,2,2768.0,30.0,96.0,0,1,Ignored
6,1,5,1178.0,5.0,64.0,1,1,Ignored
6,1,8,668.0,15.0,81.0,0,2,Ignored
6,1,6,1153.0,30.0,28.0,0,1,Slow
1,3,7,859.0,0.0,282.0,0,1,Slow
5,2,5,525.0,25.0,94.0,0,1,Ignored
1,1,2,3768.0,10.0,381.0,0,1,Fast
5,1,3,1052.0,10.0,142.0,0,2,Slow
6,1,6,2755.0,,114.0,0,1,Ignored
3,1,1,1645.0,25.0,300.0,0,2,Fast
4,3,8,1381.0,20.0,261.0,1,1,Slow
1,2,8,2133.0,25.0,,0,1,Fast
2,3,4,1965.0,25.0,266.0,1,1,Fast
5,2,1,2677.0,20.0,152.0,0,1,Ignored
3,2,8,1217.0,5.0,343.0,1,1,Fast
5,1,5,1505.0,0.0,130.0,0,2,Ignored
3,2,7,3028.0,5.0,339.0,0,2,Ignored
2,1,7,1396.0,15.0,361.0,0,2,Fast
6,1,3,1284.0,25.0,45.0,1,2,Slow
2,3,2,1839.0,0.0,318.0,0,2,Ignored
1,1,1,2088.0,30.0,408.0,1,1,Fast
1,2,8,329.0,0.0,383.0,0,1,Slow
6,3,2,1001.0,30.0,96.0,0,1,Ignored
6,3,1,4557.0,0.0,93.0,1,1,Ignored
3,2,8,1478.0,20.0,311.0,0,2,Slow
2,2,1,2252.0,25.0,335.0,1,2,Fast
4,2,3,1434.0,20.0,288.0,1,1,Slow
3,2,5,1166.0,25.0,316.0,1,1,Fast
1,3,4,3797.0,15.0,371.0,1,2,Slow
5,3,4,3080.0,25.0,102.0,1,1,Ignored
1,3,3,1199.0,10.0,372.0,0,1,Slow
4,2,1,2451.0,5.0,223.0,0,1,Ignored
6,3,5,1986.0,10.0,62.0,0,1,Ignored
4,2,7,3027.0,30.0,244.0,0,1,Slow
6,3,6,1109.0,20.0,91.0,0,2,Ignored
2,3,7,810.0,15.0,352.0,1,1,Slow
6,2,1,2086.0,0.0,75.0,1,2,Ignored
6,1,2,2299.0,20.0,53.0,0,2,Ignored
1,3,1,2098.0,10.0,361.0,1,1,Fast
5,3,2,3628.0,30.0,149.0,0,1,Ignored
4,1,6,,10.0,196.0,1,1,Slow
3,1,6,354.0,20.0,330.0,0,2,Fast
6,3,6,,15.0,83.0,1,1,Ignored
3,3,5,1875.0,10.0,314.0,1,1,Slow
2,1,4,1922.0,30.0,355.0,0,1,Fast
1,2,4,2010.0,0.0,335.0,0,2,Slow
5,3,2,330.0,30.0,109.0,0,2,Ignored
5,2,2,1390.0,15.0,147.0,0,1,Ignored
4,2,1,385.0,,244.0,0,1,Slow
2,3,8,342.0,25.0,338.0,0,2,Fast
6,1,3,2044.0,20.0,89.0,0,1,Ignored
2,3,3,1473.0,25.0,272.0,1,2,Fast
3,3,5,496.0,20.0,307.0,1,1,Fast
4,3,6,1790.0,30.0,210.0,1,2,Slow
3,1,7,6316.0,5.0,372.0,1,1,Slow
1,2,5,2171.0,5.0,366.0,1,1,Fast
1,1,4,1160.0,25.0,329.0,1,2,Fast
1,2,2,2696.0,10.0,356.0,1,2,Slow
6,1,7,586.0,10.0,113.0,0,2,Ignored
4,3,6,577.0,0.0,256.0,0,1,Ignored
3,1,6,1201.0,15.0,291.0,0,1,Fast
2,2,6,1883.0,25.0,330.0,1,1,Fast
2,1,5,431.0,25.0,307.0,1,1,Fast
5,1,2,2814.0,10.0,119.0,1,1,Slow
5,1,6,1017.0,5.0,125.0,0,2,Ignored
4,2,3,252.0,25.0,229.0,1,1,Fast
6,3,4,584.0,20.0,89.0,1,1,Ignored
1,2,1,4008.0,25.0,337.0,1,1,Fast
3,2,3,1434.0,10.0,339.0,0,1,Slow
4,1,3,851.0,5.0,243.0,1,1,Fast
2,2,8,1372.0,15.0,384.0,1,2,Fast
6,2,4,1672.0,30.0,119.0,1,1,Ignored
2,2,6,3025.0,10.0,285.0,1,1,Slow
5,2,7,665.0,5.0,192.0,0,1,Ignored
2,1,3,2068.0,15.0,380.0,1,1,Fast
5,3,3,923.0,10.0,107.0,0,1,Ignored
5,3,7,860.0,30.0,99.0,0,1,Ignored
5,3,2,318.0,25.0,141.0,1,1,Ignored
2,3,7,821.0,25.0,309.0,0,2,Slow
4,3,1,435.0,5.0,285.0,0,1,Ignored
1,2,4,1889.0,30.0,367.0,1,1,Fast
5,1,1,2970.0,20.0,120.0,0,1,Ignored
5,1,4,1593.0,0.0,148.0,1,1,Slow
3,1,3,1448.0,0.0,322.0,0,2,Fast
4,3,3,1938.0,30.0,200.0,0,1,Slow
3,1,7,3669.0,0.0,329.0,0,1,Fast
6,1,6,1204.0,5.0,85.0,1,1,Ignored
2,1,7,1967.0,15.0,330.0,0,2,Fast
3,3,6,2563.0,5.0,344.0,0,1,Slow
4,3,3,1015.0,0.0,249.0,0,1,Ignored
6,3,6,633.0,30.0,127.0,0,2,Ignored
5,3,2,1091.0,15.0,156.0,0,2,Ignored
6,2,2,1106.0,0.0,54.0,1,1,Ignored
6,2,3,1686.0,20.0,99.0,0,2,Ignored
3,1,7,986.0,15.0,305.0,0,1,Slow
5,2,4,1933.0,30.0,187.0,0,1,Ignored
1,3,3,421.0,20.0,358.0,1,1,Fast
1,2,7,3369.0,5.0,411.0,1,2,Slow
1,2,2,891.0,0.0,366.0,1,1,Slow
4,2,4,1102.0,10.0,272.0,0,1,Slow
6,1,7,252.0,25.0,63.0,0,2,Slow
3,3,8,1386.0,0.0,289.0,1,1,Slow
3,1,6,1375.0,10.0,298.0,1,1,Fast
1,2,6,2293.0,30.0,394.0,0,1,Fast
3,2,6,1405.0,25.0,296.0,0,1,Slow
4,3,7,1850.0,25.0,225.0,0,1,Ignored
3,2,3,3015.0,15.0,310.0,1,2,Fast
5,2,1,751.0,10.0,112.0,1,1,Ignored
2,1,7,2220.0,20.0,305.0,0,2,Fast
2,1,5,1449.0,10.0,306.0,0,1,Fast
3,3,8,1101.0,10.0,288.0,0,2,Ignored
4,2,1,2194.0,15.0,197.0,1,1,Slow
5,3,4,2398.0,0.0,127.0,0,1,Ignored
4,1,6,3096.0,25.0,233.0,1,1,Slow
5,3,8,1840.0,0.0,115.0,1,2,Ignored
5,1,3,1688.0,5.0,140.0,1,1,Slow
3,2,6,626.0,10.0,350.0,0,2,Slow
3,1,4,3192.0,20.0,305.0,0,1,Slow
6,1,3,4218.0,0.0,116.0,0,2,Ignored
1,2,2,770.0,5.0,326.0,1,1,Fast
4,3,2,1654.0,15.0,178.0,1,2,Ignored
1,3,8,961.0,20.0,313.0,0,1,Slow
5,2,3,1765.0,15.0,172.0,1,1,Ignored
1,1,1,993.0,0.0,366.0,1,1,Fast
4,3,1,1232.0,20.0,234.0,1,1,Slow
6,3,4,1254.0,25.0,119.0,0,1,Ignored
2,1,4,728.0,0.0,362.0,0,1,Fast
1,1,1,894.0,10.0,379.0,0,1,Fast
3,3,1,2998.0,30.0,315.0,1,2,Fast
3,1,7,332.0,5.0,,1,1,Fast
2,2,2,489.0,0.0,326.0,1,2,Fast
3,1,8,3653.0,10.0,306.0,1,2,Fast
6,2,5,795.0,0.0,87.0,1,1,Ignored
2,3,2,2804.0,15.0,327.0,0,2,Slow
6,3,1,2045.0,5.0,103.0,1,1,Ignored
5,2,5,2516.0,10.0,84.0,1,1,Ignored
4,3,2,594.0,20.0,201.0,0,1,Ignored
6,3,6,1219.0,10.0,76.0,0,2,Ignored
1,2,4,810.0,0.0,393.0,1,1,Slow
5,1,7,3431.0,5.0,128.0,0,2,Ignored
3,2,2,1496.0,30.0,302.0,0,2,Slow
2,3,6,284.0,15.0,354.0,1,1,Fast
3,3,4,940.0,30.0,301.0,1,1,Slow
3,2,5,2545.0,5.0,283.0,1,2,Slow
3,1,1,1989.0,20.0,298.0,1,1,Fast
2,3,3,1527.0,30.0,336.0,0,1,Slow
1,1,1,1323.0,5.0,368.0,0,1,Fast
5,3,5,713.0,20.0,116.0,1,1,Ignored
3,1,6,224.0,30.0,306.0,0,2,Fast
4,1,3,1322.0,30.0,209.0,0,1,Fast
1,2,7,1325.0,10.0,350.0,0,1,Slow
3,3,3,1146.0,20.0,339.0,1,1,Fast
3,1,3,2382.0,5.0,327.0,1,1,Fast
3,2,3,3388.0,5.0,291.0,1,2,Slow
1,1,2,127.0,30.0,355.0,0,1,Fast
1,2,4,411.0,10.0,348.0,0,1,Fast
6,2,8,1063.0,5.0,72.0,0,1,Ignored
3,3,3,2295.0,20.0,314.0,1,1,Fast
5,2,5,1705.0,15.0,192.0,1,2,Ignored
1,3,5,770.0,25.0,366.0,0,1,Fast
3,2,7,1453.0,0.0,267.0,0,1,Slow
2,1,5,2062.0,25.0,316.0,1,1,Fast
1,3,7,874.0,10.0,322.0,0,1,Slow
5,1,8,1989.0,30.0,167.0,0,2,Ignored
6,1,4,3124.0,10.0,101.0,1,1,Ignored
6,3,3,1279.0,20.0,118.0,1,1,Ignored
1,2,3,365.0,30.0,381.0,1,1,Fast
5,2,4,1576.0,20.0,124.0,0,2,Ignored
1,1,6,1573.0,25.0,333.0,1,1,Fast
2,3,6,629.0,20.0,380.0,0,2,Slow
5,2,2,1862.0,30.0,157.0,1,1,Ignored
6,1,1,898.0,15.0,100.0,0,1,Ignored
2,2,7,513.0,0.0,283.0,0,2,Slow
5,3,7,558.0,20.0,97.0,0,2,Ignored
3,3,4,1932.0,5.0,293.0,0,1,Ignored
2,2,8,1122.0,20.0,392.0,0,2,Slow
3,2,4,340.0,10.0,299.0,0,2,Slow
1,2,2,1269.0,20.0,368.0,0,2,Slow
6,1,8,3101.0,10.0,74.0,0,2,Ignored
5,2,7,2516.0,25.0,113.0,1,2,Ignored
5,3,8,1844.0,25.0,202.0,0,1,Ignored
6,1,2,1635.0,25.0,132.0,1,1,Slow
4,1,8,986.0,25.0,180.0,0,1,Slow
4,2,3,1829.0,25.0,259.0,0,1,Slow
3,3,4,823.0,30.0,303.0,1,1,Fast
2,1,5,135.0,10.0,357.0,0,2,Fast
2,3,3,279.0,10.0,334.0,1,2,Fast
5,3,6,1341.0,10.0,131.0,0,1,Ignored
6,2,5,2158.0,0.0,43.0,0,1,Ignored
6,3,6,2585.0,25.0,68.0,1,2,Ignored
3,2,2,3398.0,25.0,344.0,0,1,Slow
5,3,6,807.0,15.0,175.0,1,1,Ignored
1,2,6,3358.0,15.0,401.0,0,1,Slow
5,1,7,1992.0,10.0,163.0,0,2,Ignored
4,3,3,384.0,15.0,285.0,0,1,Slow
3,1,2,1608.0,20.0,292.0,0,1,Fast
4,3,4,2685.0,25.0,293.0,1,1,Slow
5,1,7,2734.0,25.0,163.0,0,1,Slow
5,2,4,2327.0,20.0,91.0,0,1,Ignored
1,3,8,2395.0,30.0,360.0,0,2,Slow
6,2,6,1349.0,10.0,78.0,0,1,Ignored
5,1,6,2041.0,25.0,140.0,0,2,Slow
3,1,3,2072.0,5.0,330.0,0,2,Fast
2,3,4,4176.0,0.0,326.0,0,2,Ignored
6,1,7,480.0,5.0,98.0,0,1,Ignored
3,2,8,687.0,0.0,367.0,1,2,Fast
3,1,3,721.0,20.0,285.0,1,1,Fast
1,2,5,996.0,20.0,296.0,0,1,Fast
4,2,4,1171.0,10.0,246.0,1,1,Ignored
3,3,1,1054.0,15.0,269.0,1,2,Slow
3,1,8,1301.0,5.0,310.0,0,1,Fast
3,3,2,1221.0,25.0,361.0,0,1,Slow
1,2,2,1166.0,0.0,330.0,0,1,Slow
2,3,3,1448.0,5.0,321.0,1,2,Slow
6,3,1,728.0,20.0,96.0,0,1,Ignored
2,1,8,2059.0,0.0,338.0,0,2,Fast
3,3,7,413.0,25.0,310.0,0,1,Slow
1,1,4,393.0,0.0,346.0,0,2,Fast
3,3,1,637.0,20.0,299.0,0,1,Slow
2,2,1,1501.0,0.0,340.0,1,1,Slow
1,2,1,2128.0,20.0,397.0,0,2,Slow
1,1,5,1036.0,15.0,348.0,0,1,Fast
6,1,3,676.0,30.0,120.0,0,2,Slow
6,3,4,2097.0,10.0,126.0,0,1,Ignored
2,1,8,2336.0,0.0,301.0,0,2,Slow
3,3,8,1584.0,10.0,279.0,0,1,Ignored
6,2,4,572.0,0.0,82.0,1,1,Ignored
4,3,6,1284.0,5.0,237.0,1,2,Slow
3,2,2,1404.0,20.0,304.0,0,1,Slow
2,3,8,854.0,5.0,372.0,0,1,Slow
3,3,3,1541.0,15.0,349.0,1,1,Slow
5,2,5,311.0,20.0,100.0,0,1,Ignored
2,3,8,375.0,20.0,330.0,0,2,Fast
5,2,8,2438.0,20.0,124.0,0,2,Ignored
2,2,6,,15.0,318.0,0,1,Slow
3,1,7,1691.0,30.0,249.0,1,2,Fast
2,3,1,2949.0,0.0,348.0,0,1,Ignored
5,1,1,681.0,20.0,215.0,1,1,Slow
5,2,3,1625.0,30.0,146.0,1,1,Slow
5,3,8,2103.0,15.0,95.0,0,1,Ignored
1,2,7,1717.0,10.0,358.0,1,2,Fast
6,3,8,2321.0,15.0,85.0,1,2,Ignored
1,3,5,566.0,30.0,371.0,1,1,Fast
3,3,5,1287.0,5.0,357.0,0,1,Slow
6,1,3,653.0,5.0,105.0,1,2,Ignored
3,2,8,2149.0,25.0,373.0,1,1,Fast
5,1,5,1117.0,15.0,136.0,0,2,Slow
3,1,3,3048.0,10.0,304.0,0,1,Slow
2,1,8,1063.0,20.0,351.0,1,1,Fast
3,1,7,3083.0,30.0,279.0,0,1,Fast
3,3,7,2317.0,25.0,278.0,0,2,Slow
1,3,5,1246.0,20.0,400.0,0,1,Slow
3,1,8,1844.0,,310.0,1,2,Fast
2,1,2,3042.0,30.0,330.0,0,2,Fast
6,2,5,1728.0,15.0,141.0,0,2,Ignored
6,2,5,510.0,10.0,141.0,1,1,Ignored
5,1,2,1067.0,5.0,102.0,0,1,Slow
2,3,1,840.0,25.0,370.0,0,1,Fast
1,3,7,5630.0,25.0,341.0,1,1,Slow
2,3,1,1447.0,20.0,315.0,0,1,Slow
3,1,2,3064.0,25.0,279.0,0,2,Fast
3,3,8,749.0,30.0,361.0,0,1,Slow
3,3,6,1292.0,0.0,308.0,0,2,Ignored
4,3,5,871.0,15.0,218.0,0,1,Slow
5,2,3,438.0,20.0,139.0,0,1,Ignored
2,3,4,546.0,0.0,314.0,1,2,Slow
2,2,3,1750.0,5.0,326.0,1,2,Slow
2,1,6,933.0,0.0,380.0,0,2,Fast
2,2,6,883.0,30.0,325.0,0,1,Fast
1,2,7,1634.0,15.0,350.0,0,2,Slow
6,2,7,506.0,0.0,54.0,0,1,Ignored
3,3,3,1669.0,30.0,342.0,1,1,Fast
3,2,6,2382.0,0.0,253.0,0,1,Slow
6,1,3,967.0,30.0,97.0,1,2,Slow
2,3,7,1415.0,20.0,303.0,0,1,Slow
1,1,8,2632.0,5.0,323.0,1,1,Fast
4,2,2,451.0,10.0,215.0,1,1,Slow
5,1,2,1915.0,25.0,145.0,1,2,Slow
6,2,8,,10.0,85.0,1,1,Ignored
5,1,5,800.0,10.0,94.0,1,2,Slow
3,1,8,2980.0,20.0,252.0,0,1,Fast
5,3,2,1147.0,15.0,149.0,1,1,Ignored
1,2,7,576.0,10.0,389.0,1,2,Fast
4,2,8,650.0,0.0,246.0,0,1,Ignored
4,2,3,1534.0,20.0,201.0,1,2,Slow
3,2,8,1303.0,5.0,294.0,0,2,Slow
1,1,7,1433.0,30.0,283.0,0,1,Fast
2,3,4,1809.0,0.0,345.0,0,1,Ignored
4,3,1,,5.0,241.0,1,1,Slow
1,2,8,2703.0,5.0,359.0,1,2,Slow
2,2,3,696.0,25.0,291.0,0,2,Slow
5,2,8,2463.0,30.0,173.0,0,1,Ignored
6,3,7,829.0,5.0,119.0,1,2,Ignored
4,3,4,1518.0,30.0,226.0,0,1,Ignored
1,2,4,1665.0,10.0,352.0,1,1,Fast
1,3,3,1797.0,25.0,298.0,0,1,Slow
2,3,1,1681.0,15.0,308.0,0,2,Slow
6,1,2,1717.0,20.0,117.0,0,1,Ignored
2,3,8,1378.0,10.0,319.0,0,2,Slow
1,3,1,1697.0,30.0,374.0,0,2,Slow
4,2,6,1457.0,20.0,257.0,0,1,Slow
3,1,1,1151.0,10.0,332.0,0,2,Fast
3,1,5,762.0,15.0,331.0,0,2,Fast
1,1,1,976.0,0.0,325.0,0,2,Fast
2,2,1,1027.0,10.0,300.0,0,2,Slow
3,2,6,419.0,20.0,311.0,0,2,Fast
6,2,1,912.0,30.0,101.0,1,2,Ignored
2,1,8,1824.0,15.0,355.0,1,1,Fast
4,3,2,1995.0,20.0,257.0,0,2,Ignored
3,3,5,773.0,30.0,338.0,0,1,Slow
2,1,4,926.0,30.0,350.0,0,2,Fast
5,1,7,4001.0,20.0,181.0,1,1,Slow
6,3,4,554.0,20.0,21.0,1,2,Ignored
3,1,1,2257.0,20.0,319.0,1,1,Fast
6,3,6,1357.0,10.0,89.0,1,2,Ignored
4,3,6,235.0,5.0,258.0,1,2,Ignored
6,2,2,2010.0,20.0,57.0,1,1,Ignored
6,1,5,560.0,25.0,75.0,0,2,Ignored
6,3,7,2063.0,5.0,114.0,0,1,Ignored
3,2,8,1884.0,15.0,312.0,1,2,Fast
2,3,2,1540.0,20.0,348.0,0,1,Slow
1,3,5,1176.0,30.0,344.0,0,1,Fast
4,1,5,662.0,25.0,241.0,1,1,Fast
3,2,5,5301.0,30.0,336.0,1,1,Slow
4,2,2,1415.0,5.0,214.0,1,2,Slow
3,1,5,1188.0,25.0,310.0,0,2,Fast
1,1,1,1178.0,20.0,328.0,0,1,Fast
1,2,4,,15.0,313.0,0,2,Slow
2,2,5,1064.0,0.0,326.0,1,2,Slow
4,3,4,957.0,15.0,233.0,0,1,Ignored
2,1,3,1050.0,25.0,390.0,1,2,Fast
2,1,1,982.0,,328.0,1,2,Fast
2,3,2,1768.0,0.0,351.0,1,1,Slow
2,1,7,1007.0,30.0,346.0,0,1,Fast
1,3,7,400.0,25.0,346.0,1,2,Fast
6,1,8,1926.0,30.0,104.0,0,1,Slow
4,3,2,1799.0,0.0,274.0,0,1,Ignored
3,3,7,1192.0,15.0,301.0,0,2,Slow
4,2,7,889.0,30.0,219.0,0,1,Slow
3,3,5,2294.0,5.0,270.0,0,1,Ignored
6,2,5,1324.0,15.0,111.0,0,1,Ignored
5,2,6,352.0,0.0,120.0,1,1,Ignored
6,3,4,2433.0,15.0,91.0,0,1,Ignored
2,2,2,1569.0,10.0,341.0,0,2,Slow
3,2,2,1179.0,0.0,300.0,1,1,Slow
4,2,6,455.0,10.0,233.0,0,1,Ignored
2,3,2,1481.0,20.0,317.0,1,1,Slow
1,2,8,164.0,5.0,328.0,0,1,Slow
1,3,2,1237.0,15.0,363.0,1,1,Fast
3,3,2,763.0,20.0,306.0,1,2,Fast
3,2,4,1821.0,20.0,327.0,1,1,Fast
2,1,6,985.0,0.0,331.0,1,1,Fast
3,1,6,457.0,20.0,300.0,1,1,Fast
1,1,2,669.0,15.0,337.0,1,2,Fast
4,2,4,1792.0,15.0,219.0,0,1,Ignored
2,2,1,741.0,5.0,299.0,0,2,Slow
1,2,6,938.0,20.0,377.0,0,1,Fast
4,3,6,1012.0,25.0,238.0,1,1,Slow
3,2,7,1926.0,15.0,300.0,1,1,Fast
1,1,5,1213.0,15.0,391.0,1,2,Fast
5,3,4,3535.0,15.0,133.0,0,1,Ignored
4,1,2,2334.0,10.0,218.0,1,1,Slow
4,2,7,2576.0,5.0,205.0,1,2,Slow
6,3,6,1957.0,20.0,49.0,0,2,Ignored
4,1,5,2027.0,5.0,216.0,0,1,Slow
6,3,5,1136.0,20.0,111.0,1,1,Ignored
3,2,8,929.0,10.0,310.0,0,2,Slow
5,3,5,2710.0,15.0,147.0,1,1,Ignored
4,2,8,1109.0,15.0,248.0,0,1,Ignored
3,2,4,430.0,25.0,280.0,1,1,Fast
6,1,1,436.0,15.0,129.0,1,1,Slow
3,1,1,1195.0,10.0,310.0,0,2,Fast
5,1,1,744.0,25.0,145.0,0,1,Slow
3,3,3,4385.0,10.0,373.0,0,1,Slow
4,2,4,949.0,20.0,,0,2,Slow
2,3,5,1662.0,0.0,313.0,0,2,Ignored
1,2,4,590.0,30.0,292.0,0,1,Fast
4,3,5,1854.0,20.0,208.0,0,1,Ignored
1,3,7,1422.0,0.0,365.0,1,2,Slow
1,1,4,1004.0,15.0,367.0,0,2,Fast
6,2,1,431.0,5.0,64.0,0,2,Ignored
4,1,2,1132.0,0.0,223.0,0,1,Slow
1,1,1,1368.0,10.0,350.0,0,1,Fast
6,2,8,905.0,0.0,43.0,0,2,Ignored
4,1,7,810.0,25.0,219.0,1,1,Fast
5,2,4,2744.0,20.0,196.0,0,1,Ignored
4,1,5,1062.0,20.0,237.0,0,2,Slow
4,3,3,504.0,20.0,284.0,0,1,Slow
4,1,1,2570.0,15.0,215.0,0,1,Slow
3,3,3,1816.0,0.0,286.0,1,2,Slow
6,1,8,575.0,30.0,33.0,1,1,Slow
1,1,4,2295.0,30.0,339.0,1,2,Fast
1,3,5,1192.0,0.0,356.0,1,1,Slow
5,3,8,2124.0,0.0,151.0,0,1,Ignored
2,2,2,574.0,5.0,318.0,0,2,Slow
4,3,4,713.0,15.0,272.0,1,1,Slow
2,1,6,2483.0,15.0,359.0,0,1,Fast
3,2,5,741.0,10.0,353.0,0,2,Slow
3,2,4,427.0,15.0,284.0,0,1,Slow
1,1,5,1340.0,10.0,380.0,0,1,Fast
6,3,6,835.0,10.0,119.0,0,2,Ignored
3,1,8,839.0,30.0,295.0,1,1,Fast
5,2,1,1475.0,30.0,147.0,1,2,Ignored
6,1,2,504.0,5.0,62.0,0,2,Ignored
3,1,2,2213.0,30.0,294.0,0,1,Fast
6,1,5,1991.0,5.0,88.0,0,2,Ignored
6,2,5,3763.0,10.0,123.0,0,2,Ignored
3,3,4,3298.0,30.0,306.0,1,1,Slow
2,3,7,2009.0,25.0,352.0,0,1,Slow
5,1,7,693.0,15.0,190.0,0,2,Slow
2,2,5,1058.0,15.0,385.0,0,1,Slow
4,1,3,1193.0,10.0,247.0,0,2,Slow
4,2,3,766.0,25.0,247.0,1,1,Fast
5,2,8,2491.0,15.0,139.0,0,2,Ignored
6,1,6,1073.0,20.0,119.0,0,1,Ignored
6,2,4,1118.0,0.0,84.0,1,2,Ignored
3,1,1,1090.0,25.0,347.0,1,2,Fast
3,1,2,1555.0,25.0,325.0,0,2,Fast
5,3,5,1277.0,15.0,145.0,0,1,Ignored
5,2,5,559.0,20.0,160.0,0,2,Ignored
4,2,8,1347.0,30.0,204.0,0,1,Slow
6,1,7,569.0,5.0,102.0,0,1,Ignored
2,2,7,618.0,20.0,359.0,1,1,Fast
1,1,8,4155.0,10.0,353.0,1,1,Fast
2,3,3,3878.0,5.0,343.0,0,2,Slow
2,3,5,2145.0,25.0,335.0,0,2,Slow
1,3,3,314.0,5.0,319.0,0,2,Slow
3,2,3,1158.0,20.0,361.0,1,1,Fast
4,2,1,2012.0,15.0,227.0,0,2,Ignored
3,3,7,3255.0,15.0,304.0,1,1,Slow
2,1,2,382.0,30.0,332.0,1,1,Fast
2,2,2,1114.0,30.0,314.0,1,1,Fast
2,1,3,751.0,20.0,254.0,0,2,Fast
4,1,5,894.0,10.0,164.0,0,2,Slow
2,3,6,1246.0,0.0,351.0,1,2,Slow
5,1,5,2604.0,0.0,186.0,0,1,Ignored
1,3,1,1251.0,15.0,339.0,0,1,Slow
2,3,1,1680.0,30.0,399.0,1,1,Fast
2,1,6,1561.0,5.0,323.0,0,2,Fast
6,1,3,251.0,25.0,105.0,0,2,Slow
5,3,1,2193.0,20.0,135.0,1,1,Ignored
1,1,6,4492.0,5.0,319.0,1,2,Fast
3,3,8,2663.0,25.0,352.0,1,1,Slow
3,1,3,1821.0,0.0,330.0,0,2,Slow
5,1,3,1343.0,15.0,164.0,0,1,Ignored
6,2,6,1981.0,25.0,85.0,1,2,Ignored
1,2,1,2523.0,25.0,340.0,1,1,Fast
5,1,8,924.0,15.0,189.0,1,2,Slow
4,1,7,1669.0,30.0,240.0,0,1,Fast
6,1,6,2011.0,0.0,74.0,0,2,Ignored
3,1,1,553.0,15.0,312.0,0,1,Fast
4,1,2,2144.0,25.0,241.0,1,1,Fast
5,2,3,1169.0,20.0,152.0,1,1,Ignored
3,1,5,496.0,10.0,315.0,0,1,Fast
2,3,2,2279.0,0.0,361.0,0,1,Ignored
3,1,4,436.0,15.0,307.0,1,2,Fast
6,3,5,913.0,30.0,91.0,0,1,Ignored
4,3,8,3121.0,30.0,231.0,1,1,Ignored
1,1,5,1236.0,10.0,360.0,0,2,Fast
6,1,8,255.0,25.0,84.0,0,2,Slow
1,2,4,3186.0,0.0,332.0,0,1,Slow
4,3,6,1372.0,5.0,293.0,0,2,Ignored
6,1,5,1953.0,20.0,90.0,1,2,Ignored
4,1,3,2675.0,25.0,282.0,0,1,Fast
3,1,8,739.0,30.0,293.0,0,1,Fast
1,2,3,942.0,20.0,325.0,0,2,Slow
4,3,4,3376.0,25.0,217.0,0,2,Ignored
5,3,6,3711.0,5.0,174.0,0,1,Ignored
6,3,6,1681.0,20.0,98.0,0,2,Ignored
2,1,7,827.0,0.0,377.0,0,1,Fast
3,1,4,594.0,0.0,341.0,0,2,Fast
3,1,5,1288.0,0.0,311.0,1,2,Fast
3,3,1,884.0,30.0,333.0,0,1,Slow
1,3,8,1362.0,0.0,,0,1,Slow
5,1,6,2795.0,10.0,164.0,0,1,Ignored
3,1,6,893.0,5.0,265.0,0,1,Fast
2,3,7,930.0,15.0,296.0,1,2,Slow
5,3,8,652.0,25.0,127.0,1,1,Ignored
6,2,8,2267.0,25.0,93.0,1,1,Ignored
1,3,1,2035.0,20.0,346.0,0,1,Slow
4,3,7,164.0,20.0,264.0,0,1,Slow
5,1,7,1927.0,5.0,193.0,0,2,Ignored
6,2,3,995.0,10.0,119.0,0,2,Ignored
4,1,1,678.0,10.0,262.0,0,1,Slow
4,2,7,1449.0,30.0,232.0,1,1,Slow
1,1,7,674.0,5.0,334.0,1,1,Fast
4,1,2,499.0,0.0,244.0,1,2,Fast
4,1,7,457.0,0.0,207.0,0,2,Slow
3,3,8,1270.0,0.0,332.0,1,2,Slow
1,2,1,669.0,10.0,335.0,1,1,Fast
4,1,2,597.0,30.0,245.0,1,1,Fast
3,2,4,1798.0,15.0,337.0,0,1,Slow
4,3,6,3419.0,25.0,260.0,0,2,Ignored
3,1,4,1986.0,5.0,292.0,0,1,Slow
3,1,1,862.0,5.0,350.0,0,1,Fast
4,3,7,886.0,30.0,246.0,0,2,Ignored
4,1,6,516.0,30.0,275.0,0,1,Fast
1,3,8,1179.0,30.0,324.0,0,2,Slow
1,2,7,2401.0,30.0,344.0,0,1,Fast
4,1,2,2368.0,0.0,238.0,0,2,Slow
6,1,3,1080.0,30.0,86.0,0,1,Ignored
3,1,4,1661.0,20.0,307.0,0,1,Fast
4,1,1,1734.0,0.0,225.0,0,1,Slow
3,1,3,652.0,20.0,325.0,1,1,Fast
3,3,2,2691.0,15.0,317.0,0,1,Slow
6,2,5,1413.0,25.0,62.0,0,2,Ignored
1,2,5,2014.0,0.0,333.0,1,1,Slow
1,2,4,790.0,15.0,328.0,1,1,Fast
6,2,5,2141.0,15.0,35.0,0,1,Ignored
6,2,5,2256.0,10.0,108.0,0,2,Ignored
4,1,2,1012.0,0.0,185.0,0,2,Slow
2,1,1,2302.0,,338.0,1,2,Fast
3,2,8,1024.0,10.0,349.0,0,2,Slow
3,1,2,1381.0,20.0,281.0,0,2,Fast
2,3,6,2892.0,5.0,347.0,1,1,Slow
6,2,5,1504.0,5.0,108.0,1,1,Ignored
6,1,4,3908.0,15.0,116.0,0,2,Ignored
5,3,7,1932.0,5.0,133.0,0,2,Ignored
4,1,6,1071.0,25.0,237.0,1,1,Fast
5,1,6,1794.0,15.0,202.0,0,1,Slow
1,2,6,3076.0,20.0,388.0,1,2,Fast
3,1,1,2977.0,25.0,318.0,1,1,Fast
2,2,4,547.0,25.0,355.0,0,2,Fast
3,1,1,1775.0,15.0,310.0,0,2,Fast
6,1,3,571.0,10.0,58.0,1,1,Ignored
3,2,5,1621.0,20.0,260.0,0,1,Slow
1,3,2,4823.0,0.0,367.0,1,1,Slow
5,3,8,1492.0,0.0,132.0,0,2,Ignored
3,3,3,1766.0,5.0,292.0,0,2,Slow
3,1,6,1904.0,15.0,327.0,1,1,Fast
3,3,2,385.0,10.0,295.0,0,1,Slow
5,3,1,2276.0,0.0,114.0,0,2,Ignored
2,2,2,2807.0,15.0,319.0,0,2,Slow
6,2,7,1039.0,0.0,66.0,1,2,Ignored
5,2,8,1483.0,30.0,115.0,0,1,Ignored
5,3,1,552.0,0.0,156.0,1,2,Ignored
2,3,4,1917.0,20.0,396.0,0,1,Slow
2,2,7,1000.0,0.0,303.0,1,1,Slow
1,2,6,206.0,30.0,366.0,1,1,Fast
1,3,8,2718.0,0.0,278.0,1,1,Slow
2,2,4,568.0,5.0,344.0,1,1,Fast
4,3,6,1146.0,5.0,249.0,0,2,Ignored
4,3,5,3325.0,30.0,238.0,0,2,Slow
3,1,6,2034.0,5.0,346.0,1,1,Fast
6,3,1,1734.0,15.0,105.0,0,2,Ignored
1,1,4,2120.0,0.0,363.0,0,2,Fast
5,3,1,567.0,0.0,158.0,1,2,Ignored
5,1,2,1743.0,5.0,120.0,1,2,Slow
2,3,7,897.0,10.0,363.0,0,2,Slow
3,3,4,1536.0,15.0,332.0,1,1,Slow
1,1,8,2508.0,20.0,349.0,0,1,Fast
6,3,4,473.0,10.0,74.0,0,1,Ignored
3,2,8,,0.0,322.0,1,2,Slow
1,2,6,3011.0,25.0,359.0,0,2,Slow
5,3,7,653.0,15.0,120.0,0,1,Ignored
4,2,3,2096.0,20.0,218.0,0,1,Ignored
2,3,5,2494.0,15.0,289.0,1,1,Slow
3,3,2,634.0,0.0,306.0,0,1,Ignored
1,3,4,589.0,5.0,349.0,1,1,Fast
3,2,2,552.0,15.0,332.0,0,2,Slow
5,1,4,1299.0,0.0,137.0,0,1,Ignored
1,3,7,536.0,30.0,423.0,1,1,Fast
4,2,4,2371.0,5.0,278.0,0,1,Ignored
5,3,8,3345.0,0.0,109.0,1,1,Ignored
1,2,4,1541.0,0.0,330.0,0,2,Slow
1,3,1,740.0,0.0,389.0,1,2,Slow
3,1,6,1469.0,10.0,274.0,1,2,Fast
3,2,5,458.0,5.0,291.0,1,1,Fast
4,2,1,1729.0,20.0,245.0,1,1,Slow
6,3,1,530.0,0.0,87.0,1,1,Ignored
4,3,8,518.0,25.0,262.0,0,1,Slow
2,1,6,1377.0,0.0,329.0,0,2,Fast
5,3,1,999999.0,10.0,109.0,0,1,Ignored
6,1,1,4106.0,25.0,153.0,1,2,Slow
5,1,1,1228.0,20.0,101.0,0,2,Slow
1,1,6,3352.0,5.0,326.0,0,1,Slow
6,2,6,2701.0,25.0,115.0,0,1,Ignored
4,2,5,3649.0,5.0,223.0,0,1,Ignored
5,3,5,2686.0,0.0,116.0,0,1,Ignored
1,1,6,1227.0,30.0,373.0,0,1,Fast
6,1,4,1206.0,5.0,108.0,0,1,Ignored
1,2,2,2013.0,15.0,345.0,0,1,Slow
3,2,6,2470.0,5.0,299.0,1,1,Slow
6,3,8,1783.0,15.0,79.0,0,1,Ignored
1,3,3,929.0,25.0,406.0,0,1,Fast
6,3,3,998.0,25.0,60.0,0,1,Ignored
5,1,6,1540.0,15.0,84.0,0,1,Ignored
5,1,8,1643.0,15.0,181.0,1,1,Slow
4,1,4,4257.0,30.0,238.0,0,2,Slow
2,3,5,1491.0,10.0,315.0,0,1,Slow
2,2,6,896.0,30.0,304.0,0,2,Fast
2,2,4,326.0,20.0,274.0,0,2,Fast
4,2,4,358.0,30.0,231.0,0,2,Slow
2,3,7,537.0,20.0,314.0,1,1,Slow
5,3,3,1166.0,0.0,159.0,1,1,Ignored
6,1,2,180.0,10.0,92.0,0,2,Slow
4,3,1,1096.0,15.0,238.0,0,2,Ignored
3,3,2,695.0,15.0,337.0,0,2,Slow
6,1,7,783.0,0.0,54.0,0,1,Ignored
1,3,7,462.0,5.0,,0,2,Slow
4,3,6,1242.0,5.0,237.0,0,2,Ignored
5,3,2,2845.0,10.0,136.0,1,1,Ignored
4,1,1,1318.0,10.0,282.0,0,1,Slow
5,3,7,1876.0,30.0,156.0,1,1,Ignored
5,1,8,2014.0,5.0,122.0,1,1,Ignored
2,2,2,2748.0,10.0,360.0,0,2,Slow
4,2,6,1335.0,30.0,250.0,1,1,Slow
4,3,7,256.0,15.0,277.0,0,1,Slow
5,2,7,808.0,0.0,182.0,0,2,Ignored
4,1,6,512.0,20.0,282.0,1,2,Fast
1,1,2,621.0,30.0,352.0,0,2,Fast
1,3,4,945.0,5.0,366.0,1,2,Slow
1,2,1,559.0,15.0,334.0,0,1,Fast
5,1,6,533.0,25.0,85.0,1,1,Slow
3,3,4,1195.0,0.0,299.0,0,1,Ignored
1,2,7,530.0,5.0,319.0,0,2,Fast
1,2,1,1115.0,5.0,342.0,0,1,Slow
2,1,3,2144.0,10.0,363.0,0,2,Fast
6,1,6,1599.0,10.0,121.0,0,1,Ignored
4,1,7,1354.0,30.0,271.0,0,2,Fast
3,1,1,2062.0,0.0,340.0,0,1,Fast
6,1,8,5276.0,5.0,158.0,1,2,Slow
4,2,7,550.0,5.0,274.0,0,1,Slow
5,3,1,1479.0,10.0,128.0,1,1,Ignored
5,2,3,,30.0,172.0,0,2,Ignored
6,3,6,1140.0,15.0,72.0,1,2,Ignored
3,2,7,970.0,25.0,337.0,0,2,Fast
6,2,7,4318.0,25.0,72.0,0,2,Ignored
6,2,1,546.0,25.0,69.0,1,1,Ignored
1,1,7,3163.0,25.0,320.0,0,1,Fast
2,1,7,1331.0,25.0,331.0,1,2,Fast
4,3,5,3517.0,30.0,232.0,1,2,Slow
5,3,4,499.0,20.0,128.0,0,2,Ignored
3,3,6,1449.0,10.0,293.0,0,1,Ignored
3,2,8,1122.0,20.0,275.0,1,1,Fast
3,1,7,1838.0,30.0,341.0,1,2,Fast
6,1,8,1743.0,15.0,99.0,0,1,Ignored
2,2,4,2026.0,30.0,319.0,0,2,Fast
3,1,5,3184.0,15.0,328.0,0,1,Fast
4,2,8,905.0,25.0,239.0,0,1,Ignored
1,1,6,2552.0,0.0,327.0,0,1,Fast
5,1,4,522.0,5.0,153.0,1,1,Slow
3,1,1,838.0,0.0,328.0,1,1,Fast
5,3,5,1518.0,20.0,116.0,0,1,Ignored
4,2,1,331.0,10.0,235.0,1,2,Slow
2,3,6,980.0,5.0,321.0,1,2,Slow
2,2,4,1243.0,30.0,340.0,1,1,Fast
5,1,4,1278.0,20.0,96.0,1,1,Slow
5,2,4,2269.0,30.0,149.0,1,1,Ignored
2,1,3,328.0,10.0,322.0,0,1,Fast
3,2,5,1256.0,20.0,309.0,0,1,Slow
5,1,6,2268.0,0.0,173.0,1,1,Slow
3,2,6,379.0,0.0,326.0,0,1,Slow
1,3,6,1916.0,30.0,345.0,1,1,Fast
5,2,6,1491.0,25.0,139.0,1,2,Ignored
1,3,1,665.0,20.0,391.0,0,1,Slow
1,2,3,1042.0,20.0,335.0,0,1,Fast
1,2,1,966.0,15.0,386.0,1,1,Fast
2,1,8,619.0,0.0,329.0,0,1,Fast
3,2,2,4313.0,20.0,352.0,1,1,Slow
3,3,7,1045.0,5.0,289.0,0,1,Ignored
6,1,8,1335.0,30.0,58.0,0,2,Ignored
3,2,2,1142.0,20.0,294.0,0,1,Slow
1,2,8,1536.0,30.0,383.0,0,2,Fast
1,1,1,1039.0,5.0,329.0,1,2,Fast
1,2,2,604.0,25.0,342.0,1,1,Fast
3,2,6,2405.0,25.0,300.0,0,2,Slow
1,3,7,1047.0,0.0,348.0,0,2,Slow
6,2,7,3458.0,10.0,49.0,1,2,Ignored
4,1,8,3231.0,5.0,184.0,0,2,Slow
2,1,1,966.0,15.0,303.0,0,1,Fast
3,1,7,603.0,15.0,303.0,0,1,Fast
2,1,3,3756.0,0.0,290.0,0,2,Slow
5,1,8,1311.0,30.0,180.0,0,1,Slow
6,3,1,1714.0,0.0,96.0,1,2,Ignored
3,3,5,1286.0,20.0,309.0,0,1,Slow
2,1,2,812.0,0.0,358.0,0,2,Fast
5,1,6,218.0,30.0,187.0,0,1,Fast
3,2,4,1190.0,0.0,292.0,1,2,Slow
3,3,7,838.0,10.0,293.0,0,1,Slow
2,2,5,631.0,15.0,336.0,1,1,Fast
6,3,4,1237.0,25.0,130.0,0,2,Ignored
6,3,1,2823.0,25.0,69.0,0,2,Ignored
5,2,7,431.0,5.0,149.0,1,1,Ignored
1,1,5,2522.0,20.0,357.0,0,1,Fast
4,1,2,2135.0,20.0,245.0,0,1,Fast
2,3,3,938.0,30.0,357.0,1,1,Fast
3,2,1,399.0,5.0,295.0,1,1,Slow
6,2,6,943.0,20.0,101.0,1,1,Ignored
2,2,4,493.0,0.0,374.0,0,1,Slow
5,2,4,1417.0,5.0,176.0,1,1,Ignored
3,1,1,1850.0,0.0,335.0,0,1,Slow
1,2,4,201.0,30.0,345.0,1,2,Fast
2,1,8,688.0,20.0,318.0,0,1,Fast
3,1,3,2497.0,5.0,311.0,0,2,Fast
2,2,1,726.0,25.0,314.0,1,1,Fast
4,2,6,1783.0,25.0,257.0,0,1,Slow
2,1,3,1486.0,30.0,289.0,1,2,Fast
3,2,3,790.0,10.0,346.0,0,1,Slow
2,1,1,607.0,5.0,293.0,1,2,Fast
1,3,4,1428.0,30.0,331.0,0,1,Slow
1,2,5,1186.0,30.0,355.0,1,1,Fast
2,3,6,2038.0,25.0,280.0,1,1,Fast
2,2,1,2589.0,25.0,343.0,1,1,Fast
3,1,8,2277.0,0.0,,0,1,Slow
3,1,3,998.0,10.0,254.0,0,2,Fast
6,1,8,1396.0,15.0,69.0,0,1,Ignored
3,3,7,2235.0,20.0,335.0,1,1,Slow
4,1,4,3441.0,15.0,218.0,0,2,Slow
3,2,6,1796.0,5.0,283.0,1,1,Slow
5,1,7,4704.0,5.0,175.0,0,1,Ignored
1,1,6,762.0,10.0,373.0,1,1,Fast
5,3,1,2032.0,15.0,148.0,1,2,Ignored
2,1,3,736.0,20.0,340.0,0,2,Fast
5,2,3,,15.0,134.0,1,1,Ignored
6,3,4,3411.0,20.0,64.0,0,2,Ignored
6,3,6,1589.0,0.0,74.0,0,1,Ignored
6,1,5,904.0,25.0,88.0,1,2,Slow
3,1,4,459.0,20.0,330.0,0,2,Fast
5,3,6,553.0,20.0,133.0,0,1,Ignored
3,1,6,1861.0,15.0,351.0,1,1,Fast
2,1,2,1215.0,25.0,340.0,0,1,Fast
2,3,7,957.0,25.0,348.0,0,1,Slow
6,1,7,1193.0,10.0,115.0,1,2,Slow
1,1,4,1094.0,20.0,294.0,0,1,Fast
3,2,5,1382.0,10.0,295.0,0,2,Slow
1,3,5,407.0,5.0,376.0,0,1,Slow
6,2,2,422.0,5.0,111.0,0,2,Ignored
3,2,8,1041.0,5.0,349.0,0,2,Slow
3,1,3,1137.0,15.0,332.0,0,2,Slow
5,1,8,1479.0,0.0,142.0,0,2,Ignored
6,3,6,1033.0,25.0,84.0,1,2,Ignored
4,2,4,2127.0,10.0,249.0,0,2,Ignored
6,3,5,936.0,30.0,110.0,1,2,Ignored
2,2,1,1615.0,10.0,332.0,1,1,Fast
2,1,2,1404.0,25.0,323.0,1,1,Fast
4,1,8,605.0,20.0,217.0,1,2,Fast
3,2,4,1693.0,15.0,319.0,0,2,Slow
6,1,2,1842.0,15.0,64.0,1,1,Ignored
1,3,8,1400.0,30.0,356.0,1,2,Fast
2,2,5,520.0,30.0,313.0,1,2,Fast
1,3,8,1185.0,0.0,374.0,1,2,Slow
3,1,3,2885.0,10.0,324.0,1,1,Fast
1,2,7,1605.0,25.0,367.0,0,2,Fast
2,3,8,922.0,20.0,334.0,0,1,Slow
5,1,8,2524.0,0.0,91.0,1,1,Ignored
5,3,7,1266.0,15.0,173.0,1,1,Ignored
6,2,8,1116.0,0.0,57.0,1,2,Ignored
3,1,8,469.0,5.0,377.0,0,2,Fast
5,1,3,2093.0,5.0,160.0,1,1,Slow
5,3,7,707.0,20.0,173.0,0,1,Ignored
6,3,3,733.0,0.0,42.0,0,1,Ignored
5,1,5,948.0,20.0,173.0,1,2,Slow
4,3,7,1769.0,20.0,231.0,1,2,Slow
3,3,2,1438.0,20.0,303.0,1,2,Slow
2,3,5,1759.0,0.0,350.0,0,1,Slow
2,1,2,1171.0,20.0,330.0,1,1,Fast
3,3,2,808.0,25.0,312.0,1,1,Slow
6,2,2,795.0,10.0,83.0,1,1,Ignored
6,2,7,1609.0,10.0,107.0,1,1,Ignored
5,1,3,448.0,15.0,176.0,1,1,Slow
3,3,1,365.0,,321.0,0,2,Ignored
6,2,5,585.0,25.0,84.0,1,1,Slow
6,1,6,1334.0,25.0,153.0,0,2,Ignored
3,3,4,527.0,15.0,332.0,1,1,Slow
4,1,2,2931.0,15.0,281.0,1,1,Fast
5,2,7,2463.0,25.0,125.0,1,2,Ignored
4,1,4,2125.0,15.0,249.0,0,1,Slow
6,3,2,2386.0,0.0,75.0,0,1,Ignored
5,2,4,1184.0,15.0,154.0,0,2,Ignored
5,2,2,731.0,10.0,146.0,0,2,Ignored
4,1,5,1191.0,25.0,195.0,1,1,Fast
2,1,1,,30.0,316.0,1,1,Fast
2,1,1,792.0,5.0,367.0,0,2,Fast
5,3,2,1384.0,25.0,116.0,0,2,Ignored
1,2,1,1496.0,20.0,349.0,0,2,Fast
1,3,2,4045.0,25.0,402.0,0,1,Fast
3,2,1,2272.0,5.0,332.0,0,1,Slow
2,3,1,1455.0,20.0,344.0,1,2,Slow
2,1,7,2995.0,15.0,319.0,1,1,Fast
4,1,7,3636.0,15.0,259.0,0,1,Slow
2,2,3,1377.0,20.0,341.0,0,1,Slow
3,2,4,676.0,5.0,338.0,1,2,Slow
2,3,7,2562.0,5.0,353.0,1,2,Slow
5,1,7,1042.0,30.0,204.0,0,2,Ignored
4,2,3,1016.0,30.0,228.0,0,1,Slow
2,2,4,1055.0,25.0,327.0,1,2,Fast
2,3,1,1507.0,25.0,352.0,1,2,Fast
5,1,4,884.0,30.0,150.0,0,1,Slow
5,1,1,673.0,15.0,147.0,1,2,Slow
2,3,3,1052.0,10.0,349.0,0,2,Slow
6,1,3,1089.0,25.0,74.0,0,1,Ignored
4,1,5,680.0,15.0,251.0,0,1,Slow
2,3,1,1487.0,5.0,336.0,0,2,Ignored
5,3,4,2632.0,5.0,113.0,1,1,Ignored
4,2,7,2475.0,25.0,226.0,1,1,Slow
6,2,1,3899.0,15.0,91.0,0,1,Ignored
2,2,2,3062.0,0.0,312.0,0,2,Ignored
6,3,6,1077.0,5.0,66.0,1,1,Ignored
3,3,7,1815.0,15.0,270.0,0,1,Slow
6,1,5,1962.0,25.0,113.0,1,2,Ignored
6,2,8,1420.0,30.0,82.0,1,2,Ignored
1,3,6,948.0,15.0,331.0,1,2,Slow
4,3,5,,20.0,257.0,0,2,Slow
4,3,3,2903.0,30.0,260.0,0,1,Slow
2,3,7,2243.0,10.0,325.0,1,2,Slow
4,3,2,264.0,20.0,268.0,1,1,Slow
4,3,1,4727.0,30.0,298.0,0,2,Slow
3,3,6,1867.0,25.0,303.0,0,1,Slow
4,2,7,473.0,20.0,280.0,1,1,Slow
2,3,5,762.0,0.0,380.0,0,2,Ignored
5,3,6,3246.0,5.0,157.0,0,2,Ignored
4,3,6,1640.0,15.0,275.0,0,2,Ignored
4,1,6,535.0,10.0,278.0,1,1,Slow
5,3,4,1437.0,0.0,136.0,1,2,Ignored
5,1,7,1703.0,10.0,,0,1,Ignored
6,1,4,1434.0,20.0,102.0,0,2,Ignored
3,1,1,1541.0,0.0,306.0,0,1,Slow
3,3,4,970.0,25.0,353.0,0,1,Slow
3,2,8,1100.0,25.0,305.0,0,1,Slow
6,3,8,1250.0,25.0,107.0,1,1,Ignored
3,3,8,467.0,15.0,337.0,0,2,Slow
6,2,8,3626.0,15.0,84.0,1,1,Ignored
2,1,6,1191.0,10.0,300.0,1,2,Fast
4,3,4,1335.0,30.0,220.0,1,2,Slow
6,2,4,3769.0,10.0,94.0,1,1,Ignored
3,2,2,787.0,0.0,358.0,0,1,Slow
1,2,8,667.0,0.0,379.0,1,2,Slow
4,2,6,790.0,15.0,233.0,0,1,Ignored
4,2,5,848.0,5.0,239.0,0,1,Ignored
1,2,2,266.0,0.0,388.0,0,1,Fast
4,3,6,693.0,25.0,290.0,0,1,Slow
6,3,2,2256.0,25.0,95.0,0,1,Ignored
1,1,5,829.0,30.0,322.0,0,2,Fast
3,2,6,2795.0,30.0,291.0,1,2,Fast
1,3,8,471.0,10.0,266.0,1,1,Slow
4,2,1,1711.0,5.0,248.0,0,2,Ignored
4,3,1,1960.0,20.0,217.0,1,1,Slow
5,2,4,1294.0,25.0,147.0,0,1,Ignored
3,3,6,2632.0,10.0,358.0,0,2,Ignored
6,2,1,804.0,25.0,153.0,1,1,Ignored
1,3,5,1090.0,25.0,342.0,1,1,Fast
5,3,7,2147.0,30.0,122.0,0,1,Ignored
6,2,2,249.0,20.0,74.0,1,1,Ignored
5,3,6,1765.0,15.0,151.0,1,1,Ignored
1,1,5,1772.0,5.0,407.0,1,2,Fast
1,3,8,1378.0,20.0,373.0,0,1,Slow
1,3,1,4521.0,5.0,378.0,1,1,Slow
6,1,7,564.0,0.0,73.0,0,2,Ignored
5,2,3,1384.0,20.0,166.0,1,2,Ignored
5,2,7,2491.0,0.0,198.0,1,1,Ignored
4,2,4,1284.0,30.0,214.0,1,1,Slow
5,3,4,1794.0,20.0,175.0,1,1,Ignored
2,2,5,1406.0,0.0,348.0,1,1,Slow
2,3,6,983.0,25.0,358.0,1,2,Fast
1,1,1,2719.0,20.0,326.0,1,1,Fast
4,1,7,4842.0,0.0,261.0,0,2,Ignored
1,1,7,515.0,5.0,356.0,1,1,Fast
2,3,5,591.0,10.0,344.0,0,1,Slow
5,2,1,1497.0,30.0,139.0,0,1,Ignored
3,2,3,1970.0,10.0,295.0,1,1,Slow
3,1,2,561.0,10.0,307.0,1,2,Fast
4,1,6,1135.0,10.0,256.0,0,2,Fast
3,3,5,387.0,30.0,321.0,1,2,Fast
3,3,7,1002.0,15.0,286.0,1,2,Slow
3,2,5,1373.0,25.0,293.0,0,1,Slow
1,3,1,399.0,30.0,283.0,0,1,Fast
2,3,5,4442.0,20.0,300.0,0,1,Slow
3,3,3,2448.0,20.0,339.0,1,1,Slow
1,1,3,1909.0,25.0,333.0,0,1,Fast
4,1,2,2139.0,5.0,230.0,0,2,Slow
2,1,1,2598.0,30.0,322.0,0,2,Fast
4,2,2,2706.0,0.0,290.0,1,1,Slow
6,1,8,142.0,10.0,90.0,0,1,Slow
6,2,1,810.0,25.0,72.0,1,2,Ignored
6,1,8,5335.0,20.0,54.0,1,2,Ignored
4,2,3,629.0,30.0,282.0,0,1,Slow
6,3,4,1997.0,10.0,78.0,0,1,Ignored
5,1,3,603.0,5.0,113.0,1,2,Slow
5,3,8,2105.0,15.0,138.0,0,2,Ignored
2,3,7,2254.0,20.0,339.0,0,1,Slow
3,1,7,333.0,15.0,275.0,0,1,Fast
1,1,2,238.0,30.0,333.0,1,2,Fast
5,2,7,1292.0,10.0,128.0,0,2,Ignored
3,3,5,392.0,30.0,282.0,1,1,Slow
3,1,7,1304.0,0.0,298.0,0,1,Fast
2,2,1,2374.0,20.0,393.0,1,2,Fast
3,3,6,938.0,0.0,298.0,0,1,Ignored
3,2,5,3460.0,15.0,306.0,0,2,Slow
1,3,1,530.0,5.0,330.0,0,2,Slow
3,1,6,1956.0,30.0,310.0,1,2,Fast
3,1,6,3813.0,20.0,318.0,0,2,Fast
2,1,5,1495.0,20.0,275.0,1,1,Fast
4,3,7,338.0,5.0,245.0,0,1,Ignored
2,3,6,940.0,25.0,340.0,0,2,Fast
6,3,6,,10.0,109.0,1,2,Ignored
1,1,8,765.0,25.0,353.0,1,1,Fast
1,1,5,1276.0,30.0,356.0,0,1,Fast
1,1,1,584.0,30.0,302.0,0,1,Fast
5,2,3,1997.0,10.0,96.0,0,2,Ignored
1,1,4,2211.0,15.0,366.0,0,1,Fast
1,2,3,3537.0,5.0,302.0,0,2,Slow
1,2,2,891.0,5.0,294.0,0,1,Slow
6,2,1,2556.0,15.0,96.0,1,1,Ignored
4,1,8,703.0,10.0,207.0,0,1,Slow
3,2,5,893.0,5.0,332.0,1,2,Slow
2,2,8,448.0,15.0,333.0,0,1,Slow
6,2,6,832.0,30.0,144.0,1,2,Ignored
2,3,6,1522.0,5.0,293.0,1,1,Slow
2,1,8,639.0,25.0,295.0,1,1,Fast
5,1,8,2766.0,10.0,124.0,0,2,Ignored
2,1,3,2658.0,30.0,269.0,0,2,Fast
2,1,4,1196.0,15.0,358.0,1,1,Fast
4,1,1,1116.0,25.0,247.0,0,1,Fast
3,2,4,1081.0,0.0,346.0,1,2,Slow
1,1,1,691.0,30.0,320.0,1,2,Fast
5,3,3,1385.0,0.0,180.0,0,2,Ignored
4,1,5,1115.0,20.0,218.0,0,2,Slow
2,2,3,1473.0,5.0,367.0,0,1,Slow
6,1,4,1582.0,5.0,73.0,0,2,Ignored
2,1,3,1481.0,10.0,357.0,0,2,Fast
1,2,1,825.0,20.0,351.0,0,2,Fast
1,3,4,1836.0,30.0,349.0,1,1,Fast
5,3,5,966.0,30.0,147.0,0,1,Ignored
1,2,3,565.0,15.0,376.0,0,2,Fast
1,3,3,2284.0,30.0,367.0,1,1,Fast
4,2,5,2127.0,10.0,232.0,0,2,Ignored
1,3,1,506.0,5.0,339.0,1,1,Slow
5,2,4,764.0,30.0,101.0,0,2,Ignored
1,2,7,313.0,5.0,395.0,0,1,Fast
1,2,2,957.0,25.0,374.0,0,2,Fast
5,1,8,981.0,15.0,149.0,0,2,Ignored
1,3,6,2523.0,10.0,336.0,0,2,Slow
6,3,4,550.0,15.0,48.0,0,2,Ignored
2,2,4,1174.0,0.0,302.0,1,2,Fast
6,3,5,1363.0,5.0,162.0,1,1,Ignored
4,3,3,582.0,10.0,265.0,0,1,Ignored
3,2,6,1558.0,20.0,272.0,0,2,Slow
5,2,8,1036.0,10.0,119.0,1,2,Ignored
2,1,3,1349.0,20.0,309.0,0,2,Fast
6,2,5,1406.0,20.0,110.0,1,1,Ignored
1,1,3,1007.0,10.0,323.0,0,1,Fast
1,1,3,472.0,10.0,359.0,0,1,Fast
3,1,8,1015.0,0.0,290.0,0,2,Slow
5,2,1,1371.0,15.0,140.0,1,1,Ignored
4,3,2,733.0,15.0,278.0,0,1,Ignored
6,1,6,2326.0,20.0,132.0,0,1,Slow
6,2,7,1283.0,25.0,126.0,0,1,Ignored
5,2,4,1079.0,20.0,103.0,1,1,Ignored
5,2,4,3482.0,0.0,146.0,1,2,Ignored
3,3,5,1730.0,20.0,297.0,1,2,Slow
2,3,6,484.0,25.0,311.0,0,2,Fast
5,3,2,1392.0,10.0,152.0,1,1,Ignored
3,2,5,526.0,25.0,308.0,0,2,Fast
4,2,7,1674.0,25.0,217.0,0,2,Slow
4,3,1,721.0,20.0,269.0,0,1,Ignored
1,2,1,3605.0,0.0,,0,2,Slow
5,1,7,4037.0,15.0,182.0,0,1,Slow
4,3,2,807.0,0.0,221.0,0,2,Ignored
4,1,5,318.0,25.0,246.0,1,2,Fast
2,2,8,2419.0,25.0,330.0,1,1,Slow
2,2,6,961.0,20.0,329.0,1,1,Fast
1,2,2,2555.0,30.0,338.0,1,1,Fast
2,3,7,1062.0,30.0,368.0,1,1,Fast
1,2,6,1167.0,5.0,378.0,0,1,Slow
4,3,7,1545.0,10.0,199.0,1,1,Slow
5,2,8,1005.0,5.0,137.0,0,2,Ignored
6,3,7,389.0,5.0,68.0,0,2,Ignored
5,3,7,3603.0,10.0,139.0,1,1,Ignored
2,2,3,2787.0,15.0,312.0,0,1,Slow
1,2,2,1345.0,5.0,398.0,0,2,Slow
5,3,5,359.0,20.0,149.0,1,2,Ignored
3,3,6,2957.0,0.0,350.0,0,1,Ignored
4,3,6,1189.0,10.0,265.0,1,1,Slow
2,3,7,439.0,5.0,377.0,0,1,Slow
4,2,5,1975.0,5.0,316.0,0,2,Ignored
5,1,6,540.0,10.0,129.0,0,1,Ignored
2,3,3,1264.0,5.0,353.0,0,1,Slow
2,2,1,413.0,5.0,300.0,0,1,Slow
5,3,6,663.0,10.0,133.0,0,1,Ignored
3,2,5,1281.0,25.0,275.0,0,2,Slow
6,3,2,1309.0,25.0,129.0,0,1,Ignored
5,2,8,3635.0,30.0,121.0,0,1,Ignored
2,3,2,1742.0,20.0,342.0,1,2,Fast
4,2,7,544.0,0.0,252.0,0,1,Ignored
3,2,6,1096.0,5.0,366.0,0,2,Slow
5,2,6,1363.0,25.0,161.0,1,1,Ignored
4,3,8,1138.0,5.0,197.0,1,2,Ignored
4,3,3,2001.0,15.0,245.0,0,1,Ignored
5,1,5,1609.0,30.0,140.0,0,1,Slow
3,3,3,804.0,10.0,315.0,1,2,Slow
4,1,4,402.0,30.0,208.0,0,2,Fast
1,1,7,695.0,5.0,380.0,0,1,Fast
6,2,7,446.0,20.0,51.0,0,2,Ignored
3,1,2,811.0,30.0,311.0,1,1,Fast
3,1,2,401.0,10.0,348.0,0,2,Fast
5,2,2,204.0,30.0,98.0,0,2,Ignored
6,1,3,1424.0,5.0,73.0,0,1,Ignored
4,1,5,486.0,20.0,279.0,0,2,Fast
1,1,3,831.0,20.0,355.0,1,1,Fast
6,1,8,1655.0,25.0,108.0,0,2,Slow
4,1,8,1252.0,25.0,217.0,1,2,Fast
6,2,2,882.0,0.0,90.0,0,1,Ignored
3,1,4,1850.0,10.0,319.0,0,1,Fast
4,3,2,2039.0,15.0,220.0,1,1,Slow
2,3,7,719.0,30.0,373.0,0,2,Fast
3,2,1,990.0,20.0,298.0,0,2,Slow
4,1,8,2165.0,15.0,207.0,0,1,Fast
2,2,1,427.0,5.0,367.0,0,1,Fast
2,3,3,775.0,5.0,260.0,1,1,Slow
4,2,6,278.0,30.0,231.0,1,2,Fast
5,2,6,1664.0,20.0,149.0,0,2,Ignored
3,2,2,1694.0,10.0,326.0,1,1,Fast
5,2,1,724.0,5.0,111.0,1,1,Ignored
5,1,4,1121.0,15.0,148.0,0,1,Slow
1,1,5,1826.0,10.0,390.0,0,1,Fast
4,1,8,1192.0,25.0,255.0,1,1,Fast
2,1,5,2504.0,30.0,314.0,0,2,Fast
4,2,6,920.0,0.0,269.0,0,1,Ignored
1,2,6,2792.0,20.0,364.0,1,1,Fast
1,3,5,851.0,25.0,286.0,0,1,Slow
5,1,7,1630.0,15.0,144.0,1,2,Slow
1,2,8,1866.0,0.0,361.0,0,1,Slow
2,2,6,1655.0,0.0,336.0,0,1,Slow
6,3,7,1774.0,20.0,109.0,1,1,Ignored
5,1,4,1162.0,30.0,131.0,1,2,Fast
3,3,3,279.0,20.0,266.0,0,1,Slow
5,2,6,456.0,20.0,169.0,0,2,Ignored
2,1,8,3472.0,25.0,321.0,0,2,Fast
3,1,6,2119.0,5.0,278.0,0,1,Slow
4,1,7,1828.0,10.0,224.0,1,1,Fast
1,3,7,2077.0,5.0,,1,2,Slow
5,3,6,234.0,0.0,164.0,0,2,Ignored
5,3,5,848.0,20.0,109.0,1,2,Ignored
2,1,3,600.0,25.0,324.0,0,2,Fast
1,3,7,1262.0,5.0,366.0,0,2,Slow
3,2,1,1144.0,0.0,295.0,1,2,Slow
6,3,1,654.0,25.0,90.0,1,2,Ignored
6,2,8,2651.0,5.0,91.0,1,2,Ignored
4,1,6,1888.0,15.0,278.0,0,1,Slow
6,3,4,859.0,25.0,120.0,0,2,Ignored
5,1,1,711.0,15.0,171.0,0,1,Slow
5,2,2,738.0,5.0,164.0,1,1,Ignored
2,2,4,2800.0,10.0,328.0,0,1,Slow
6,1,8,1481.0,5.0,130.0,0,1,Ignored
2,3,6,1475.0,10.0,368.0,1,2,Slow
2,3,7,2154.0,20.0,375.0,0,1,Slow
5,1,7,2959.0,15.0,168.0,0,1,Ignored
6,3,5,824.0,15.0,35.0,1,1,Ignored
2,1,7,1222.0,15.0,343.0,0,1,Fast
4,3,1,6487.0,15.0,235.0,0,2,Ignored
4,3,5,2762.0,15.0,218.0,1,1,Slow
5,3,7,2169.0,30.0,123.0,0,1,Ignored
5,2,7,1047.0,25.0,157.0,0,1,Ignored
4,1,7,1173.0,30.0,235.0,0,1,Fast
3,3,4,652.0,25.0,351.0,1,1,Fast
5,2,3,2210.0,30.0,193.0,1,1,Ignored
2,3,4,877.0,10.0,330.0,0,2,Slow
6,1,8,3378.0,0.0,125.0,0,2,Ignored
3,1,1,2045.0,25.0,317.0,0,1,Fast
4,1,7,1310.0,5.0,213.0,0,2,Slow
5,3,3,653.0,30.0,154.0,1,2,Slow
3,3,2,3242.0,15.0,327.0,1,1,Slow
4,3,3,2120.0,10.0,259.0,1,1,Ignored
4,1,3,2463.0,20.0,304.0,0,1,Slow
3,2,4,3153.0,25.0,296.0,0,2,Slow
3,1,3,3694.0,20.0,314.0,1,2,Fast
5,2,1,2159.0,30.0,111.0,1,1,Ignored
3,3,5,1518.0,15.0,334.0,0,1,Slow
6,2,2,2711.0,10.0,106.0,0,2,Ignored
1,2,1,2036.0,15.0,362.0,1,1,Fast
4,3,2,1761.0,25.0,301.0,0,2,Slow
1,3,5,2093.0,25.0,349.0,1,1,Fast
5,2,1,2519.0,5.0,71.0,1,2,Ignored
2,2,6,2901.0,10.0,310.0,0,1,Slow
1,2,4,384.0,30.0,397.0,1,1,Fast
1,1,4,2233.0,30.0,331.0,0,1,Fast
6,2,7,389.0,25.0,95.0,1,2,Slow
2,1,6,281.0,30.0,364.0,1,1,Fast
5,3,4,2127.0,0.0,80.0,1,2,Ignored
2,2,2,1410.0,25.0,304.0,0,1,Fast
5,3,6,598.0,5.0,130.0,1,2,Ignored
1,1,6,288.0,5.0,334.0,1,1,Fast
3,1,6,620.0,30.0,270.0,0,1,Fast
3,2,4,2235.0,30.0,289.0,0,1,Slow
5,3,3,1107.0,25.0,150.0,1,1,Ignored
3,1,8,1865.0,25.0,337.0,1,2,Fast
5,2,8,3826.0,30.0,50.0,0,1,Ignored
1,1,6,1550.0,20.0,367.0,1,2,Fast
2,3,2,1672.0,25.0,294.0,1,2,Slow
3,2,4,1659.0,10.0,320.0,1,1,Slow
5,2,5,1238.0,0.0,148.0,0,1,Ignored
6,1,8,1452.0,0.0,108.0,0,1,Ignored
2,3,4,1288.0,20.0,336.0,0,2,Slow
5,1,4,1247.0,20.0,169.0,1,2,Slow
4,1,6,490.0,20.0,224.0,0,1,Fast
2,1,1,1976.0,10.0,264.0,0,2,Fast
1,3,4,1348.0,0.0,361.0,0,1,Slow
2,2,7,1482.0,25.0,332.0,0,2,Slow
2,1,2,2095.0,10.0,358.0,0,1,Fast
3,1,5,437.0,10.0,365.0,0,1,Fast
4,3,8,1213.0,0.0,247.0,0,2,Ignored
5,3,5,932.0,30.0,175.0,0,1,Ignored
2,3,5,947.0,0.0,366.0,0,1,Slow
5,3,1,1083.0,5.0,108.0,1,2,Ignored
6,1,1,1533.0,20.0,165.0,1,1,Slow
2,1,4,2908.0,5.0,369.0,0,1,Fast
2,2,2,340.0,0.0,388.0,0,2,Fast
1,2,7,1430.0,0.0,345.0,0,2,Slow
2,3,8,1514.0,10.0,304.0,0,1,Slow
5,3,4,1796.0,15.0,148.0,0,2,Ignored
2,1,3,2587.0,0.0,383.0,1,1,Fast
4,2,5,2249.0,30.0,265.0,0,1,Slow
4,1,7,4125.0,25.0,235.0,0,2,Slow
4,1,2,1151.0,10.0,203.0,1,2,Fast
4,1,2,3140.0,5.0,263.0,1,2,Fast
4,2,7,2677.0,30.0,267.0,0,1,Slow
6,3,1,1628.0,20.0,104.0,1,1,Ignored
5,3,2,1877.0,20.0,127.0,1,2,Ignored
4,3,1,1599.0,5.0,246.0,1,1,Ignored
5,1,3,643.0,0.0,105.0,0,1,Ignored
6,2,2,616.0,0.0,71.0,0,1,Ignored
1,3,1,2094.0,5.0,342.0,1,1,Slow
4,3,2,2484.0,10.0,237.0,1,1,Slow
3,2,5,301.0,0.0,274.0,0,2,Slow
2,1,1,1528.0,25.0,327.0,1,1,Fast
3,1,3,538.0,20.0,256.0,0,2,Fast
6,2,3,2526.0,0.0,86.0,1,1,Ignored
2,3,6,,0.0,294.0,1,2,Slow
1,1,5,692.0,20.0,312.0,0,1,Fast
5,3,6,2087.0,20.0,131.0,1,2,Ignored
6,2,1,4235.0,5.0,119.0,0,1,Ignored
3,2,8,3270.0,20.0,338.0,1,1,Fast
3,2,7,2160.0,10.0,308.0,0,1,Slow
1,3,7,1239.0,10.0,327.0,0,2,Slow
5,2,4,1397.0,10.0,155.0,1,2,Ignored
2,2,4,1560.0,5.0,300.0,1,1,Fast
1,2,1,1407.0,30.0,388.0,0,1,Slow
4,3,2,1601.0,20.0,244.0,1,1,Slow
4,1,4,2946.0,0.0,236.0,0,1,Slow
6,1,3,795.0,20.0,116.0,0,1,Ignored
2,3,5,948.0,10.0,320.0,1,2,Slow
4,1,4,1089.0,0.0,194.0,1,2,Fast
2,2,7,3005.0,30.0,358.0,1,2,Fast
4,1,5,3211.0,10.0,267.0,0,2,Slow
4,1,7,1462.0,20.0,246.0,0,1,Slow
1,2,7,1167.0,30.0,414.0,0,1,Fast
6,3,5,748.0,15.0,90.0,1,1,Ignored
4,2,2,535.0,25.0,262.0,0,1,Slow
5,1,6,961.0,25.0,84.0,0,2,Ignored
6,3,3,1024.0,5.0,70.0,0,1,Ignored
2,2,4,1130.0,10.0,303.0,0,1,Slow
3,2,1,463.0,30.0,289.0,0,1,Fast
5,2,8,1496.0,20.0,133.0,0,1,Ignored
2,2,6,1789.0,0.0,360.0,0,1,Ignored
5,1,4,1696.0,25.0,99.0,0,1,Slow
5,3,4,999.0,25.0,180.0,1,2,Ignored
3,1,6,645.0,10.0,296.0,1,2,Fast
3,1,1,1048.0,5.0,315.0,0,2,Slow
1,3,5,3119.0,5.0,374.0,1,2,Slow
5,2,1,1417.0,10.0,157.0,0,1,Ignored
2,2,7,2094.0,25.0,328.0,0,1,Fast
5,2,3,795.0,5.0,120.0,1,2,Ignored
2,1,6,1407.0,10.0,298.0,0,1,Fast
4,2,1,1745.0,0.0,229.0,1,1,Ignored
2,3,6,704.0,30.0,298.0,0,1,Fast
1,3,8,1062.0,5.0,312.0,0,1,Slow
2,3,3,301.0,0.0,299.0,0,2,Slow
4,3,8,609.0,30.0,259.0,1,1,Slow
2,2,1,1623.0,10.0,363.0,0,1,Slow
2,1,7,1179.0,20.0,316.0,1,2,Fast
3,3,6,843.0,0.0,377.0,1,1,Slow
5,2,2,1731.0,25.0,151.0,1,2,Slow
5,2,8,1227.0,0.0,146.0,0,2,Ignored
2,2,8,1920.0,30.0,373.0,0,1,Fast
4,1,1,1746.0,5.0,248.0,1,1,Slow
4,3,6,873.0,30.0,202.0,1,2,Slow
4,2,2,582.0,15.0,,0,1,Slow
6,1,5,348.0,10.0,90.0,0,1,Ignored
5,2,7,239.0,15.0,150.0,0,1,Ignored
3,2,4,2128.0,0.0,281.0,0,2,Slow
4,1,4,3186.0,0.0,209.0,0,1,Ignored
5,3,3,3654.0,25.0,144.0,1,2,Ignored
4,1,4,2127.0,0.0,239.0,0,1,Slow
6,2,4,863.0,25.0,68.0,1,1,Ignored
4,1,7,978.0,5.0,218.0,1,2,Fast
1,1,4,1162.0,0.0,402.0,1,2,Fast
3,3,3,2988.0,20.0,303.0,0,1,Slow
2,1,3,752.0,0.0,375.0,0,2,Fast
2,2,8,1626.0,10.0,297.0,0,2,Slow
6,2,1,2612.0,30.0,85.0,0,2,Ignored
6,3,6,599.0,20.0,133.0,1,1,Ignored
1,2,2,1212.0,30.0,367.0,0,1,Fast
4,3,4,2771.0,30.0,217.0,1,1,Slow
3,2,8,1158.0,20.0,367.0,0,1,Fast
1,1,1,2023.0,25.0,405.0,1,1,Fast
4,3,7,2136.0,25.0,254.0,0,1,Ignored
3,2,8,2984.0,30.0,295.0,0,1,Fast
2,1,4,219.0,20.0,333.0,1,2,Fast
1,2,8,3706.0,30.0,364.0,1,1,Fast
5,1,1,452.0,5.0,83.0,0,1,Slow
2,3,1,1252.0,25.0,294.0,0,1,Slow
4,1,2,1002.0,0.0,225.0,1,1,Slow
2,3,3,901.0,10.0,348.0,1,2,Fast
2,3,2,739.0,5.0,347.0,0,1,Slow
4,3,8,1123.0,10.0,232.0,0,2,Ignored
5,1,3,1974.0,5.0,141.0,1,2,Ignored
5,3,4,1587.0,0.0,187.0,0,2,Ignored
3,1,3,2587.0,20.0,328.0,0,2,Fast
1,2,4,1317.0,5.0,338.0,1,2,Slow
4,2,7,733.0,25.0,245.0,0,2,Fast
5,3,2,780.0,25.0,151.0,1,1,Ignored
4,2,2,1470.0,25.0,263.0,0,1,Slow
5,2,6,1336.0,20.0,155.0,1,1,Ignored
2,2,8,934.0,20.0,317.0,1,2,Fast
2,2,4,3624.0,20.0,310.0,0,2,Slow
2,2,3,264.0,25.0,331.0,1,2,Fast
1,3,8,828.0,15.0,370.0,0,1,Slow
5,1,1,5132.0,30.0,173.0,0,2,Ignored
1,1,5,2023.0,15.0,396.0,0,2,Fast
2,1,4,216.0,30.0,393.0,1,2,Fast
5,1,7,2683.0,5.0,143.0,0,1,Ignored
2,3,6,865.0,0.0,361.0,0,2,Ignored
3,1,4,670.0,10.0,302.0,0,1,Fast
3,2,7,788.0,0.0,290.0,0,1,Slow
5,2,6,2399.0,5.0,117.0,1,1,Ignored
4,1,5,438.0,5.0,288.0,0,1,Slow
1,3,5,641.0,5.0,354.0,0,1,Slow
4,2,4,656.0,25.0,238.0,0,1,Slow
3,1,3,1220.0,0.0,313.0,1,1,Fast
5,2,1,430.0,25.0,160.0,0,1,Ignored
6,1,1,1295.0,5.0,109.0,1,2,Slow
1,1,7,517.0,5.0,348.0,1,2,Fast
4,3,8,2544.0,0.0,232.0,0,1,Ignored
4,1,7,960.0,25.0,266.0,1,1,Fast
2,1,6,1249.0,15.0,359.0,0,2,Fast
1,3,2,3247.0,25.0,344.0,1,1,Fast
3,3,3,1808.0,30.0,287.0,0,1,Slow
3,3,1,1343.0,30.0,289.0,0,2,Slow
4,1,2,2204.0,10.0,239.0,0,1,Slow
3,3,8,2363.0,10.0,340.0,0,1,Ignored
1,2,4,1252.0,15.0,384.0,0,1,Slow
5,1,2,979.0,20.0,107.0,0,1,Ignored
1,2,8,3736.0,25.0,388.0,0,2,Slow
4,3,1,866.0,15.0,204.0,0,1,Ignored
1,2,6,722.0,0.0,355.0,0,1,Slow
4,2,1,1981.0,20.0,265.0,0,1,Ignored
4,2,8,2360.0,5.0,210.0,0,1,Ignored
3,1,5,1475.0,15.0,326.0,0,1,Fast
6,2,1,703.0,25.0,120.0,0,1,Slow
5,3,6,1840.0,10.0,94.0,0,2,Ignored
6,3,1,941.0,10.0,87.0,0,1,Ignored
5,1,8,1188.0,20.0,129.0,0,1,Slow
4,2,6,772.0,10.0,281.0,1,1,Slow
2,1,5,1797.0,15.0,339.0,0,1,Fast
3,2,5,1964.0,0.0,298.0,0,1,Slow
6,3,2,975.0,15.0,94.0,0,1,Ignored
2,1,8,1299.0,10.0,326.0,1,2,Fast
6,3,1,372.0,15.0,41.0,1,2,Ignored
6,2,4,2105.0,15.0,92.0,0,2,Ignored
3,2,3,608.0,15.0,288.0,1,1,Fast
1,1,1,2936.0,15.0,365.0,1,2,Fast
4,1,5,1345.0,20.0,254.0,1,2,Fast
2,1,7,2093.0,30.0,370.0,1,1,Fast
5,3,4,966.0,25.0,103.0,0,1,Ignored
3,3,1,568.0,15.0,329.0,1,1,Slow
6,2,2,831.0,10.0,87.0,0,2,Ignored
2,1,3,429.0,30.0,316.0,0,1,Fast
4,2,5,1000.0,30.0,236.0,0,2,Slow
2,2,1,2059.0,15.0,332.0,1,1,Fast
3,2,1,668.0,20.0,304.0,0,1,Slow
6,3,3,775.0,20.0,30.0,0,1,Ignored
6,3,6,1187.0,25.0,105.0,0,1,Ignored
6,3,6,778.0,10.0,46.0,1,2,Ignored
3,3,3,1821.0,10.0,343.0,0,1,Slow
3,3,2,1507.0,20.0,357.0,0,1,Ignored
1,1,1,1344.0,25.0,280.0,0,1,Fast
5,3,1,732.0,20.0,181.0,0,1,Ignored
2,3,5,3550.0,20.0,324.0,0,2,Slow
3,1,6,1237.0,15.0,254.0,1,1,Fast
6,3,3,2274.0,20.0,82.0,0,1,Ignored
2,2,3,1687.0,25.0,356.0,0,1,Fast
2,2,3,935.0,5.0,329.0,0,2,Slow
6,3,3,617.0,25.0,92.0,1,1,Ignored
6,2,8,812.0,5.0,99.0,0,2,Ignored
6,1,1,2841.0,5.0,84.0,0,2,Ignored
1,3,3,499.0,0.0,375.0,0,1,Slow
5,3,7,1354.0,10.0,139.0,0,2,Ignored
3,1,4,1114.0,25.0,333.0,1,1,Fast
1,3,5,1660.0,25.0,364.0,1,1,Fast
1,2,3,554.0,15.0,325.0,0,1,Slow
2,1,1,850.0,15.0,336.0,0,1,Fast
2,3,2,2245.0,25.0,359.0,1,1,Fast
6,1,3,3046.0,20.0,110.0,1,2,Ignored
4,1,3,861.0,20.0,244.0,0,2,Fast
6,1,1,3924.0,10.0,97.0,0,2,Ignored
1,2,5,423.0,0.0,334.0,1,1,Slow
2,1,1,1456.0,15.0,302.0,1,1,Fast
3,2,2,2501.0,0.0,295.0,1,1,Slow
2,1,6,828.0,10.0,330.0,0,1,Fast
5,3,2,169.0,15.0,104.0,1,2,Ignored
2,1,4,2002.0,5.0,337.0,0,1,Fast
2,2,6,945.0,30.0,334.0,1,1,Fast
2,1,6,349.0,30.0,311.0,0,2,Fast
3,2,3,1215.0,10.0,315.0,0,2,Slow
2,2,1,1080.0,20.0,330.0,0,2,Slow
4,3,2,1013.0,25.0,237.0,0,1,Slow
4,2,7,966.0,30.0,189.0,0,1,Ignored
6,2,2,1329.0,10.0,67.0,0,2,Ignored
6,1,1,1123.0,5.0,60.0,1,1,Ignored
4,2,1,1321.0,5.0,218.0,0,1,Ignored
2,3,3,3534.0,5.0,381.0,0,1,Slow
4,3,3,1099.0,5.0,249.0,0,2,Ignored
5,2,7,1765.0,25.0,149.0,1,1,Ignored
2,2,7,1055.0,5.0,374.0,1,2,Fast
2,2,5,585.0,20.0,337.0,1,1,Fast
6,1,1,1467.0,15.0,80.0,0,1,Ignored
6,2,2,2688.0,15.0,51.0,1,1,Ignored
5,3,4,1230.0,15.0,115.0,0,1,Ignored
2,3,7,1507.0,5.0,351.0,0,1,Slow
2,1,8,933.0,30.0,351.0,1,1,Fast
1,1,7,1444.0,0.0,306.0,1,2,Fast
2,2,4,486.0,30.0,337.0,0,1,Fast
3,1,4,1588.0,15.0,300.0,1,2,Fast
4,2,4,1241.0,30.0,218.0,1,2,Fast
4,1,2,1065.0,5.0,226.0,0,2,Slow
5,3,2,328.0,20.0,155.0,1,2,Ignored
3,2,8,2401.0,15.0,335.0,0,1,Slow
5,1,6,2658.0,20.0,161.0,0,2,Ignored
5,2,8,1283.0,25.0,172.0,0,2,Ignored
2,1,7,1924.0,0.0,339.0,0,2,Fast
6,2,5,1430.0,20.0,112.0,0,1,Ignored
2,1,8,799.0,0.0,249.0,0,1,Fast
3,1,4,2367.0,20.0,305.0,0,1,Fast
1,1,4,843.0,5.0,326.0,0,1,Fast
4,1,7,1955.0,15.0,221.0,0,2,Slow
3,3,6,600.0,5.0,292.0,0,1,Ignored
1,2,7,673.0,5.0,413.0,0,1,Slow
1,2,6,1328.0,10.0,333.0,1,1,Fast
1,1,1,2006.0,0.0,318.0,1,2,Fast
5,1,7,345.0,25.0,108.0,1,1,Fast
3,3,4,1074.0,0.0,320.0,0,1,Ignored
5,1,4,1566.0,0.0,158.0,1,2,Slow
3,1,3,910.0,25.0,294.0,0,1,Fast
1,3,5,780.0,20.0,399.0,0,2,Slow
6,3,4,541.0,30.0,83.0,1,2,Ignored
1,2,5,616.0,10.0,331.0,0,1,Slow
4,1,4,2519.0,20.0,262.0,0,1,Fast
6,1,3,193.0,25.0,100.0,0,2,Slow
1,2,1,2008.0,20.0,335.0,1,2,Fast
2,1,7,1784.0,0.0,348.0,1,2,Fast
1,1,3,3755.0,25.0,320.0,0,2,Fast
3,1,2,774.0,20.0,297.0,0,2,Fast
6,2,6,2217.0,5.0,134.0,1,1,Ignored
2,3,5,2143.0,25.0,371.0,0,1,Slow
1,1,2,1008.0,10.0,389.0,1,1,Fast
2,3,3,2182.0,15.0,328.0,0,2,Slow
1,1,3,1714.0,10.0,328.0,1,2,Fast
3,3,6,2593.0,5.0,330.0,0,2,Ignored
1,1,2,2064.0,30.0,332.0,1,2,Fast
6,3,3,1402.0,5.0,108.0,0,1,Ignored
1,1,7,665.0,10.0,355.0,0,1,Fast
2,2,5,617.0,5.0,363.0,0,1,Slow
5,2,1,2184.0,0.0,181.0,0,1,Ignored
5,3,8,,0.0,108.0,0,2,Ignored
5,1,6,2286.0,10.0,124.0,0,2,Ignored
1,1,4,1069.0,5.0,408.0,0,1,Fast
5,3,2,1822.0,5.0,115.0,1,2,Ignored
6,1,2,1562.0,5.0,79.0,0,1,Ignored
3,3,7,1783.0,15.0,302.0,0,1,Slow
2,2,4,725.0,20.0,334.0,1,2,Fast
4,3,7,1156.0,15.0,191.0,0,1,Ignored
3,2,6,1962.0,25.0,325.0,1,2,Fast
4,3,2,435.0,25.0,220.0,0,1,Slow
1,1,6,608.0,20.0,332.0,0,1,Fast
3,2,6,1206.0,10.0,315.0,0,2,Slow
5,3,2,1253.0,10.0,128.0,0,1,Ignored
3,1,7,679.0,15.0,314.0,0,1,Slow
5,2,4,1554.0,10.0,144.0,0,1,Ignored
3,3,7,1095.0,20.0,303.0,1,1,Slow
6,1,6,2309.0,25.0,112.0,1,1,Ignored
1,1,7,2739.0,30.0,354.0,0,1,Fast
6,2,4,1456.0,30.0,71.0,0,1,Ignored
6,1,3,1432.0,20.0,96.0,1,1,Slow
2,2,8,1083.0,5.0,321.0,0,1,Slow
5,3,3,2567.0,15.0,158.0,0,1,Ignored
5,3,1,526.0,10.0,103.0,1,1,Ignored
3,3,3,1630.0,25.0,265.0,0,1,Slow
5,2,6,641.0,0.0,108.0,1,2,Ignored
4,1,7,1707.0,0.0,199.0,0,2,Slow
3,2,7,1186.0,25.0,316.0,0,1,Slow
5,2,4,476.0,5.0,176.0,0,1,Ignored
3,3,3,1488.0,30.0,297.0,1,1,Fast
5,3,2,1595.0,25.0,148.0,1,1,Ignored
2,1,4,850.0,0.0,374.0,0,2,Fast
3,3,8,1097.0,30.0,333.0,1,1,Fast
2,3,4,398.0,30.0,297.0,0,1,Slow
4,1,8,457.0,30.0,223.0,0,1,Slow
1,1,2,1478.0,10.0,354.0,1,1,Fast
2,2,2,2382.0,15.0,359.0,0,2,Slow
2,3,2,840.0,30.0,355.0,0,1,Fast
2,3,2,933.0,0.0,354.0,0,1,Ignored
5,1,8,2349.0,10.0,160.0,0,1,Ignored
5,3,5,796.0,20.0,148.0,1,1,Ignored
2,1,3,654.0,20.0,331.0,0,1,Fast
5,1,8,1991.0,30.0,174.0,0,2,Slow
6,2,4,2720.0,0.0,111.0,0,2,Ignored
4,1,2,1232.0,10.0,214.0,0,1,Slow
6,2,3,4165.0,10.0,117.0,0,2,Ignored
1,2,6,3641.0,25.0,357.0,1,2,Fast
3,1,4,1127.0,5.0,324.0,1,1,Fast
3,3,5,1481.0,30.0,279.0,0,1,Slow
2,3,8,655.0,0.0,327.0,0,1,Ignored
4,2,1,1751.0,30.0,212.0,0,2,Slow
5,2,4,1435.0,20.0,110.0,1,2,Ignored
1,2,2,1073.0,0.0,351.0,1,1,Fast
5,1,5,1859.0,5.0,117.0,0,2,Ignored
6,2,5,1117.0,20.0,86.0,0,1,Ignored
6,3,1,723.0,25.0,85.0,1,2,Ignored
4,1,5,3729.0,25.0,311.0,0,1,Slow
5,3,2,1084.0,15.0,188.0,0,2,Ignored
2,1,3,1966.0,10.0,355.0,1,1,Fast
2,2,1,778.0,10.0,331.0,0,1,Fast
3,2,6,1145.0,5.0,297.0,0,1,Ignored
2,3,2,751.0,10.0,318.0,0,1,Slow
5,3,7,1785.0,25.0,130.0,0,1,Ignored
4,1,5,1654.0,30.0,196.0,1,2,Fast
4,1,2,2608.0,5.0,250.0,0,1,Slow
4,2,2,1526.0,20.0,224.0,0,1,Ignored
6,3,6,1077.0,25.0,85.0,0,1,Ignored
4,1,4,2007.0,25.0,219.0,1,1,Fast
1,1,7,713.0,20.0,364.0,0,1,Fast
4,3,5,2011.0,30.0,222.0,0,2,Slow
4,3,5,830.0,10.0,263.0,0,2,Ignored
6,3,2,533.0,0.0,129.0,0,1,Ignored
5,1,3,1060.0,0.0,107.0,1,2,Ignored
4,2,5,1032.0,25.0,285.0,1,1,Fast
3,2,2,1013.0,0.0,362.0,1,1,Slow
1,3,3,348.0,25.0,326.0,0,2,Slow
5,1,7,2173.0,5.0,159.0,0,1,Ignored
5,1,8,1133.0,25.0,177.0,1,1,Slow
5,2,5,550.0,0.0,124.0,1,1,Ignored
6,1,2,1967.0,5.0,137.0,1,1,Ignored
3,1,3,2480.0,5.0,316.0,0,2,Slow
6,3,4,1041.0,20.0,110.0,0,2,Ignored
3,2,4,1654.0,15.0,286.0,0,2,Ignored
2,1,1,613.0,15.0,361.0,1,2,Fast
1,2,6,1014.0,0.0,355.0,0,1,Slow
5,1,1,982.0,20.0,118.0,0,2,Slow
2,1,5,770.0,20.0,378.0,1,2,Fast
5,1,5,740.0,10.0,181.0,0,2,Slow
6,1,8,879.0,15.0,109.0,0,1,Ignored
2,2,5,980.0,25.0,304.0,0,2,Slow
5,1,7,1267.0,25.0,113.0,0,2,Slow
6,3,6,2361.0,10.0,93.0,1,2,Ignored
1,1,8,1683.0,25.0,373.0,0,2,Fast
4,3,7,1825.0,25.0,252.0,0,1,Ignored
6,3,4,1124.0,0.0,118.0,0,2,Ignored
6,2,2,1148.0,0.0,104.0,1,1,Ignored
3,3,2,2171.0,25.0,327.0,0,1,Slow
6,1,1,972.0,30.0,39.0,1,1,Slow
5,1,1,808.0,30.0,181.0,1,2,Fast
5,3,5,838.0,10.0,153.0,0,1,Ignored
3,1,8,341.0,15.0,347.0,1,1,Fast
1,1,5,5922.0,25.0,303.0,1,1,Fast
1,3,7,672.0,30.0,367.0,0,1,Fast
3,1,6,2276.0,0.0,323.0,0,1,Fast
1,3,7,1034.0,25.0,370.0,0,2,Slow
2,1,8,2790.0,0.0,326.0,0,2,Slow
4,3,5,803.0,20.0,254.0,1,2,Slow
3,1,6,499.0,5.0,333.0,1,1,Fast
2,3,2,454.0,5.0,322.0,0,2,Slow
3,3,2,700.0,30.0,318.0,0,2,Slow
3,2,1,655.0,0.0,321.0,0,2,Slow
3,1,8,1859.0,30.0,321.0,1,2,Fast
2,1,7,1968.0,15.0,359.0,1,1,Fast
5,1,5,1715.0,5.0,174.0,1,1,Ignored
2,2,7,683.0,5.0,381.0,1,2,Fast
4,1,7,2682.0,0.0,260.0,0,1,Slow
2,1,5,858.0,15.0,337.0,0,1,Fast
2,1,4,718.0,0.0,335.0,0,1,Slow
2,1,6,2022.0,15.0,299.0,0,2,Fast
1,2,2,1848.0,30.0,328.0,0,2,Fast
6,1,1,2553.0,0.0,134.0,1,1,Ignored
3,1,1,285.0,5.0,310.0,1,2,Fast
2,2,8,2457.0,15.0,384.0,0,1,Slow
6,3,4,3130.0,20.0,91.0,0,2,Ignored
2,3,1,580.0,30.0,298.0,0,2,Slow
6,1,7,1786.0,30.0,130.0,0,2,Slow
4,3,3,622.0,15.0,301.0,0,2,Ignored
3,3,4,628.0,5.0,319.0,0,2,Slow
1,1,2,2595.0,10.0,357.0,1,1,Fast
3,2,4,1103.0,25.0,328.0,0,1,Fast
3,3,7,519.0,10.0,347.0,0,1,Slow
6,1,4,1142.0,30.0,46.0,1,2,Slow
3,3,2,2144.0,0.0,326.0,0,1,Slow
5,3,1,1384.0,5.0,131.0,0,1,Ignored
5,2,4,687.0,0.0,154.0,0,2,Ignored
2,2,5,1633.0,15.0,317.0,0,2,Slow
1,2,7,861.0,20.0,330.0,0,2,Slow
2,1,7,714.0,10.0,321.0,1,1,Fast
5,1,8,3380.0,5.0,173.0,1,1,Ignored
5,3,2,1010.0,25.0,135.0,0,2,Ignored
3,1,3,1979.0,20.0,301.0,1,2,Fast
5,1,3,2646.0,10.0,162.0,0,1,Ignored
1,2,2,1268.0,5.0,354.0,1,2,Slow
3,1,8,722.0,0.0,323.0,0,1,Fast
1,1,6,520.0,20.0,361.0,0,2,Fast
6,1,5,1464.0,10.0,101.0,1,1,Ignored
5,1,5,1554.0,30.0,124.0,0,2,Slow
5,3,5,596.0,5.0,129.0,1,2,Ignored
4,1,2,1320.0,0.0,272.0,1,2,Slow
3,1,4,732.0,20.0,292.0,1,1,Fast
5,3,1,1858.0,30.0,138.0,0,2,Ignored
5,3,6,1803.0,15.0,158.0,0,1,Ignored
1,2,3,1720.0,0.0,346.0,0,2,Slow
2,3,6,1705.0,10.0,296.0,1,1,Slow
2,3,1,1882.0,10.0,364.0,1,2,Slow
1,2,3,1431.0,10.0,341.0,1,2,Fast
3,1,8,1088.0,10.0,284.0,0,1,Fast
3,1,2,1913.0,20.0,278.0,0,2,Fast
2,2,4,1102.0,0.0,298.0,0,2,Ignored
4,2,6,2439.0,15.0,247.0,0,1,Ignored
2,1,2,528.0,15.0,280.0,0,2,Fast
2,1,7,494.0,10.0,320.0,0,1,Fast
3,3,8,2379.0,15.0,280.0,0,1,Slow
3,2,3,1294.0,15.0,324.0,0,2,Slow
6,1,8,1604.0,5.0,88.0,0,1,Ignored
3,1,1,1046.0,15.0,338.0,1,1,Fast
6,3,4,1592.0,15.0,74.0,0,1,Ignored
3,3,5,796.0,10.0,275.0,0,1,Ignored
4,2,5,839.0,10.0,252.0,1,1,Slow
3,2,8,2506.0,10.0,335.0,1,1,Fast
4,2,8,197.0,30.0,244.0,0,1,Fast
6,3,1,427.0,30.0,129.0,0,1,Ignored
5,2,6,839.0,0.0,150.0,0,1,Ignored
2,3,1,1406.0,0.0,324.0,1,1,Slow
3,2,5,577.0,25.0,304.0,0,2,Fast
4,2,2,3629.0,0.0,241.0,0,1,Ignored
4,3,4,1050.0,15.0,222.0,0,1,Ignored
1,2,8,1836.0,5.0,364.0,0,1,Slow
5,1,3,1770.0,15.0,140.0,0,2,Ignored
3,1,1,619.0,10.0,315.0,0,1,Fast
1,2,8,525.0,5.0,322.0,0,1,Slow
2,1,1,2711.0,30.0,364.0,0,1,Fast
2,1,2,749.0,15.0,346.0,1,1,Fast
2,3,1,1840.0,20.0,358.0,0,2,Slow
6,1,5,830.0,25.0,92.0,1,2,Slow
3,1,6,4325.0,5.0,345.0,0,1,Slow
2,2,5,1167.0,20.0,323.0,0,1,Fast
5,1,6,1262.0,5.0,175.0,1,1,Ignored
5,2,4,1739.0,15.0,174.0,1,1,Ignored
1,3,2,1817.0,15.0,293.0,1,2,Slow
2,1,5,975.0,0.0,349.0,0,1,Slow
3,2,2,1944.0,10.0,302.0,0,1,Ignored
5,2,4,2870.0,30.0,136.0,1,1,Ignored
2,3,2,2349.0,20.0,329.0,1,1,Slow
2,3,2,607.0,10.0,334.0,0,2,Slow
4,3,3,1820.0,15.0,208.0,0,1,Ignored
6,2,4,2410.0,25.0,51.0,0,1,Ignored
4,3,2,352.0,25.0,243.0,0,2,Slow
6,3,5,822.0,15.0,50.0,1,1,Ignored
2,1,3,2435.0,5.0,387.0,0,2,Fast
3,2,3,374.0,10.0,330.0,1,1,Fast
2,3,4,,25.0,357.0,0,2,Slow
4,1,3,1092.0,5.0,236.0,0,1,Slow
3,3,7,887.0,5.0,259.0,0,1,Ignored
2,1,6,724.0,0.0,358.0,0,2,Fast
5,3,8,1142.0,25.0,140.0,1,1,Ignored
6,3,8,614.0,20.0,50.0,1,1,Ignored
1,1,6,2260.0,10.0,302.0,0,1,Fast
4,1,6,283.0,25.0,251.0,1,2,Fast
4,2,8,749.0,10.0,221.0,0,2,Ignored
2,2,1,2107.0,15.0,348.0,1,1,Slow
5,1,6,1380.0,15.0,201.0,0,2,Slow
3,2,8,982.0,15.0,312.0,0,1,Slow
3,3,5,1492.0,5.0,271.0,1,1,Slow
4,2,3,1153.0,30.0,270.0,0,2,Slow
5,2,2,1219.0,30.0,121.0,0,1,Ignored
4,2,3,2470.0,30.0,237.0,0,1,Slow
3,3,4,851.0,5.0,306.0,1,1,Slow
2,3,7,3682.0,15.0,307.0,0,2,Slow
3,2,8,554.0,20.0,275.0,1,1,Fast
6,3,8,381.0,20.0,142.0,1,1,Ignored
6,3,6,1258.0,20.0,101.0,1,2,Ignored
6,2,5,2293.0,25.0,43.0,0,2,Ignored
4,2,8,529.0,15.0,274.0,0,2,Slow
1,3,8,2113.0,0.0,302.0,0,1,Ignored
1,3,2,1598.0,5.0,333.0,0,1,Slow
6,3,7,1478.0,5.0,53.0,0,2,Ignored
4,2,1,3689.0,15.0,234.0,1,2,Ignored
4,3,7,946.0,15.0,228.0,1,2,Slow
5,3,6,829.0,15.0,123.0,1,1,Ignored
5,2,8,1421.0,25.0,163.0,0,1,Ignored
1,1,3,764.0,5.0,370.0,0,2,Fast
2,3,1,771.0,10.0,354.0,0,1,Slow
1,2,1,1371.0,15.0,277.0,1,1,Fast
2,2,7,1297.0,10.0,359.0,0,1,Slow
4,2,6,1976.0,25.0,248.0,0,1,Slow
3,1,1,2416.0,20.0,330.0,0,1,Fast
1,3,6,1901.0,5.0,342.0,0,2,Slow
4,3,5,1224.0,25.0,246.0,0,1,Slow
5,2,4,1089.0,25.0,91.0,0,1,Ignored
5,1,8,600.0,5.0,178.0,0,1,Ignored
1,2,5,350.0,0.0,312.0,0,1,Slow
4,1,2,5316.0,15.0,229.0,0,2,Slow
3,3,1,1654.0,5.0,265.0,0,2,Ignored
5,2,6,502.0,15.0,108.0,1,2,Ignored
3,3,3,1086.0,10.0,319.0,1,1,Slow
3,3,3,5556.0,5.0,337.0,0,2,Ignored
1,3,7,3585.0,10.0,405.0,0,2,Slow
4,1,3,1729.0,10.0,268.0,0,2,Slow
5,2,5,1805.0,15.0,151.0,0,2,Ignored
3,3,1,1918.0,30.0,313.0,0,1,Slow
5,2,2,1018.0,0.0,123.0,0,1,Ignored
6,1,2,2159.0,10.0,87.0,0,2,Ignored
1,1,5,782.0,10.0,319.0,0,1,Fast
2,1,3,,0.0,292.0,1,2,Fast
4,3,5,1277.0,15.0,218.0,1,2,Slow
4,2,5,1699.0,20.0,252.0,1,2,Slow
6,1,6,1171.0,0.0,103.0,0,2,Ignored
5,3,7,1441.0,15.0,142.0,0,1,Ignored
2,1,6,620.0,0.0,360.0,1,1,Fast
1,2,8,943.0,15.0,339.0,1,2,Fast
5,2,4,1049.0,10.0,147.0,0,1,Ignored
2,1,8,1507.0,20.0,337.0,1,2,Fast
2,2,1,1624.0,15.0,319.0,1,1,Fast
2,3,3,1804.0,5.0,378.0,1,1,Slow
3,1,5,4807.0,30.0,261.0,0,2,Fast
6,1,5,1323.0,20.0,57.0,1,1,Slow
4,1,1,185.0,25.0,225.0,0,2,Fast
1,3,5,1189.0,15.0,370.0,1,2,Fast
4,3,8,1495.0,30.0,242.0,1,1,Slow
3,1,7,562.0,10.0,283.0,1,2,Fast
1,1,8,1614.0,15.0,374.0,0,1,Fast
6,1,1,3896.0,20.0,90.0,0,2,Ignored
5,3,1,1917.0,30.0,149.0,0,2,Ignored
3,1,2,547.0,25.0,282.0,0,1,Fast
6,3,3,1258.0,0.0,68.0,0,2,Ignored
5,3,5,741.0,20.0,147.0,0,1,Ignored
6,2,5,293.0,15.0,71.0,0,1,Ignored
4,2,1,1064.0,30.0,301.0,0,2,Slow
4,2,7,1601.0,10.0,244.0,0,2,Ignored
6,1,6,2279.0,5.0,135.0,0,1,Ignored
4,3,8,474.0,0.0,222.0,1,2,Slow
5,1,4,4846.0,15.0,137.0,1,2,Slow
6,1,8,2894.0,10.0,80.0,0,2,Ignored
3,1,4,1969.0,10.0,313.0,0,2,Fast
1,2,4,865.0,0.0,377.0,1,2,Slow
6,2,7,326.0,20.0,40.0,0,2,Ignored
2,2,5,949.0,25.0,375.0,0,1,Slow
1,2,6,966.0,25.0,344.0,0,1,Fast
6,3,7,1541.0,20.0,106.0,0,2,Ignored
1,1,6,538.0,10.0,368.0,1,2,Fast
1,3,5,960.0,5.0,361.0,0,2,Slow
6,3,7,3080.0,5.0,90.0,1,2,Ignored
4,2,8,1421.0,30.0,223.0,0,2,Slow
3,1,5,621.0,15.0,261.0,1,2,Fast
5,3,2,426.0,5.0,112.0,1,1,Ignored
6,1,8,1604.0,10.0,76.0,0,1,Ignored
5,3,1,1842.0,20.0,117.0,1,1,Ignored
1,1,5,2323.0,25.0,384.0,0,1,Fast
2,1,5,1309.0,25.0,362.0,1,1,Fast
2,2,1,1052.0,25.0,320.0,1,2,Fast
2,1,1,1150.0,15.0,335.0,1,1,Fast
1,3,8,2067.0,30.0,350.0,1,1,Fast
6,1,1,1000.0,0.0,144.0,1,2,Ignored
3,1,4,298.0,5.0,287.0,1,1,Fast
3,2,4,1202.0,25.0,285.0,1,2,Fast
5,2,5,972.0,,146.0,1,2,Ignored
2,1,7,2965.0,25.0,324.0,0,1,Fast
5,1,5,2845.0,30.0,164.0,0,2,Slow
2,2,2,648.0,0.0,322.0,0,1,Slow
6,3,5,1963.0,25.0,96.0,0,2,Ignored
5,1,1,1376.0,20.0,86.0,1,1,Slow
5,2,6,2087.0,15.0,117.0,0,1,Ignored
4,2,1,1194.0,5.0,211.0,1,1,Ignored
2,1,5,1064.0,0.0,378.0,1,1,Fast
5,1,7,1007.0,0.0,144.0,0,1,Slow
5,3,5,568.0,5.0,155.0,0,1,Ignored
4,2,7,2158.0,30.0,175.0,0,1,Ignored
1,2,1,1101.0,10.0,344.0,1,1,Fast
4,2,8,1198.0,20.0,281.0,0,1,Slow
5,3,7,551.0,10.0,114.0,0,2,Ignored
2,1,7,907.0,30.0,311.0,1,2,Fast
5,1,6,2392.0,25.0,101.0,1,1,Slow
2,2,5,1861.0,0.0,325.0,0,1,Slow
1,3,8,1042.0,5.0,379.0,1,1,Fast
6,1,2,676.0,15.0,102.0,1,2,Slow
6,3,7,1066.0,20.0,75.0,0,1,Ignored
5,1,8,1110.0,0.0,133.0,1,2,Ignored
6,2,5,1192.0,5.0,57.0,1,1,Ignored
6,2,3,311.0,20.0,82.0,0,1,Ignored
1,2,3,1239.0,0.0,376.0,0,2,Slow
6,2,2,2550.0,15.0,39.0,1,2,Ignored
2,2,3,2161.0,25.0,312.0,0,1,Slow
3,1,3,1112.0,15.0,340.0,0,2,Fast
1,1,7,512.0,20.0,370.0,0,2,Fast
3,2,6,454.0,10.0,279.0,0,1,Slow
4,2,2,2136.0,5.0,190.0,0,2,Ignored
6,3,8,873.0,30.0,71.0,1,2,Ignored
2,1,7,1591.0,20.0,337.0,1,1,Fast
5,1,2,2349.0,15.0,216.0,0,1,Ignored
3,2,3,736.0,,322.0,0,1,Slow
5,2,7,918.0,30.0,125.0,0,2,Ignored
4,1,3,2218.0,20.0,269.0,1,2,Fast
5,3,7,790.0,5.0,153.0,1,1,Ignored
3,2,4,,30.0,313.0,1,1,Fast
3,1,6,1544.0,25.0,308.0,0,1,Fast
4,3,5,1867.0,10.0,215.0,0,1,Ignored
3,2,4,1442.0,10.0,291.0,1,1,Fast
1,3,3,598.0,15.0,370.0,0,1,Slow
3,3,3,1670.0,10.0,316.0,0,1,Slow
6,1,8,1504.0,30.0,85.0,1,2,Slow
6,1,7,1188.0,20.0,88.0,0,1,Ignored
5,1,3,1189.0,30.0,142.0,0,2,Slow
2,2,4,1161.0,15.0,329.0,0,2,Fast
2,3,5,2809.0,0.0,330.0,0,2,Ignored
2,1,2,391.0,15.0,312.0,0,1,Fast
1,1,5,1322.0,15.0,327.0,0,2,Fast
5,3,6,2679.0,5.0,138.0,0,1,Ignored
3,1,3,552.0,15.0,358.0,0,2,Fast
5,2,7,2606.0,0.0,130.0,1,1,Ignored
2,1,8,796.0,0.0,273.0,0,1,Slow
5,2,2,3408.0,10.0,170.0,1,1,Ignored
2,3,7,1414.0,10.0,297.0,0,1,Ignored
1,1,5,1425.0,0.0,342.0,0,2,Slow
5,3,8,1372.0,30.0,130.0,0,1,Ignored
4,1,5,602.0,25.0,209.0,1,1,Fast
6,1,7,588.0,10.0,94.0,0,2,Ignored
1,1,5,377.0,20.0,353.0,1,1,Fast
2,2,2,314.0,15.0,355.0,1,2,Fast
4,3,4,1422.0,20.0,201.0,1,2,Ignored
6,3,6,1070.0,0.0,99.0,0,2,Ignored
4,3,4,2802.0,5.0,258.0,0,2,Ignored
6,1,2,5577.0,10.0,116.0,0,2,Ignored
3,1,5,1218.0,30.0,276.0,0,1,Fast
1,3,6,1350.0,15.0,350.0,1,1,Fast
3,1,7,531.0,10.0,,0,2,Fast
3,3,4,1362.0,0.0,338.0,1,1,Slow
3,2,6,1752.0,25.0,318.0,0,2,Slow
5,1,5,1229.0,20.0,163.0,0,2,Ignored
1,1,4,742.0,15.0,335.0,1,1,Fast
1,2,2,1318.0,0.0,366.0,0,1,Slow
5,3,3,656.0,0.0,169.0,0,1,Ignored
6,2,5,734.0,25.0,76.0,1,1,Ignored
6,1,6,1209.0,25.0,,0,2,Ignored
4,1,4,1078.0,10.0,234.0,0,1,Fast
6,3,5,2057.0,10.0,88.0,0,1,Ignored
6,3,7,2091.0,30.0,39.0,1,1,Ignored
6,2,5,415.0,0.0,93.0,0,1,Ignored
1,3,8,607.0,10.0,366.0,1,1,Fast
1,2,7,1962.0,0.0,376.0,1,2,Slow
6,1,6,1962.0,15.0,83.0,0,2,Ignored
4,2,7,1584.0,30.0,264.0,1,2,Fast
2,1,5,421.0,0.0,311.0,0,1,Fast
3,1,1,1275.0,0.0,247.0,0,1,Fast
2,3,3,1460.0,5.0,372.0,1,1,Slow
1,1,8,1319.0,15.0,441.0,0,2,Fast
4,2,2,485.0,0.0,210.0,1,1,Ignored
4,1,7,784.0,25.0,261.0,0,1,Fast
5,2,2,1239.0,0.0,,0,2,Ignored
3,3,8,1837.0,30.0,293.0,1,1,Fast
3,1,7,1150.0,25.0,318.0,0,2,Fast
1,1,6,3807.0,30.0,375.0,1,2,Fast
4,2,5,1230.0,10.0,234.0,0,1,Ignored
5,1,5,978.0,25.0,167.0,0,1,Slow
2,2,3,1456.0,20.0,259.0,0,1,Slow
4,1,1,1881.0,0.0,231.0,0,1,Slow
5,3,2,946.0,30.0,184.0,0,2,Ignored
2,2,6,1655.0,30.0,341.0,1,1,Fast
6,2,7,1203.0,5.0,56.0,0,1,Ignored
1,2,1,3679.0,25.0,371.0,0,1,Fast
5,1,2,964.0,25.0,157.0,1,1,Fast
1,1,6,405.0,10.0,363.0,0,1,Fast
3,1,4,3380.0,15.0,359.0,0,2,Fast
6,3,6,435.0,5.0,127.0,1,2,Ignored
6,2,7,1184.0,0.0,57.0,1,1,Ignored
3,1,3,2840.0,15.0,343.0,0,1,Fast
6,2,3,2231.0,0.0,71.0,1,1,Ignored
2,2,8,2193.0,20.0,346.0,0,2,Slow
4,3,5,1269.0,20.0,237.0,0,1,Ignored
5,2,5,943.0,20.0,101.0,1,1,Ignored
6,3,2,796.0,15.0,52.0,0,2,Ignored
3,2,6,702.0,15.0,337.0,0,2,Slow
6,3,1,1260.0,30.0,57.0,0,1,Ignored
4,3,3,367.0,30.0,289.0,1,1,Slow
5,1,3,1181.0,0.0,145.0,1,1,Ignored
1,1,6,1898.0,10.0,349.0,0,2,Fast
3,2,7,3804.0,0.0,267.0,0,1,Ignored
3,3,2,1404.0,30.0,304.0,1,1,Slow
1,3,3,1357.0,15.0,336.0,0,2,Slow
2,1,5,478.0,30.0,300.0,0,1,Fast
6,2,5,1372.0,30.0,92.0,0,1,Ignored
6,2,6,640.0,20.0,113.0,0,2,Ignored
5,3,8,402.0,0.0,125.0,0,1,Ignored
6,1,8,2601.0,20.0,24.0,0,2,Ignored
2,1,8,783.0,20.0,339.0,0,2,Fast
6,1,4,1947.0,10.0,51.0,0,1,Ignored
3,3,6,793.0,15.0,300.0,0,2,Slow
3,1,3,2070.0,10.0,320.0,1,2,Fast
1,1,2,2907.0,20.0,305.0,1,1,Fast
1,1,3,1844.0,5.0,352.0,0,1,Fast
1,3,2,1762.0,0.0,386.0,0,1,Ignored
6,1,4,691.0,5.0,86.0,1,1,Slow
1,1,2,664.0,15.0,375.0,1,1,Fast
6,1,1,2992.0,30.0,52.0,1,2,Slow
4,1,8,3160.0,10.0,195.0,0,1,Slow
4,3,4,1118.0,,274.0,1,1,Slow
6,3,5,2035.0,0.0,36.0,1,2,Ignored
6,3,5,2441.0,0.0,72.0,0,1,Ignored
4,1,2,1506.0,30.0,272.0,0,2,Slow
4,3,7,2601.0,5.0,244.0,0,1,Ignored
6,1,5,3020.0,20.0,84.0,0,1,Ignored
2,2,6,659.0,25.0,304.0,0,1,Slow
2,2,2,983.0,0.0,323.0,1,2,Slow
2,3,3,1612.0,0.0,395.0,1,1,Slow
5,2,1,3079.0,10.0,133.0,1,1,Ignored
6,2,8,460.0,20.0,95.0,0,2,Ignored
3,1,3,408.0,20.0,331.0,0,1,Fast
2,1,1,807.0,5.0,307.0,1,1,Fast
4,2,4,542.0,5.0,235.0,0,2,Ignored
1,1,8,857.0,30.0,372.0,0,1,Fast
1,3,4,505.0,25.0,352.0,0,2,Fast
2,2,6,1440.0,5.0,372.0,0,1,Slow
2,1,3,2320.0,5.0,291.0,0,1,Slow
3,1,1,693.0,25.0,317.0,1,1,Fast
6,1,6,686.0,10.0,43.0,0,1,Ignored
4,1,2,887.0,5.0,252.0,0,1,Fast
4,3,3,1960.0,0.0,243.0,0,1,Ignored
1,1,1,1531.0,30.0,368.0,1,2,Fast
4,2,6,1714.0,20.0,289.0,0,1,Slow
3,1,8,850.0,0.0,338.0,1,1,Fast
6,1,2,1633.0,5.0,96.0,0,1,Ignored
1,2,6,450.0,5.0,380.0,0,2,Slow
6,1,4,2420.0,15.0,133.0,0,2,Ignored
2,1,6,899.0,5.0,338.0,0,1,Fast
2,3,4,1593.0,20.0,341.0,1,1,Fast
4,2,7,711.0,15.0,210.0,0,1,Ignored
1,2,1,340.0,20.0,,1,1,Fast
3,2,4,222.0,15.0,285.0,1,1,Fast
2,3,4,795.0,15.0,357.0,0,1,Slow
2,3,2,2792.0,0.0,360.0,1,1,Slow
2,1,4,1300.0,10.0,327.0,1,2,Fast
3,3,2,2156.0,0.0,326.0,1,1,Slow
1,1,8,2401.0,20.0,358.0,0,1,Fast
4,1,3,1037.0,10.0,273.0,1,1,Fast
4,3,3,1198.0,10.0,213.0,1,1,Ignored
3,1,2,1978.0,0.0,284.0,1,2,Fast
5,3,7,1000.0,30.0,149.0,0,1,Ignored
3,3,4,530.0,20.0,322.0,0,2,Slow
5,3,7,1157.0,15.0,92.0,1,1,Ignored
4,3,3,1134.0,5.0,237.0,0,1,Ignored
5,3,7,2461.0,25.0,123.0,0,1,Ignored
5,1,7,1116.0,30.0,168.0,0,1,Slow
4,1,2,2312.0,20.0,255.0,0,1,Slow
6,3,4,2100.0,5.0,126.0,1,1,Ignored
5,1,4,1697.0,10.0,96.0,0,1,Ignored
1,1,8,488.0,25.0,318.0,0,1,Fast
5,3,3,2768.0,5.0,130.0,0,2,Ignored
6,2,6,3230.0,0.0,72.0,0,2,Ignored
3,1,4,1167.0,25.0,338.0,1,2,Fast
4,3,7,2088.0,,210.0,0,1,Ignored
6,1,3,4206.0,10.0,92.0,0,1,Ignored
3,2,5,286.0,15.0,256.0,0,1,Slow
4,3,1,963.0,20.0,249.0,1,1,Slow
1,1,7,1537.0,25.0,342.0,0,2,Fast
3,3,3,384.0,5.0,312.0,1,1,Slow
6,3,3,1290.0,15.0,111.0,1,1,Ignored
2,2,7,1398.0,0.0,339.0,0,2,Slow
5,2,1,1296.0,0.0,134.0,0,2,Ignored
3,2,8,1717.0,20.0,307.0,1,1,Slow
2,3,1,2552.0,15.0,329.0,1,2,Slow
2,3,7,2229.0,0.0,294.0,1,1,Slow
6,1,4,2710.0,25.0,52.0,0,1,Ignored
5,3,8,3903.0,20.0,130.0,1,1,Ignored
3,3,6,658.0,25.0,342.0,0,1,Slow
5,1,8,1489.0,0.0,198.0,0,1,Ignored
5,2,6,1357.0,0.0,118.0,0,1,Ignored
1,2,1,1298.0,0.0,347.0,0,1,Slow
5,2,2,693.0,15.0,139.0,1,1,Ignored
5,2,6,1160.0,25.0,193.0,0,1,Ignored
3,2,7,1599.0,5.0,315.0,0,1,Slow
2,3,8,1881.0,15.0,312.0,1,1,Slow
1,1,1,524.0,25.0,374.0,1,1,Fast
4,2,8,993.0,10.0,232.0,0,2,Ignored
1,3,3,907.0,5.0,366.0,0,1,Slow
1,2,1,1306.0,10.0,351.0,1,1,Fast
1,1,6,5872.0,15.0,348.0,0,2,Fast
5,3,5,609.0,0.0,163.0,0,1,Ignored
5,1,6,1682.0,25.0,120.0,0,1,Ignored
5,1,2,1216.0,20.0,98.0,0,2,Slow
2,1,2,1262.0,15.0,322.0,1,1,Fast
4,3,3,609.0,5.0,275.0,1,2,Slow
4,2,8,1598.0,0.0,207.0,0,2,Ignored
3,1,1,1566.0,20.0,308.0,0,1,Slow
6,2,4,1349.0,20.0,70.0,1,2,Ignored
4,3,1,1410.0,10.0,226.0,1,1,Slow
2,3,5,613.0,10.0,338.0,0,2,Slow
6,1,6,1073.0,10.0,91.0,0,2,Ignored
4,1,1,737.0,0.0,267.0,1,1,Fast
2,1,8,3211.0,25.0,285.0,0,1,Fast
2,3,6,2653.0,15.0,389.0,0,2,Ignored
4,3,6,1391.0,0.0,234.0,0,1,Ignored
6,3,1,1989.0,15.0,112.0,0,2,Ignored
1,1,4,,0.0,361.0,1,2,Fast
1,2,4,1767.0,15.0,316.0,0,1,Slow
4,2,2,316.0,10.0,268.0,0,1,Slow
5,1,5,604.0,5.0,161.0,1,1,Slow
6,1,4,1202.0,0.0,94.0,0,2,Ignored
5,3,7,3065.0,0.0,115.0,0,1,Ignored
2,3,3,1166.0,20.0,348.0,0,1,Slow
3,3,1,1625.0,20.0,283.0,0,1,Slow
6,1,7,934.0,10.0,100.0,0,1,Ignored
5,3,6,2230.0,5.0,157.0,1,2,Ignored
1,2,6,688.0,30.0,328.0,0,1,Fast
5,2,3,705.0,15.0,145.0,0,1,Ignored
3,3,6,3206.0,10.0,323.0,1,2,Slow
6,3,8,1501.0,30.0,130.0,1,1,Ignored
6,2,3,817.0,25.0,97.0,1,1,Ignored
2,3,6,2593.0,10.0,317.0,0,1,Slow
5,3,5,2403.0,0.0,139.0,1,1,Ignored
2,1,3,6085.0,20.0,283.0,0,2,Fast
2,1,5,2079.0,10.0,318.0,0,1,Fast
3,3,7,2660.0,25.0,315.0,1,1,Slow
5,2,4,1602.0,5.0,137.0,1,1,Ignored
2,2,1,1187.0,20.0,345.0,0,2,Slow
1,2,2,1559.0,25.0,358.0,0,2,Fast
6,2,2,938.0,30.0,114.0,0,2,Ignored
2,1,7,2466.0,10.0,316.0,0,1,Fast
5,1,7,2777.0,30.0,100.0,1,1,Slow
6,1,1,1677.0,10.0,64.0,0,1,Ignored
3,1,3,1559.0,20.0,317.0,0,1,Fast
5,2,5,500.0,15.0,160.0,0,1,Ignored
5,1,7,2445.0,15.0,139.0,0,2,Ignored
2,2,6,1998.0,25.0,359.0,0,1,Fast
3,3,8,318.0,20.0,297.0,0,1,Slow
1,3,7,736.0,10.0,378.0,0,1,Slow
5,3,5,1430.0,15.0,121.0,0,1,Ignored
6,2,7,2732.0,10.0,104.0,1,1,Ignored
5,1,6,701.0,30.0,153.0,0,1,Slow
1,1,6,2229.0,5.0,384.0,1,2,Fast
1,3,2,517.0,25.0,362.0,0,2,Fast
6,3,4,2437.0,30.0,100.0,0,2,Ignored
1,1,5,4465.0,25.0,362.0,1,2,Fast
2,3,6,1266.0,30.0,337.0,0,2,Slow
5,1,4,553.0,0.0,155.0,0,1,Ignored
3,1,8,813.0,25.0,304.0,0,1,Fast
6,2,1,1989.0,25.0,84.0,0,2,Ignored
5,2,5,1752.0,20.0,148.0,1,2,Ignored
6,2,6,1502.0,15.0,72.0,1,1,Ignored
2,3,1,1773.0,0.0,334.0,0,2,Slow
4,3,1,509.0,10.0,211.0,0,1,Ignored
1,1,4,1486.0,25.0,352.0,0,1,Fast
5,3,8,1626.0,15.0,180.0,1,1,Ignored
5,3,7,690.0,5.0,135.0,0,1,Ignored
5,1,3,946.0,10.0,139.0,0,1,Ignored
3,3,8,1769.0,10.0,305.0,0,2,Slow
2,3,6,1325.0,30.0,320.0,1,2,Fast
1,3,5,438.0,10.0,363.0,0,1,Slow
4,3,5,2044.0,15.0,260.0,0,1,Ignored
5,2,4,1910.0,5.0,105.0,1,1,Ignored
1,2,1,855.0,25.0,326.0,0,2,Fast
3,1,3,1579.0,25.0,344.0,0,2,Fast
6,3,8,2437.0,25.0,47.0,0,1,Ignored
6,1,6,1803.0,10.0,135.0,1,2,Ignored
6,2,2,560.0,5.0,110.0,1,1,Ignored
2,3,8,1173.0,0.0,364.0,1,2,Slow
1,1,4,347.0,5.0,313.0,1,1,Fast
5,3,6,1556.0,5.0,143.0,0,1,Ignored
2,3,4,1230.0,15.0,347.0,0,2,Ignored
6,2,2,1486.0,0.0,112.0,1,2,Ignored
1,3,6,2814.0,20.0,373.0,0,1,Fast
3,3,2,1107.0,0.0,311.0,1,1,Slow
6,2,5,1565.0,25.0,110.0,1,2,Ignored
4,2,8,526.0,15.0,225.0,0,1,Slow
4,1,3,610.0,15.0,199.0,0,2,Fast
1,1,2,700.0,0.0,395.0,1,1,Fast
4,1,1,2783.0,5.0,251.0,0,1,Slow
6,2,4,195.0,20.0,81.0,0,1,Ignored
4,3,3,1555.0,20.0,226.0,0,1,Ignored
6,3,8,1563.0,15.0,97.0,1,1,Ignored
1,2,4,1477.0,0.0,350.0,1,2,Fast
3,1,8,1625.0,5.0,298.0,1,1,Fast
4,1,8,2025.0,25.0,290.0,0,2,Slow
6,1,2,1194.0,0.0,76.0,0,1,Ignored
3,3,8,194.0,25.0,364.0,0,1,Fast
5,2,2,2619.0,5.0,197.0,0,1,Ignored
1,2,8,469.0,20.0,367.0,0,1,Fast
3,3,5,425.0,30.0,306.0,1,2,Fast
3,2,2,1010.0,30.0,270.0,0,1,Slow
4,3,1,1485.0,15.0,211.0,0,1,Ignored
2,1,3,506.0,30.0,345.0,1,1,Fast
1,1,1,1919.0,5.0,362.0,0,1,Fast
6,1,7,848.0,10.0,119.0,0,2,Ignored
1,1,2,594.0,0.0,357.0,1,1,Fast
1,1,3,1171.0,10.0,337.0,0,2,Fast
2,3,4,1985.0,30.0,353.0,1,2,Fast
4,3,8,2725.0,5.0,253.0,0,2,Ignored
4,1,3,1821.0,0.0,287.0,0,2,Slow
3,1,1,1074.0,20.0,301.0,0,1,Fast
2,2,2,1847.0,20.0,332.0,0,2,Slow
5,1,8,3266.0,30.0,117.0,0,1,Slow
1,2,3,2009.0,0.0,366.0,0,1,Slow
5,2,7,1556.0,15.0,152.0,0,2,Ignored
6,2,5,1414.0,20.0,79.0,1,2,Ignored
5,1,4,1194.0,0.0,179.0,1,2,Slow
2,1,6,325.0,0.0,331.0,1,2,Fast
6,3,7,666.0,10.0,72.0,0,2,Ignored
4,1,1,905.0,15.0,219.0,0,2,Slow
5,3,4,2965.0,25.0,160.0,0,2,Ignored
3,2,4,870.0,5.0,251.0,1,1,Slow
2,2,3,1650.0,15.0,320.0,0,1,Slow
6,1,3,952.0,5.0,123.0,0,2,Ignored
3,3,6,2093.0,0.0,312.0,1,1,Slow
1,2,1,561.0,0.0,369.0,1,2,Fast
2,3,6,848.0,10.0,353.0,0,1,Slow
5,2,1,1055.0,10.0,151.0,0,1,Ignored
4,3,7,1343.0,0.0,239.0,0,2,Ignored
6,1,7,967.0,5.0,109.0,0,1,Ignored
6,2,6,4902.0,30.0,143.0,0,1,Ignored
1,3,2,1623.0,30.0,338.0,1,1,Fast
5,2,8,2460.0,30.0,164.0,0,1,Ignored
6,3,1,989.0,10.0,122.0,0,1,Ignored
2,2,1,2390.0,0.0,299.0,0,1,Slow
2,3,6,651.0,5.0,340.0,0,2,Slow
1,3,5,515.0,30.0,344.0,0,2,Fast
3,3,5,1073.0,15.0,310.0,0,1,Ignored
4,1,3,1962.0,25.0,294.0,1,2,Fast
2,2,7,4229.0,15.0,337.0,1,1,Slow
2,1,8,510.0,10.0,360.0,0,2,Fast
3,3,1,581.0,0.0,306.0,1,1,Slow
2,3,1,,0.0,327.0,0,1,Ignored
5,3,6,1303.0,5.0,125.0,0,1,Ignored
1,1,5,4023.0,10.0,361.0,0,1,Fast
1,3,5,2868.0,30.0,293.0,0,1,Slow
5,1,3,1611.0,30.0,150.0,0,1,Slow
5,1,1,1748.0,15.0,148.0,1,1,Slow
3,2,1,1099.0,0.0,364.0,1,1,Slow
5,3,3,2156.0,20.0,138.0,0,1,Ignored
2,2,7,1245.0,30.0,320.0,0,2,Fast
2,2,1,1122.0,20.0,308.0,0,2,Slow
3,2,5,2418.0,10.0,285.0,1,1,Slow
3,2,7,1751.0,10.0,309.0,1,1,Slow
4,1,8,1018.0,20.0,236.0,0,1,Fast
5,3,5,1167.0,5.0,125.0,0,2,Ignored
4,1,2,1305.0,20.0,198.0,1,1,Fast
5,2,3,1550.0,0.0,74.0,1,1,Ignored
5,2,8,1511.0,20.0,154.0,1,2,Ignored
6,3,4,893.0,5.0,86.0,0,1,Ignored
6,2,7,1227.0,5.0,82.0,0,1,Ignored
1,3,5,1571.0,15.0,377.0,0,2,Ignored
3,3,8,1426.0,20.0,236.0,1,2,Slow
5,1,4,1168.0,20.0,94.0,0,2,Ignored
3,3,6,3124.0,5.0,353.0,1,2,Slow
2,1,1,452.0,30.0,327.0,0,2,Fast
6,3,1,808.0,30.0,86.0,0,1,Ignored
2,1,7,2401.0,20.0,339.0,1,1,Fast
2,3,3,1025.0,10.0,315.0,0,2,Slow
2,2,1,883.0,30.0,384.0,0,2,Fast
4,1,2,3239.0,10.0,233.0,0,2,Slow
1,2,4,677.0,10.0,376.0,1,2,Fast
1,3,2,1586.0,15.0,358.0,1,2,Slow
1,2,5,777.0,20.0,344.0,0,1,Slow
4,3,3,257.0,30.0,201.0,0,1,Slow
5,1,2,4396.0,20.0,147.0,0,2,Ignored
2,1,8,1627.0,15.0,310.0,0,2,Fast
4,1,1,701.0,25.0,229.0,0,1,Fast
4,3,5,332.0,10.0,255.0,0,2,Slow
3,1,8,534.0,0.0,275.0,0,1,Slow
6,3,6,1011.0,15.0,124.0,0,2,Ignored
5,3,7,3128.0,30.0,171.0,0,1,Ignored
