age,monthly_income,loan_amount,existing_loans,missed_payments,credit_history_years,credit_score
36.0,56479.0,36081.0,2,0,4.0,Average
54.0,37427.0,17966.0,1,1,13.0,Good
31.0,22123.0,37645.0,1,0,2.0,Average
29.0,41681.0,110115.0,4,3,14.0,Poor
54.0,32693.0,117897.0,1,0,14.0,Average
45.0,44048.0,84029.0,0,2,13.0,Average
49.0,25378.0,15511.0,2,0,9.0,Good
55.0,33859.0,115450.0,2,1,23.0,Average
33.0,21657.0,16505.0,2,1,4.0,Poor
250.0,28610.0,76055.0,0,3,18.0,Average
64.0,40001.0,73193.0,0,1,9.0,Average
25.0,16895.0,61927.0,3,0,9.0,Poor
49.0,34672.0,100832.0,0,2,5.0,Poor
38.0,20027.0,6019.0,1,0,16.0,Good
27.0,31586.0,53040.0,4,1,4.0,Poor
62.0,18959.0,18336.0,1,2,9.0,Average
57.0,96912.0,130741.0,1,3,12.0,Average
30.0,56333.0,100055.0,4,2,0.0,Poor
54.0,32606.0,75096.0,3,0,20.0,Good
54.0,73247.0,238347.0,3,0,8.0,Poor
43.0,25753.0,15961.0,0,1,22.0,Good
63.0,64588.0,124789.0,1,1,16.0,Good
31.0,44534.0,153538.0,2,2,6.0,Poor
24.0,26256.0,49862.0,4,2,16.0,Average
56.0,48967.0,108775.0,2,1,11.0,Average
36.0,57772.0,183764.0,3,1,12.0,Poor
26.0,35315.0,103745.0,1,4,21.0,Average
63.0,54128.0,118377.0,1,3,16.0,Average
39.0,51622.0,200203.0,3,0,24.0,Good
59.0,42013.0,18233.0,2,4,23.0,Good
56.0,18926.0,9495.0,0,1,21.0,Good
34.0,41171.0,77453.0,1,0,11.0,Good
56.0,13344.0,11797.0,4,1,12.0,Average
41.0,34831.0,38352.0,2,1,22.0,Good
48.0,47222.0,40389.0,3,3,21.0,Good
33.0,22440.0,64218.0,4,3,9.0,Poor
21.0,54969.0,102171.0,1,1,17.0,Good
29.0,27968.0,94712.0,1,0,14.0,Average
35.0,22670.0,27803.0,2,0,2.0,Average
45.0,50731.0,132239.0,2,1,3.0,Poor
58.0,74305.0,80973.0,4,1,2.0,Poor
28.0,38741.0,13698.0,0,1,6.0,Good
52.0,71332.0,203225.0,2,4,23.0,Average
53.0,26265.0,22021.0,0,0,7.0,Good
56.0,24008.0,68833.0,1,2,23.0,Good
56.0,62094.0,177308.0,2,0,11.0,Average
23.0,47370.0,131316.0,3,2,11.0,Poor
30.0,19670.0,48983.0,4,3,6.0,Poor
62.0,78015.0,278842.0,0,1,16.0,Average
48.0,34842.0,20203.0,4,1,14.0,Average
31.0,36352.0,136237.0,3,0,7.0,Poor
64.0,84079.0,45746.0,1,0,19.0,Good
35.0,72443.0,154499.0,1,1,17.0,Good
33.0,69368.0,257769.0,3,0,17.0,Average
57.0,26306.0,34067.0,3,1,11.0,Average
63.0,41944.0,142620.0,1,0,16.0,Average
38.0,46126.0,115075.0,2,3,8.0,Poor
49.0,23168.0,80773.0,4,1,24.0,Average
49.0,19914.0,9553.0,0,3,11.0,Average
30.0,33735.0,79513.0,2,0,6.0,Average
45.0,54649.0,54540.0,4,2,11.0,Average
23.0,13640.0,5004.0,0,1,23.0,Good
59.0,37794.0,107680.0,2,1,23.0,Good
57.0,20898.0,64237.0,2,0,8.0,Poor
27.0,57407.0,173616.0,1,1,22.0,Good
47.0,42855.0,128128.0,2,1,7.0,Poor
25.0,20739.0,67605.0,3,2,4.0,Poor
24.0,58034.0,118243.0,1,1,5.0,Average
48.0,,67736.0,2,1,6.0,Average
56.0,32450.0,102301.0,2,1,7.0,Poor
58.0,97616.0,269996.0,0,0,7.0,Average
35.0,34099.0,35464.0,1,1,9.0,Average
61.0,28097.0,53682.0,3,3,0.0,Poor
44.0,49077.0,47803.0,2,2,9.0,Average
38.0,,255857.0,4,1,13.0,Poor
36.0,13837.0,16803.0,4,1,,Average
53.0,64230.0,167253.0,1,4,12.0,Poor
37.0,90000000.0,151708.0,4,1,5.0,Poor
38.0,73472.0,291606.0,4,1,3.0,Poor
38.0,66486.0,126498.0,2,2,22.0,Good
35.0,45266.0,159703.0,3,1,24.0,Good
38.0,49576.0,136736.0,1,1,10.0,Average
,38835.0,12864.0,0,3,19.0,Good
59.0,75187.0,131407.0,1,0,3.0,Average
32.0,26028.0,45763.0,3,1,4.0,Poor
40.0,38584.0,28653.0,2,0,12.0,Good
28.0,54759.0,104986.0,2,2,17.0,Good
44.0,58100.0,42465.0,2,3,17.0,Average
32.0,58207.0,197375.0,3,3,8.0,Poor
28.0,47451.0,77773.0,3,2,21.0,Good
33.0,58422.0,57110.0,3,2,15.0,Average
60.0,49466.0,124988.0,2,0,7.0,Average
58.0,84365.0,293004.0,0,0,11.0,Good
55.0,25620.0,96312.0,1,1,7.0,Poor
29.0,58303.0,210407.0,0,1,3.0,Poor
49.0,35838.0,127712.0,3,0,0.0,Poor
57.0,40231.0,63878.0,1,2,11.0,Average
49.0,87888.0,190722.0,1,0,0.0,Average
58.0,87205.0,145967.0,2,0,24.0,Good
29.0,75175.0,279077.0,2,1,21.0,Good
41.0,29801.0,19176.0,4,2,18.0,Average
35.0,28424.0,66824.0,0,1,18.0,Good
52.0,20719.0,25144.0,4,0,15.0,Average
26.0,78729.0,271330.0,1,1,18.0,Average
35.0,23470.0,36498.0,4,1,21.0,Average
51.0,32762.0,114524.0,2,1,12.0,Average
21.0,29853.0,111464.0,2,3,20.0,Poor
32.0,28183.0,26387.0,3,2,5.0,Poor
52.0,16754.0,51782.0,0,2,22.0,Average
31.0,31339.0,49983.0,3,2,17.0,Average
47.0,41911.0,75110.0,3,2,2.0,Poor
38.0,21910.0,28816.0,0,2,4.0,Average
41.0,26408.0,68177.0,0,0,3.0,Poor
36.0,72592.0,113949.0,3,2,6.0,Poor
60.0,24418.0,74238.0,0,1,19.0,Good
52.0,36621.0,116470.0,2,1,20.0,Average
52.0,,66674.0,1,1,24.0,Good
55.0,26640.0,8460.0,3,2,3.0,Poor
39.0,61780.0,33639.0,4,1,14.0,Good
25.0,71029.0,93269.0,4,2,20.0,Good
23.0,19792.0,75790.0,3,1,24.0,Average
42.0,29572.0,51961.0,3,0,2.0,Poor
59.0,25758.0,78656.0,0,2,16.0,Average
42.0,32895.0,123800.0,4,1,1.0,Poor
64.0,37873.0,59241.0,4,0,2.0,Poor
44.0,17075.0,40583.0,0,2,20.0,Good
48.0,37783.0,130487.0,3,5,23.0,Poor
24.0,15418.0,39698.0,0,2,4.0,Poor
54.0,87595.0,62649.0,3,0,20.0,Good
60.0,67457.0,212316.0,1,0,22.0,Good
43.0,41693.0,151977.0,0,2,13.0,Poor
60.0,18060.0,56789.0,1,2,4.0,Poor
31.0,57263.0,176622.0,1,1,18.0,Good
42.0,31005.0,95994.0,1,0,13.0,Average
61.0,64482.0,165486.0,1,2,8.0,Poor
47.0,59162.0,71994.0,2,1,21.0,Good
51.0,32724.0,120100.0,3,3,15.0,Poor
38.0,36367.0,28256.0,2,1,6.0,Average
45.0,26077.0,87645.0,2,1,10.0,Poor
37.0,18430.0,30035.0,1,1,7.0,Average
51.0,37446.0,104592.0,1,0,13.0,Good
23.0,52836.0,173242.0,0,3,6.0,Poor
43.0,39649.0,129049.0,1,1,15.0,Average
61.0,35456.0,31777.0,0,1,11.0,Good
23.0,49393.0,126466.0,2,1,1.0,Poor
40.0,34919.0,38197.0,3,1,0.0,Poor
50.0,41727.0,29826.0,4,2,2.0,Poor
24.0,32158.0,70753.0,1,1,4.0,Poor
21.0,37024.0,146387.0,0,2,2.0,Poor
28.0,21373.0,84042.0,4,2,16.0,Poor
30.0,27524.0,66652.0,3,1,14.0,Average
59.0,86179.0,272071.0,1,0,0.0,Poor
27.0,20447.0,25023.0,4,0,10.0,Average
49.0,89478.0,101123.0,3,2,7.0,Average
35.0,40913.0,119226.0,3,0,12.0,Average
44.0,18315.0,58758.0,1,2,14.0,Poor
60.0,58102.0,176909.0,2,4,12.0,Poor
58.0,20050.0,13768.0,1,0,9.0,Good
24.0,55220.0,89357.0,3,1,1.0,Poor
24.0,46586.0,21591.0,4,0,19.0,Good
36.0,39518.0,126805.0,4,1,19.0,Average
56.0,43696.0,63510.0,1,1,21.0,Good
54.0,44902.0,84866.0,3,2,17.0,Average
48.0,,83818.0,3,1,8.0,Poor
58.0,93127.0,28128.0,0,3,17.0,Good
29.0,73971.0,119111.0,3,0,22.0,Good
53.0,56895.0,170170.0,0,0,0.0,Poor
63.0,32195.0,43735.0,0,1,12.0,Good
63.0,30753.0,74138.0,0,2,16.0,Average
52.0,44786.0,175361.0,2,0,24.0,Good
51.0,30895.0,22775.0,0,1,12.0,Good
30.0,34484.0,44570.0,2,1,21.0,Good
53.0,57455.0,162636.0,3,1,19.0,Average
31.0,75531.0,189885.0,2,1,19.0,Good
39.0,45332.0,177639.0,1,2,2.0,Poor
26.0,42329.0,18118.0,1,2,12.0,Good
34.0,18028.0,63974.0,3,3,18.0,Poor
24.0,55984.0,117993.0,1,1,3.0,Poor
41.0,59314.0,67590.0,3,0,24.0,Good
24.0,66855.0,144570.0,3,1,17.0,Good
54.0,126800.0,231426.0,2,0,21.0,Good
49.0,30287.0,29183.0,1,1,15.0,Good
49.0,81254.0,90335.0,0,2,22.0,Good
51.0,76755.0,104857.0,3,1,22.0,Good
54.0,42723.0,100106.0,1,2,1.0,Poor
50.0,20110.0,12216.0,2,0,23.0,Good
48.0,71820.0,45155.0,0,2,13.0,Good
29.0,82703.0,126326.0,3,0,12.0,Good
53.0,22563.0,65816.0,4,1,6.0,Poor
42.0,53393.0,209286.0,4,3,10.0,Poor
27.0,41128.0,14165.0,1,0,13.0,Good
42.0,39991.0,155871.0,0,2,13.0,Poor
35.0,18287.0,51905.0,0,1,17.0,Average
29.0,70849.0,257440.0,1,3,16.0,Poor
45.0,32346.0,73893.0,0,2,18.0,Good
60.0,100405.0,202103.0,0,1,14.0,Good
21.0,35599.0,114098.0,3,1,24.0,Good
26.0,30352.0,70997.0,0,0,21.0,Good
61.0,31986.0,115797.0,3,1,23.0,Average
51.0,36483.0,131497.0,4,0,18.0,Average
31.0,35972.0,81393.0,4,1,6.0,Poor
37.0,70989.0,172001.0,4,1,24.0,Good
24.0,35789.0,71156.0,1,3,22.0,Good
58.0,77422.0,220715.0,3,1,7.0,Poor
50.0,70059.0,197897.0,0,0,22.0,Good
31.0,65000.0,175968.0,1,1,13.0,Average
29.0,58911.0,31264.0,3,1,18.0,Good
51.0,23943.0,92546.0,1,2,8.0,Poor
45.0,61051.0,94124.0,1,1,6.0,Average
53.0,70188.0,84998.0,2,0,10.0,Good
31.0,80051.0,86526.0,1,4,4.0,Poor
64.0,18701.0,10404.0,3,2,3.0,Poor
28.0,68330.0,136048.0,4,1,10.0,Poor
28.0,18895.0,8574.0,2,1,23.0,Good
53.0,54889.0,49145.0,2,1,0.0,Poor
45.0,50104.0,16009.0,3,4,8.0,Poor
38.0,25991.0,24596.0,2,3,7.0,Poor
53.0,42281.0,168380.0,2,2,5.0,Poor
46.0,38038.0,87616.0,4,0,1.0,Poor
38.0,51691.0,28350.0,1,2,4.0,Average
30.0,41413.0,98867.0,1,3,13.0,Poor
52.0,48092.0,121333.0,0,0,10.0,Good
45.0,34812.0,80993.0,0,1,15.0,Good
60.0,119823.0,184906.0,3,2,21.0,Good
39.0,48759.0,133199.0,1,2,2.0,Poor
32.0,32134.0,26596.0,3,0,8.0,Average
23.0,31182.0,34686.0,0,2,21.0,Good
32.0,59390.0,236400.0,3,0,,Poor
52.0,,283384.0,2,1,2.0,Average
33.0,74329.0,62944.0,4,0,5.0,Average
45.0,40264.0,44411.0,4,1,9.0,Average
30.0,17921.0,53392.0,2,2,6.0,Poor
61.0,26686.0,19484.0,4,1,12.0,Average
60.0,29941.0,48197.0,4,0,5.0,Average
56.0,17555.0,26597.0,3,1,14.0,Average
53.0,36894.0,42189.0,2,2,21.0,Good
46.0,55510.0,114589.0,4,2,7.0,Poor
21.0,33354.0,23597.0,4,1,13.0,Average
22.0,62841.0,125010.0,2,4,17.0,Average
40.0,30973.0,13030.0,1,1,1.0,Average
54.0,20883.0,81240.0,1,1,8.0,Poor
26.0,28479.0,72281.0,4,0,15.0,Average
45.0,27000.0,15600.0,0,1,6.0,Good
62.0,19024.0,19132.0,0,1,10.0,Average
57.0,24419.0,73864.0,2,2,11.0,Poor
45.0,16681.0,50163.0,4,2,23.0,Poor
46.0,16340.0,26968.0,1,1,2.0,Poor
23.0,33016.0,28038.0,2,0,15.0,Good
21.0,29686.0,67771.0,0,0,24.0,Good
34.0,105693.0,139797.0,4,1,22.0,Good
56.0,24893.0,16384.0,4,2,13.0,Average
21.0,31926.0,50449.0,3,1,9.0,Average
56.0,44035.0,135573.0,0,2,3.0,Poor
32.0,65262.0,105093.0,0,2,6.0,Average
25.0,78428.0,35362.0,3,1,19.0,Good
25.0,44323.0,33041.0,0,2,0.0,Poor
51.0,37165.0,93153.0,0,0,18.0,Good
22.0,27757.0,61953.0,4,2,23.0,Average
44.0,41480.0,116019.0,2,0,10.0,Average
62.0,75013.0,181192.0,2,1,20.0,Good
46.0,40758.0,87212.0,3,0,24.0,Good
35.0,49375.0,101611.0,1,2,19.0,Good
60.0,61051.0,235516.0,1,1,12.0,Average
24.0,47268.0,164988.0,2,0,14.0,Average
31.0,51772.0,88874.0,0,0,5.0,Average
28.0,46540.0,126488.0,1,2,3.0,Poor
21.0,23856.0,8960.0,2,1,19.0,Good
63.0,41981.0,15849.0,4,0,12.0,Good
30.0,44387.0,65636.0,3,0,23.0,Good
24.0,91399.0,282664.0,3,2,18.0,Average
61.0,27945.0,104073.0,1,0,6.0,Poor
63.0,43342.0,122528.0,0,2,24.0,Good
30.0,32924.0,95929.0,1,3,0.0,Poor
38.0,87073.0,36469.0,3,0,2.0,Average
50.0,69444.0,259831.0,0,1,15.0,Good
39.0,42927.0,26663.0,4,1,15.0,Good
55.0,13143.0,49990.0,1,3,18.0,Poor
31.0,71141.0,58642.0,3,1,16.0,Good
56.0,19510.0,8263.0,4,0,6.0,Average
45.0,16878.0,40260.0,3,1,3.0,Poor
21.0,62994.0,45387.0,0,1,24.0,Good
48.0,50490.0,20530.0,1,1,8.0,Good
21.0,48021.0,133064.0,2,2,4.0,Poor
58.0,28550.0,86551.0,4,1,1.0,Poor
64.0,18359.0,25407.0,3,2,20.0,Average
27.0,13608.0,30944.0,3,1,21.0,Average
44.0,47882.0,118190.0,4,3,21.0,Average
35.0,20923.0,18729.0,0,2,21.0,Good
23.0,52378.0,100997.0,0,1,4.0,Average
50.0,22117.0,58760.0,2,0,0.0,Poor
22.0,43471.0,155498.0,2,0,12.0,Average
22.0,23440.0,43359.0,1,2,12.0,Average
56.0,59912.0,172998.0,3,0,0.0,Poor
33.0,46821.0,100956.0,0,1,21.0,Good
60.0,41476.0,120953.0,0,1,16.0,Average
47.0,25149.0,80961.0,4,1,17.0,Poor
44.0,19153.0,43344.0,0,1,13.0,Average
39.0,,25281.0,2,2,24.0,Good
37.0,28912.0,102319.0,4,0,19.0,Average
,40075.0,101136.0,3,1,14.0,Average
51.0,38857.0,98012.0,2,2,12.0,Average
47.0,37532.0,82008.0,1,1,20.0,Good
21.0,69880.0,65945.0,0,1,8.0,Good
35.0,37932.0,79613.0,0,0,21.0,Good
60.0,23649.0,54067.0,2,0,3.0,Poor
42.0,54323.0,93432.0,2,1,0.0,Poor
32.0,53301.0,45395.0,1,1,1.0,Average
31.0,27445.0,85636.0,1,1,9.0,Poor
29.0,25231.0,50194.0,0,0,13.0,Good
58.0,46661.0,134965.0,0,0,22.0,Good
34.0,21394.0,10137.0,1,1,22.0,Good
34.0,46963.0,101731.0,4,1,0.0,Poor
23.0,80566.0,46163.0,1,2,19.0,Good
60.0,53951.0,162613.0,0,1,5.0,Poor
38.0,83052.0,203441.0,2,1,9.0,Average
52.0,40215.0,79229.0,0,1,21.0,Good
52.0,40156.0,156589.0,2,0,24.0,Good
36.0,42560.0,64106.0,3,0,19.0,Good
42.0,49388.0,92093.0,0,0,4.0,Average
25.0,47856.0,144949.0,4,1,0.0,Poor
50.0,25636.0,57494.0,3,0,24.0,Good
50.0,38443.0,105200.0,4,1,5.0,Poor
30.0,68626.0,268481.0,3,0,5.0,Poor
29.0,23265.0,66864.0,4,0,13.0,Poor
38.0,42521.0,36467.0,2,2,4.0,Poor
51.0,48913.0,52561.0,0,0,16.0,Good
43.0,48903.0,172064.0,0,1,21.0,Good
23.0,18981.0,9064.0,0,2,8.0,Average
46.0,23005.0,50242.0,0,3,11.0,Poor
52.0,67240.0,245563.0,4,1,22.0,Average
29.0,66651.0,211420.0,4,0,22.0,Good
40.0,39297.0,28607.0,3,1,2.0,Poor
56.0,45543.0,138438.0,0,0,18.0,Good
35.0,24212.0,41491.0,4,0,0.0,Poor
24.0,20643.0,75032.0,1,3,3.0,Poor
61.0,,41405.0,4,0,15.0,Average
25.0,20476.0,47718.0,3,3,3.0,Poor
23.0,45518.0,15123.0,2,0,4.0,Good
31.0,36426.0,44576.0,3,4,11.0,Poor
54.0,41333.0,75523.0,3,2,10.0,Poor
49.0,40979.0,122056.0,4,0,14.0,Average
31.0,22727.0,50549.0,3,4,23.0,Average
24.0,46958.0,162211.0,1,1,10.0,Poor
62.0,72110.0,30798.0,0,0,7.0,Good
21.0,22880.0,34199.0,4,0,5.0,Poor
61.0,37782.0,94874.0,3,5,21.0,Poor
41.0,55210.0,151132.0,0,1,5.0,Poor
29.0,66539.0,143652.0,3,2,0.0,Poor
,49788.0,88411.0,4,0,12.0,Average
34.0,24178.0,13655.0,3,2,18.0,Good
27.0,16543.0,47579.0,1,2,0.0,Poor
40.0,32958.0,120092.0,0,1,15.0,Average
49.0,35587.0,117177.0,4,2,10.0,Poor
41.0,66587.0,192739.0,1,1,19.0,Good
49.0,31483.0,83316.0,4,3,0.0,Poor
63.0,22595.0,71322.0,2,0,22.0,Good
26.0,26589.0,84391.0,3,1,21.0,Average
53.0,49546.0,16136.0,1,2,17.0,Good
31.0,39070.0,63451.0,3,1,15.0,Average
21.0,35824.0,125807.0,2,2,17.0,Average
37.0,67512.0,232775.0,1,0,4.0,Poor
38.0,14687.0,42986.0,3,0,22.0,Good
64.0,60953.0,87989.0,2,1,19.0,Good
36.0,12920.0,42019.0,3,3,18.0,Poor
54.0,59218.0,68501.0,0,2,12.0,Good
62.0,42257.0,47715.0,0,2,3.0,Average
35.0,40890.0,93320.0,3,0,12.0,Average
28.0,41351.0,99820.0,4,3,13.0,Poor
63.0,59189.0,94697.0,0,1,6.0,Average
41.0,22263.0,56414.0,0,2,23.0,Good
41.0,52391.0,153176.0,1,3,9.0,Poor
53.0,60130.0,58134.0,0,0,23.0,Good
37.0,36842.0,50395.0,1,1,21.0,Good
44.0,28365.0,81958.0,3,0,1.0,Poor
62.0,17634.0,65789.0,3,2,3.0,Poor
23.0,139320.0,497712.0,3,0,9.0,Average
53.0,41249.0,32162.0,2,0,15.0,Good
38.0,16699.0,40211.0,0,2,2.0,Poor
45.0,23661.0,77150.0,2,2,5.0,Poor
61.0,29185.0,34383.0,4,0,21.0,Good
47.0,60898.0,163195.0,1,5,11.0,Poor
39.0,23662.0,44538.0,2,2,13.0,Average
63.0,28535.0,78531.0,1,1,13.0,Average
47.0,55598.0,23284.0,1,1,24.0,Good
27.0,32274.0,47053.0,2,1,3.0,Poor
24.0,40389.0,58044.0,0,1,13.0,Good
36.0,19904.0,36804.0,0,0,1.0,Average
52.0,21481.0,15548.0,0,3,1.0,Poor
39.0,22598.0,43286.0,3,2,12.0,Poor
28.0,37601.0,86616.0,4,0,22.0,Good
64.0,40168.0,16012.0,2,0,10.0,Good
29.0,42208.0,59656.0,3,0,17.0,Good
24.0,67373.0,64407.0,4,1,23.0,Good
37.0,28263.0,110141.0,3,1,0.0,Poor
25.0,18431.0,14409.0,1,2,17.0,Average
47.0,56431.0,147930.0,3,0,22.0,Good
40.0,43326.0,77417.0,1,0,22.0,Good
,54420.0,74181.0,4,1,18.0,Good
28.0,43260.0,149683.0,4,1,23.0,Average
32.0,29638.0,81716.0,0,0,15.0,Good
190.0,29634.0,76904.0,4,0,0.0,Poor
51.0,26798.0,17326.0,1,2,24.0,Good
36.0,73278.0,92197.0,2,0,21.0,Good
61.0,109249.0,144539.0,3,2,4.0,Poor
58.0,51094.0,97447.0,0,1,23.0,Good
47.0,34178.0,126781.0,0,1,16.0,Average
53.0,27741.0,49754.0,2,0,11.0,Average
44.0,47022.0,71176.0,2,0,20.0,Good
41.0,19995.0,11247.0,2,3,15.0,Average
45.0,50203.0,86567.0,4,0,19.0,Good
58.0,27007.0,13334.0,1,1,8.0,Average
21.0,13348.0,22041.0,3,0,9.0,Average
25.0,83519.0,324121.0,0,1,2.0,Poor
41.0,57244.0,134948.0,2,4,22.0,Average
46.0,19148.0,20542.0,2,5,6.0,Poor
,62349.0,87732.0,2,1,3.0,Average
47.0,26806.0,64685.0,0,2,2.0,Poor
22.0,61649.0,22894.0,0,1,9.0,Good
31.0,37336.0,135470.0,4,1,12.0,Poor
41.0,38606.0,94164.0,4,1,20.0,Average
23.0,40212.0,85308.0,0,2,16.0,Good
48.0,37512.0,110663.0,1,2,20.0,Average
44.0,23354.0,24311.0,4,0,0.0,Poor
45.0,83642.0,31791.0,0,0,0.0,Good
43.0,50924.0,131197.0,2,3,5.0,Poor
51.0,21133.0,18851.0,1,1,9.0,Average
49.0,28577.0,9867.0,4,1,1.0,Poor
50.0,84196.0,314640.0,3,0,21.0,Good
30.0,18979.0,61058.0,3,2,24.0,Average
51.0,49980.0,36113.0,0,2,12.0,Good
28.0,22659.0,81946.0,0,0,20.0,Good
21.0,26487.0,14568.0,3,1,4.0,Poor
64.0,37430.0,122436.0,1,2,0.0,Poor
28.0,47659.0,87385.0,2,0,22.0,Good
26.0,40861.0,90600.0,0,1,20.0,Good
34.0,21687.0,60134.0,0,0,18.0,Good
64.0,82191.0,54691.0,3,1,20.0,Good
59.0,53936.0,197336.0,0,2,17.0,Average
52.0,69650.0,57912.0,0,1,20.0,Good
29.0,36487.0,138062.0,4,1,24.0,Average
48.0,55931.0,35711.0,3,3,21.0,Good
57.0,70066.0,65612.0,1,0,22.0,Good
35.0,45469.0,23324.0,4,2,11.0,Average
32.0,44738.0,79267.0,4,0,20.0,Good
59.0,49521.0,123119.0,2,1,5.0,Poor
26.0,49366.0,128982.0,2,1,7.0,Average
61.0,46032.0,154922.0,3,0,21.0,Good
42.0,59776.0,134795.0,0,2,9.0,Average
52.0,36134.0,79040.0,4,0,20.0,Good
37.0,79007.0,119043.0,0,2,12.0,Good
52.0,15497.0,41983.0,3,0,6.0,Poor
61.0,55292.0,202455.0,2,1,10.0,Poor
42.0,76500.0,123518.0,0,1,14.0,Good
30.0,28391.0,45951.0,2,1,1.0,Poor
24.0,31816.0,49961.0,1,1,13.0,Average
61.0,79902.0,91202.0,4,0,2.0,Poor
64.0,55062.0,131974.0,2,1,12.0,Average
49.0,57144.0,39465.0,1,0,8.0,Good
21.0,35152.0,119121.0,1,3,15.0,Poor
59.0,33717.0,27300.0,0,3,20.0,Good
42.0,35213.0,33225.0,2,1,2.0,Average
31.0,33308.0,18443.0,2,1,2.0,Average
37.0,35485.0,60714.0,4,2,11.0,Poor
62.0,52023.0,161442.0,3,2,18.0,Average
55.0,32709.0,119955.0,2,1,6.0,Poor
47.0,22748.0,43377.0,1,0,19.0,Good
53.0,74343.0,86982.0,1,1,0.0,Poor
58.0,28267.0,84375.0,3,0,7.0,Poor
48.0,31800.0,90507.0,0,0,,Average
34.0,19781.0,55824.0,0,0,15.0,Good
24.0,45051.0,87429.0,4,2,9.0,Poor
26.0,27813.0,66518.0,0,2,22.0,Good
31.0,22377.0,11844.0,1,1,10.0,Good
54.0,62764.0,76889.0,2,2,15.0,Good
25.0,92506.0,345019.0,0,3,2.0,Poor
26.0,29803.0,13548.0,3,1,23.0,Good
64.0,55429.0,78483.0,2,1,12.0,Average
38.0,46831.0,53321.0,0,4,11.0,Average
26.0,42504.0,33233.0,2,2,6.0,Average
59.0,21962.0,81701.0,4,2,15.0,Poor
63.0,44605.0,34159.0,1,1,0.0,Average
43.0,56662.0,119595.0,3,0,11.0,Average
25.0,106963.0,364336.0,2,0,19.0,Good
48.0,16034.0,5040.0,2,1,19.0,Good
58.0,55049.0,38620.0,2,1,15.0,Good
63.0,42468.0,66463.0,2,0,9.0,Good
46.0,35659.0,30161.0,0,1,13.0,Good
62.0,74723.0,72918.0,2,2,4.0,Average
57.0,29522.0,73429.0,2,2,15.0,Average
28.0,91425.0,85147.0,3,1,5.0,Average
48.0,15504.0,41299.0,3,1,8.0,Poor
50.0,33078.0,121972.0,2,3,18.0,Poor
54.0,63389.0,72827.0,1,0,3.0,Average
44.0,43634.0,47363.0,3,2,8.0,Average
53.0,27796.0,9511.0,4,1,8.0,Average
46.0,30328.0,10744.0,4,3,23.0,Good
32.0,50328.0,88956.0,1,1,19.0,Good
42.0,26148.0,55158.0,1,0,9.0,Average
62.0,,79054.0,2,0,15.0,Good
58.0,38065.0,56909.0,3,0,5.0,Average
49.0,36239.0,29685.0,3,0,19.0,Good
35.0,47339.0,133525.0,3,1,8.0,Poor
29.0,19836.0,34790.0,2,0,22.0,Good
33.0,43745.0,131980.0,4,2,22.0,Average
34.0,116182.0,271420.0,0,5,6.0,Poor
63.0,37506.0,63610.0,1,1,10.0,Average
44.0,42952.0,112429.0,2,0,22.0,Good
38.0,58733.0,19178.0,2,2,2.0,Poor
59.0,79818.0,227828.0,4,0,16.0,Average
37.0,43495.0,72762.0,3,3,12.0,Poor
56.0,35339.0,77754.0,2,0,14.0,Good
49.0,62205.0,139129.0,2,0,14.0,Good
34.0,26010.0,61543.0,0,2,12.0,Average
63.0,78669.0,228048.0,1,1,8.0,Average
51.0,66832.0,47410.0,0,0,11.0,Good
64.0,61222.0,129131.0,0,1,24.0,Good
21.0,48431.0,29430.0,2,2,1.0,Poor
33.0,54523.0,63594.0,0,1,4.0,Average
35.0,54493.0,54508.0,0,1,1.0,Average
50.0,45868.0,115368.0,4,0,15.0,Average
57.0,29636.0,75351.0,4,0,8.0,Poor
26.0,55380.0,186870.0,2,0,1.0,Poor
27.0,21730.0,48475.0,4,3,5.0,Poor
50.0,23565.0,71998.0,0,2,6.0,Poor
36.0,81019.0,290825.0,4,2,2.0,Poor
51.0,23330.0,18526.0,2,1,19.0,Good
21.0,71075.0,210921.0,1,0,0.0,Poor
44.0,22966.0,34756.0,3,2,22.0,Average
22.0,36512.0,48518.0,2,0,24.0,Good
62.0,38432.0,148464.0,3,0,22.0,Average
27.0,19236.0,20465.0,1,1,5.0,Average
28.0,51933.0,191313.0,2,0,5.0,Poor
25.0,20490.0,68595.0,0,1,24.0,Good
30.0,21013.0,74616.0,1,0,15.0,Average
42.0,20147.0,49726.0,2,0,13.0,Average
48.0,15424.0,37996.0,4,0,21.0,Average
60.0,60561.0,108377.0,0,1,4.0,Average
59.0,30223.0,53900.0,2,2,10.0,Poor
24.0,33927.0,116962.0,0,0,3.0,Poor
39.0,36267.0,62912.0,2,0,19.0,Good
59.0,30926.0,64969.0,4,5,5.0,Poor
28.0,22540.0,89859.0,1,0,3.0,Poor
50.0,29318.0,47230.0,3,3,9.0,Poor
39.0,36145.0,120854.0,1,3,14.0,Poor
28.0,21967.0,29120.0,4,1,5.0,Poor
23.0,29861.0,11729.0,3,3,22.0,Good
33.0,65267.0,162886.0,1,1,20.0,Good
21.0,29213.0,60575.0,1,4,22.0,Average
29.0,47633.0,152935.0,4,1,9.0,Poor
45.0,51245.0,16161.0,2,0,9.0,Good
55.0,17503.0,9820.0,1,0,13.0,Good
43.0,51896.0,180640.0,2,1,22.0,Good
52.0,60853.0,126518.0,0,1,12.0,Good
,48632.0,105706.0,0,0,9.0,Good
34.0,32198.0,36477.0,2,0,16.0,Good
49.0,20035.0,74649.0,1,0,3.0,Poor
23.0,49880.0,183726.0,2,0,24.0,Good
46.0,30016.0,66388.0,1,2,17.0,Average
,34540.0,38199.0,2,3,11.0,Average
39.0,25607.0,100798.0,3,1,2.0,Poor
48.0,36352.0,130943.0,3,0,8.0,Poor
64.0,35309.0,78712.0,1,0,14.0,Good
24.0,23084.0,60426.0,1,3,24.0,Average
45.0,46526.0,89645.0,3,1,12.0,Average
44.0,80892.0,85941.0,4,2,24.0,Good
23.0,63449.0,179013.0,2,1,12.0,Average
47.0,84657.0,234991.0,0,3,19.0,Good
24.0,29211.0,67919.0,2,3,2.0,Poor
51.0,24286.0,80470.0,3,2,19.0,Poor
30.0,16650.0,32830.0,4,1,6.0,Poor
26.0,32895.0,114652.0,4,0,10.0,Poor
24.0,35091.0,38704.0,3,1,8.0,Average
41.0,38939.0,150253.0,2,0,13.0,Average
31.0,22630.0,23961.0,0,2,15.0,Good
41.0,42470.0,37902.0,4,0,8.0,Average
60.0,37550.0,95098.0,2,0,1.0,Poor
57.0,42833.0,27601.0,3,0,15.0,Good
54.0,47599.0,43855.0,3,3,10.0,Poor
41.0,25618.0,76788.0,0,3,20.0,Average
25.0,39799.0,57317.0,1,3,17.0,Average
38.0,,203641.0,3,2,9.0,Poor
21.0,45900.0,40188.0,2,1,1.0,Average
26.0,38092.0,65732.0,3,2,13.0,Average
34.0,27130.0,46915.0,2,2,19.0,Good
51.0,33358.0,69300.0,0,1,19.0,Good
55.0,19671.0,35771.0,1,1,8.0,Average
48.0,55953.0,96861.0,2,0,5.0,Average
32.0,27216.0,41238.0,1,1,1.0,Poor
52.0,24062.0,8567.0,0,3,15.0,Good
64.0,20711.0,53463.0,0,0,6.0,Average
49.0,26271.0,53906.0,1,1,19.0,Good
54.0,29726.0,49974.0,4,0,14.0,Good
59.0,69145.0,74831.0,4,1,1.0,Poor
52.0,26956.0,96992.0,4,1,17.0,Poor
59.0,77683.0,91682.0,4,0,6.0,Average
34.0,69563.0,257899.0,4,1,21.0,Average
34.0,68132.0,75209.0,3,5,0.0,Poor
28.0,50241.0,195652.0,0,1,9.0,Poor
29.0,18035.0,33427.0,1,1,0.0,Poor
45.0,64037.0,145432.0,3,3,15.0,Average
61.0,18770.0,26383.0,1,1,11.0,Average
30.0,23034.0,86953.0,1,1,13.0,Average
52.0,29656.0,39903.0,0,0,17.0,Good
24.0,27379.0,82186.0,1,2,22.0,Average
63.0,57497.0,21608.0,1,0,9.0,Good
44.0,53746.0,127231.0,4,3,14.0,Poor
42.0,35517.0,108108.0,3,0,15.0,Average
36.0,49859.0,101824.0,0,3,22.0,Good
63.0,40479.0,108495.0,2,1,4.0,Poor
39.0,37352.0,117353.0,4,1,13.0,Poor
26.0,31196.0,67099.0,2,2,20.0,Average
45.0,25666.0,28411.0,4,1,7.0,Average
46.0,13783.0,24369.0,0,3,9.0,Poor
53.0,56718.0,170374.0,1,0,11.0,Average
42.0,26595.0,34654.0,4,2,17.0,Average
33.0,27715.0,73127.0,3,0,16.0,Average
21.0,25830.0,21921.0,1,0,3.0,Average
,42893.0,160509.0,4,2,5.0,Poor
29.0,48108.0,121763.0,1,0,20.0,Good
36.0,28338.0,57600.0,3,1,16.0,Average
27.0,38055.0,125682.0,1,0,12.0,Average
31.0,29175.0,94805.0,1,1,10.0,Poor
23.0,56781.0,37481.0,1,0,24.0,Good
35.0,44842.0,64399.0,1,0,22.0,Good
62.0,15645.0,31239.0,2,0,10.0,Average
30.0,47215.0,73655.0,4,0,8.0,Average
63.0,39359.0,58016.0,3,0,21.0,Good
48.0,24822.0,39792.0,0,0,8.0,Average
60.0,23425.0,19339.0,2,2,10.0,Average
48.0,53440.0,39644.0,2,1,22.0,Good
64.0,55238.0,69774.0,0,1,2.0,Average
45.0,40459.0,22629.0,1,0,17.0,Good
57.0,28580.0,62528.0,4,1,17.0,Average
22.0,25137.0,21784.0,1,0,9.0,Good
62.0,25579.0,14068.0,3,1,4.0,Average
21.0,31567.0,107247.0,0,0,21.0,Good
29.0,61782.0,152835.0,4,0,19.0,Good
53.0,17356.0,62897.0,4,1,21.0,Poor
32.0,37522.0,147782.0,0,0,8.0,Poor
22.0,31711.0,79153.0,3,1,24.0,Good
58.0,45255.0,146858.0,4,1,18.0,Average
43.0,22853.0,20346.0,4,0,5.0,Average
42.0,33494.0,96595.0,3,3,12.0,Poor
34.0,54654.0,127527.0,3,2,7.0,Poor
52.0,40677.0,114004.0,2,3,13.0,Poor
34.0,29513.0,20290.0,0,5,4.0,Poor
45.0,24572.0,92453.0,0,3,18.0,Poor
26.0,69641.0,128467.0,1,2,11.0,Average
34.0,19962.0,63289.0,1,3,16.0,Poor
22.0,74816.0,296665.0,4,1,16.0,Poor
33.0,40141.0,141748.0,4,3,16.0,Poor
37.0,35056.0,50947.0,1,1,18.0,Good
53.0,61147.0,109289.0,1,2,16.0,Average
57.0,62620.0,169075.0,3,2,12.0,Poor
44.0,38709.0,88670.0,3,3,14.0,Poor
61.0,46032.0,83691.0,4,2,15.0,Average
36.0,21698.0,58964.0,3,0,20.0,Average
42.0,33577.0,123068.0,3,0,11.0,Poor
48.0,27020.0,39048.0,3,1,7.0,Poor
28.0,70260.0,54441.0,4,0,6.0,Average
39.0,66683.0,186731.0,1,1,4.0,Poor
60.0,21903.0,54352.0,1,0,15.0,Good
41.0,21360.0,77978.0,4,0,18.0,Average
61.0,34357.0,104715.0,0,0,7.0,Average
50.0,76262.0,134929.0,1,0,13.0,Good
28.0,30268.0,80008.0,0,1,9.0,Average
41.0,104969.0,366421.0,4,1,22.0,Average
,20186.0,32008.0,4,3,22.0,Average
62.0,26560.0,9327.0,2,1,24.0,Good
35.0,21648.0,56663.0,0,1,21.0,Good
42.0,39018.0,15448.0,1,1,21.0,Good
51.0,29910.0,112721.0,2,2,13.0,Poor
63.0,72517.0,66885.0,1,2,13.0,Good
45.0,28774.0,48478.0,3,0,7.0,Average
58.0,55794.0,212087.0,3,1,18.0,Average
26.0,22187.0,13218.0,2,1,8.0,Average
60.0,32596.0,10303.0,3,2,8.0,Average
30.0,16478.0,11262.0,0,3,23.0,Good
54.0,76955.0,303845.0,0,2,0.0,Poor
44.0,34282.0,133542.0,1,1,2.0,Poor
47.0,55587.0,95777.0,0,2,19.0,Good
25.0,18267.0,55690.0,0,1,17.0,Average
44.0,19548.0,59093.0,3,1,,Average
24.0,22412.0,15001.0,0,2,11.0,Average
45.0,27527.0,32205.0,1,2,0.0,Poor
38.0,62194.0,223229.0,3,2,7.0,Poor
29.0,29369.0,26816.0,1,2,21.0,Good
42.0,47443.0,105663.0,1,1,16.0,Average
30.0,86986.0,104676.0,3,0,22.0,Good
24.0,31872.0,75319.0,0,1,0.0,Poor
22.0,18979.0,19495.0,1,2,8.0,Average
36.0,22591.0,24811.0,2,0,17.0,Good
53.0,49740.0,23535.0,0,1,0.0,Average
46.0,27116.0,107478.0,3,1,11.0,Poor
26.0,18182.0,13063.0,2,1,21.0,Good
40.0,129254.0,237542.0,1,1,4.0,Average
46.0,64795.0,119544.0,2,2,1.0,Poor
,24323.0,34622.0,0,4,15.0,Average
27.0,100606.0,325738.0,3,3,5.0,Poor
31.0,114517.0,177440.0,2,1,4.0,Average
23.0,89781.0,234702.0,0,1,13.0,Average
31.0,32357.0,74716.0,3,0,15.0,Average
44.0,,126095.0,2,0,20.0,Good
56.0,48556.0,161793.0,0,3,2.0,Poor
59.0,25640.0,28368.0,1,0,19.0,Good
50.0,62057.0,190851.0,3,0,16.0,Average
36.0,43773.0,141496.0,2,0,17.0,Good
62.0,61068.0,226012.0,1,1,5.0,Poor
61.0,29549.0,114175.0,0,0,20.0,Good
36.0,42060.0,127307.0,0,0,3.0,Average
21.0,20706.0,40682.0,1,1,17.0,Good
40.0,28209.0,39041.0,1,1,3.0,Poor
,30910.0,108162.0,3,0,15.0,Average
50.0,49606.0,182925.0,2,0,11.0,Average
27.0,58864.0,38908.0,0,2,4.0,Average
44.0,,51908.0,3,3,4.0,Poor
34.0,69662.0,54198.0,4,2,10.0,Average
42.0,46456.0,57180.0,4,1,9.0,Average
22.0,51853.0,89074.0,4,1,11.0,Poor
44.0,58608.0,85058.0,2,1,10.0,Average
22.0,23878.0,70421.0,1,1,0.0,Poor
58.0,68974.0,40845.0,0,2,10.0,Good
52.0,27314.0,70223.0,3,0,10.0,Average
61.0,35179.0,86232.0,2,1,9.0,Average
49.0,32474.0,104327.0,3,0,5.0,Poor
64.0,100782.0,66285.0,1,0,4.0,Good
30.0,24267.0,37144.0,0,0,2.0,Average
21.0,89972.0,259055.0,3,0,15.0,Good
60.0,77332.0,226833.0,1,1,13.0,Average
50.0,20149.0,39565.0,2,1,20.0,Good
51.0,26951.0,54132.0,4,3,5.0,Poor
33.0,27188.0,105227.0,1,1,10.0,Poor
35.0,52399.0,78968.0,0,1,4.0,Average
50.0,69097.0,59107.0,3,1,23.0,Good
38.0,27215.0,104111.0,2,4,19.0,Poor
24.0,18574.0,61212.0,1,1,3.0,Poor
33.0,52468.0,61762.0,2,1,20.0,Good
37.0,39537.0,137267.0,4,1,23.0,Average
57.0,19952.0,24611.0,0,0,16.0,Good
36.0,48732.0,163815.0,3,0,24.0,Good
42.0,38041.0,99884.0,2,1,4.0,Poor
47.0,22099.0,46088.0,4,1,7.0,Poor
26.0,29127.0,108756.0,4,3,15.0,Poor
46.0,86687.0,285604.0,0,1,13.0,Good
29.0,13692.0,10690.0,0,2,17.0,Good
59.0,23277.0,67750.0,0,1,24.0,Good
34.0,19259.0,62036.0,0,3,5.0,Poor
34.0,32869.0,75670.0,1,1,21.0,Good
38.0,41101.0,54313.0,1,2,3.0,Average
36.0,35640.0,41611.0,4,1,11.0,Average
47.0,37747.0,147377.0,3,1,10.0,Poor
52.0,42528.0,81489.0,1,0,20.0,Good
63.0,29009.0,64390.0,2,2,10.0,Poor
60.0,118399.0,297562.0,1,0,20.0,Good
32.0,39315.0,26433.0,2,0,3.0,Average
47.0,20651.0,12407.0,1,3,24.0,Good
35.0,36151.0,37348.0,3,0,4.0,Average
56.0,52621.0,28506.0,1,0,14.0,Good
22.0,56728.0,205602.0,4,1,12.0,Poor
64.0,48645.0,41236.0,4,1,2.0,Poor
37.0,40596.0,46211.0,0,3,13.0,Average
53.0,23814.0,54488.0,2,2,21.0,Average
50.0,44759.0,161847.0,4,0,13.0,Poor
37.0,35732.0,17202.0,4,0,17.0,Good
63.0,26636.0,29276.0,1,3,24.0,Good
,39310.0,116129.0,2,0,7.0,Average
53.0,58446.0,129807.0,0,1,0.0,Poor
61.0,18389.0,45967.0,1,0,17.0,Good
26.0,,8617.0,1,0,19.0,Good
61.0,54255.0,190282.0,1,3,,Poor
60.0,21586.0,52699.0,1,3,8.0,Poor
37.0,67066.0,227163.0,3,0,8.0,Poor
57.0,33452.0,129321.0,4,0,18.0,Average
21.0,48274.0,145256.0,2,1,21.0,Good
29.0,53064.0,22008.0,2,1,18.0,Good
54.0,36812.0,107957.0,3,4,7.0,Poor
62.0,70044.0,167044.0,3,0,15.0,Good
26.0,39957.0,27294.0,2,2,6.0,Average
52.0,42003.0,54628.0,0,2,15.0,Good
25.0,20069.0,18558.0,2,2,24.0,Good
55.0,88288.0,328600.0,0,1,16.0,Average
60.0,58524.0,189767.0,3,2,19.0,Average
41.0,22781.0,65909.0,4,3,18.0,Poor
25.0,20153.0,62964.0,3,0,11.0,Poor
29.0,30981.0,78215.0,4,1,3.0,Poor
43.0,32926.0,114072.0,2,0,24.0,Good
56.0,38242.0,43820.0,2,0,9.0,Good
43.0,67736.0,83103.0,2,1,22.0,Good
42.0,69685.0,173479.0,1,1,21.0,Good
47.0,57755.0,190447.0,4,0,17.0,Average
63.0,16009.0,54309.0,0,1,13.0,Average
55.0,81567.0,319101.0,4,0,6.0,Poor
27.0,61922.0,193225.0,4,0,3.0,Poor
29.0,50517.0,58658.0,4,0,,Good
36.0,33696.0,38865.0,0,1,24.0,Good
32.0,48353.0,94224.0,4,1,16.0,Average
53.0,18935.0,51230.0,1,1,24.0,Good
64.0,47310.0,103991.0,1,3,5.0,Poor
46.0,60347.0,33170.0,3,0,12.0,Good
60.0,43893.0,91431.0,1,1,4.0,Poor
40.0,33492.0,111303.0,4,2,13.0,Poor
51.0,71119.0,84572.0,2,4,22.0,Good
51.0,109883.0,291148.0,0,2,7.0,Average
33.0,50094.0,65020.0,1,3,10.0,Average
53.0,59703.0,140659.0,3,1,12.0,Average
44.0,37316.0,107978.0,2,2,11.0,Poor
46.0,30689.0,32737.0,1,2,24.0,Good
32.0,62293.0,189142.0,1,1,10.0,Average
35.0,95371.0,267336.0,3,2,6.0,Poor
58.0,27320.0,39811.0,1,1,8.0,Average
48.0,23091.0,83391.0,0,0,7.0,Poor
26.0,29461.0,93919.0,2,2,7.0,Poor
44.0,26667.0,59419.0,4,1,22.0,Good
48.0,73987.0,44831.0,1,1,12.0,Good
56.0,69399.0,133961.0,3,0,9.0,Average
58.0,28845.0,43857.0,2,0,3.0,Average
49.0,42640.0,54197.0,4,2,24.0,Good
21.0,23305.0,62486.0,3,0,3.0,Poor
42.0,36541.0,135582.0,2,1,8.0,Poor
30.0,22833.0,19231.0,1,1,17.0,Good
21.0,33713.0,102624.0,4,2,0.0,Poor
61.0,23073.0,59998.0,0,1,7.0,Poor
28.0,70800.0,195976.0,2,0,23.0,Good
31.0,43426.0,148829.0,1,2,0.0,Poor
35.0,46810.0,79070.0,2,1,5.0,Average
41.0,27181.0,66440.0,4,1,2.0,Poor
47.0,31605.0,41853.0,0,0,17.0,Good
34.0,41643.0,56284.0,0,1,0.0,Average
55.0,95076.0,209086.0,4,1,1.0,Poor
27.0,39152.0,12803.0,3,2,11.0,Average
63.0,77946.0,94940.0,2,2,18.0,Good
58.0,32810.0,28250.0,1,0,22.0,Good
47.0,40149.0,29851.0,3,1,5.0,Average
23.0,68079.0,117309.0,1,0,14.0,Good
53.0,56185.0,38551.0,3,2,20.0,Good
51.0,26456.0,23040.0,2,1,18.0,Good
48.0,47403.0,131508.0,3,3,24.0,Average
33.0,48952.0,132658.0,3,0,1.0,Poor
39.0,53100.0,201598.0,2,1,1.0,Poor
39.0,27411.0,101558.0,0,0,17.0,Good
47.0,21520.0,76043.0,3,0,9.0,Poor
35.0,80483.0,229902.0,3,3,18.0,Average
38.0,110953.0,142728.0,2,2,17.0,Good
60.0,52508.0,50365.0,2,2,11.0,Average
40.0,31987.0,121962.0,3,2,24.0,Average
47.0,73800.0,284176.0,1,3,22.0,Average
61.0,25136.0,54455.0,2,4,9.0,Poor
62.0,25997.0,60550.0,0,2,0.0,Poor
45.0,83587.0,26738.0,3,1,24.0,Good
32.0,105435.0,89595.0,0,3,24.0,Good
25.0,30193.0,70053.0,4,4,22.0,Poor
58.0,27099.0,26357.0,3,1,1.0,Poor
44.0,39561.0,81943.0,2,1,17.0,Good
45.0,24042.0,77925.0,2,1,24.0,Good
62.0,20191.0,65881.0,0,2,9.0,Poor
37.0,20481.0,71441.0,3,0,18.0,Average
25.0,46685.0,54721.0,1,1,13.0,Good
50.0,38349.0,72787.0,3,3,11.0,Poor
63.0,67694.0,177313.0,4,2,18.0,Average
28.0,83741.0,205167.0,4,1,14.0,Average
64.0,51345.0,205204.0,4,1,17.0,Poor
44.0,24052.0,31803.0,3,1,5.0,Poor
45.0,16365.0,9229.0,1,2,7.0,Average
63.0,33150.0,57518.0,1,0,15.0,Good
35.0,31088.0,68911.0,4,1,13.0,Average
53.0,24588.0,42606.0,4,3,9.0,Poor
21.0,50560.0,74912.0,1,1,20.0,Good
50.0,52571.0,65812.0,3,1,8.0,Average
21.0,45849.0,86274.0,4,1,11.0,Average
21.0,108536.0,309333.0,4,3,7.0,Poor
38.0,20797.0,17694.0,4,3,14.0,Poor
37.0,34142.0,119582.0,1,1,14.0,Average
55.0,39186.0,104711.0,2,1,8.0,Poor
60.0,32001.0,22313.0,2,0,19.0,Good
62.0,30036.0,11625.0,4,0,4.0,Average
48.0,57172.0,28015.0,4,1,19.0,Good
27.0,27589.0,17501.0,2,1,1.0,Poor
50.0,25342.0,67944.0,4,3,6.0,Poor
42.0,52372.0,198027.0,1,0,10.0,Average
44.0,51619.0,40945.0,3,0,10.0,Good
43.0,19605.0,26507.0,4,1,15.0,Average
59.0,68282.0,239236.0,4,2,23.0,Average
37.0,98312.0,213435.0,0,3,19.0,Good
63.0,17579.0,33055.0,0,0,13.0,Good
44.0,57471.0,117870.0,1,1,2.0,Poor
51.0,44558.0,30039.0,0,2,24.0,Good
61.0,42268.0,47022.0,1,0,7.0,Good
56.0,70554.0,272300.0,4,0,15.0,Average
40.0,44116.0,118261.0,3,1,20.0,Good
29.0,43204.0,58725.0,0,2,17.0,Good
27.0,31140.0,118451.0,3,1,2.0,Poor
37.0,72429.0,128252.0,4,1,6.0,Poor
50.0,19319.0,15865.0,4,0,24.0,Good
56.0,63113.0,244353.0,4,0,19.0,Average
22.0,26980.0,74571.0,4,3,15.0,Poor
41.0,38423.0,118551.0,3,2,11.0,Poor
62.0,24196.0,9274.0,4,1,23.0,Good
57.0,32830.0,44243.0,3,2,18.0,Average
62.0,25906.0,98393.0,3,1,18.0,Average
63.0,34398.0,30114.0,0,2,22.0,Good
25.0,65515.0,231390.0,4,0,24.0,Good
50.0,30757.0,96907.0,0,2,21.0,Average
45.0,50292.0,85522.0,1,1,16.0,Good
42.0,29189.0,104522.0,3,0,5.0,Poor
56.0,25886.0,96141.0,3,3,6.0,Poor
62.0,39960.0,140156.0,4,1,3.0,Poor
41.0,14625.0,26437.0,0,0,20.0,Good
49.0,29929.0,73996.0,3,1,8.0,Poor
42.0,73490.0,105287.0,0,0,5.0,Good
48.0,48716.0,38039.0,3,1,18.0,Good
63.0,38830.0,141256.0,1,1,14.0,Average
56.0,37052.0,145625.0,2,1,6.0,Poor
31.0,65522.0,33860.0,0,1,9.0,Good
59.0,29265.0,83248.0,0,2,12.0,Average
44.0,33570.0,127976.0,4,1,19.0,Average
46.0,14778.0,37673.0,2,2,0.0,Poor
26.0,37208.0,17646.0,2,2,18.0,Good
40.0,50181.0,17823.0,1,0,1.0,Average
34.0,30443.0,65915.0,4,0,21.0,Average
24.0,46630.0,176159.0,3,3,2.0,Poor
58.0,33495.0,44609.0,2,1,6.0,Average
26.0,47733.0,76192.0,0,1,9.0,Good
52.0,41395.0,134334.0,3,0,24.0,Good
53.0,27038.0,88310.0,1,2,9.0,Poor
47.0,33906.0,128553.0,1,1,20.0,Average
57.0,37274.0,126847.0,3,2,6.0,Poor
26.0,36839.0,92006.0,4,1,9.0,Poor
21.0,84217.0,317784.0,1,0,12.0,Average
58.0,36319.0,93461.0,0,2,3.0,Poor
29.0,74289.0,187642.0,2,0,0.0,Poor
34.0,23673.0,8460.0,3,0,8.0,Average
51.0,46877.0,93060.0,3,1,19.0,Good
44.0,57380.0,26333.0,4,0,2.0,Average
29.0,19390.0,70297.0,1,3,20.0,Poor
31.0,50917.0,17248.0,3,0,15.0,Good
57.0,15851.0,22761.0,3,2,6.0,Poor
43.0,28718.0,114348.0,4,0,2.0,Poor
61.0,39583.0,128318.0,4,2,13.0,Poor
45.0,85086.0,264054.0,1,1,10.0,Average
50.0,51023.0,149888.0,1,0,,Poor
35.0,28289.0,13850.0,2,2,16.0,Good
22.0,64742.0,88460.0,1,0,20.0,Good
43.0,21311.0,69352.0,0,0,11.0,Average
53.0,17036.0,61560.0,1,4,11.0,Poor
38.0,46518.0,74206.0,1,4,22.0,Good
58.0,30090.0,37909.0,3,0,9.0,Average
51.0,40364.0,47339.0,0,0,6.0,Good
43.0,21136.0,49201.0,3,0,21.0,Good
44.0,68473.0,94390.0,3,0,13.0,Good
31.0,64904.0,24595.0,0,1,23.0,Good
59.0,19243.0,33594.0,4,0,22.0,Good
23.0,23415.0,54997.0,3,1,20.0,Average
23.0,74669.0,197626.0,3,0,8.0,Average
55.0,29861.0,46850.0,3,0,17.0,Good
22.0,21564.0,31514.0,4,2,11.0,Poor
43.0,42819.0,57820.0,2,0,19.0,Good
29.0,30812.0,80305.0,2,2,23.0,Average
50.0,21208.0,28618.0,3,1,18.0,Good
26.0,86711.0,320168.0,0,0,12.0,Average
32.0,16893.0,22675.0,0,1,24.0,Good
44.0,35413.0,114259.0,3,1,21.0,Average
37.0,58125.0,86200.0,1,0,6.0,Good
29.0,71066.0,188221.0,1,2,23.0,Good
23.0,51571.0,148852.0,0,3,11.0,Poor
21.0,60048.0,56756.0,2,3,6.0,Poor
29.0,54953.0,93743.0,2,0,7.0,Average
33.0,39564.0,30546.0,4,3,19.0,Average
26.0,25585.0,56016.0,2,1,9.0,Poor
43.0,31644.0,115971.0,1,3,16.0,Poor
59.0,22753.0,57021.0,3,1,11.0,Poor
52.0,41277.0,119544.0,1,2,24.0,Good
34.0,25383.0,34198.0,0,1,3.0,Average
40.0,35930.0,73025.0,0,2,14.0,Average
54.0,34047.0,103533.0,4,2,8.0,Poor
63.0,44968.0,35337.0,3,0,19.0,Good
45.0,35865.0,26910.0,0,0,23.0,Good
29.0,37499.0,42389.0,1,1,8.0,Average
59.0,20192.0,23749.0,4,1,22.0,Good
43.0,28336.0,109402.0,3,6,15.0,Poor
22.0,12486.0,11073.0,2,2,1.0,Poor
32.0,50368.0,34707.0,1,1,19.0,Good
44.0,33044.0,26747.0,1,0,13.0,Good
56.0,30854.0,32420.0,3,2,24.0,Good
58.0,41919.0,69764.0,0,0,11.0,Good
29.0,38885.0,40031.0,4,1,6.0,Average
52.0,41466.0,25910.0,1,2,4.0,Average
63.0,45106.0,36332.0,1,0,1.0,Average
56.0,35462.0,114250.0,1,0,17.0,Good
52.0,22584.0,50233.0,3,1,24.0,Good
56.0,21107.0,64582.0,0,3,16.0,Poor
45.0,,26046.0,0,1,15.0,Good
47.0,80404.0,114908.0,1,2,0.0,Poor
44.0,38045.0,149689.0,0,1,0.0,Poor
63.0,48062.0,29653.0,1,1,12.0,Good
36.0,31402.0,60389.0,2,1,12.0,Average
55.0,34239.0,47741.0,3,1,10.0,Average
21.0,25702.0,8408.0,1,3,23.0,Good
39.0,49144.0,115197.0,2,2,,Poor
61.0,32839.0,76680.0,4,1,24.0,Good
31.0,51660.0,76751.0,2,3,6.0,Poor
55.0,15081.0,30876.0,4,3,8.0,Poor
43.0,52992.0,92747.0,1,0,7.0,Average
26.0,23979.0,48379.0,4,2,19.0,Average
25.0,25802.0,88702.0,2,0,8.0,Poor
26.0,59530.0,175119.0,0,1,11.0,Average
41.0,63941.0,85483.0,4,0,2.0,Average
34.0,39612.0,46992.0,3,1,9.0,Average
60.0,61625.0,183846.0,1,1,4.0,Poor
54.0,28394.0,32105.0,3,0,18.0,Good
27.0,30791.0,112636.0,4,1,20.0,Average
43.0,72081.0,243736.0,0,1,6.0,Poor
54.0,16283.0,20098.0,0,3,24.0,Good
49.0,48626.0,158791.0,3,2,10.0,Poor
21.0,35155.0,35436.0,1,0,20.0,Good
21.0,42333.0,16594.0,4,1,6.0,Average
46.0,39150.0,150968.0,3,1,21.0,Average
61.0,41917.0,130655.0,4,0,3.0,Poor
23.0,34780.0,73364.0,3,3,9.0,Poor
28.0,41580.0,142198.0,4,1,9.0,Poor
29.0,48327.0,28056.0,3,2,4.0,Poor
35.0,31597.0,95955.0,0,3,23.0,Average
60.0,35286.0,135442.0,1,2,7.0,Poor
62.0,40812.0,135854.0,4,2,10.0,Poor
34.0,61901.0,117439.0,1,0,0.0,Average
53.0,18403.0,29102.0,4,3,17.0,Poor
21.0,23347.0,84094.0,4,1,4.0,Poor
43.0,88072.0,121414.0,3,0,7.0,Average
48.0,45586.0,171793.0,0,1,22.0,Good
58.0,44784.0,66435.0,0,3,21.0,Good
57.0,113567.0,86601.0,3,1,2.0,Average
23.0,44402.0,52074.0,2,1,15.0,Good
39.0,29811.0,66243.0,2,2,18.0,Average
24.0,,11418.0,0,1,23.0,Good
21.0,34351.0,58597.0,2,1,6.0,Average
27.0,38384.0,140166.0,0,2,8.0,Poor
62.0,56920.0,36849.0,0,3,5.0,Average
32.0,58526.0,150635.0,4,1,13.0,Average
53.0,49336.0,88505.0,3,0,15.0,Good
52.0,63173.0,170288.0,4,1,4.0,Poor
59.0,41698.0,88047.0,4,2,0.0,Poor
44.0,18652.0,66099.0,4,0,3.0,Poor
63.0,33147.0,59308.0,2,1,5.0,Poor
39.0,33273.0,72575.0,1,1,14.0,Average
55.0,39835.0,31131.0,3,0,5.0,Average
55.0,64388.0,136125.0,3,1,20.0,Good
44.0,36798.0,26660.0,2,0,16.0,Good
34.0,37234.0,91506.0,2,0,4.0,Average
27.0,121982.0,229492.0,1,2,24.0,Good
24.0,24118.0,77141.0,2,0,17.0,Average
42.0,43630.0,80644.0,4,1,21.0,Good
38.0,28633.0,75397.0,2,0,16.0,Average
30.0,45861.0,23768.0,2,0,16.0,Good
54.0,68573.0,200718.0,4,2,12.0,Poor
28.0,53564.0,205820.0,4,2,16.0,Poor
41.0,43200.0,84533.0,3,3,19.0,Average
39.0,37560.0,12637.0,0,1,24.0,Good
63.0,63215.0,160155.0,4,0,14.0,Average
25.0,55278.0,46276.0,0,0,18.0,Good
58.0,37793.0,76776.0,0,0,23.0,Good
51.0,114332.0,48029.0,1,0,15.0,Good
55.0,26841.0,52029.0,2,1,19.0,Good
55.0,109351.0,386621.0,0,1,4.0,Average
55.0,64550.0,51700.0,2,1,22.0,Good
40.0,21252.0,45560.0,4,0,24.0,Good
46.0,28073.0,34792.0,3,1,9.0,Average
37.0,43377.0,54907.0,4,1,22.0,Good
60.0,19310.0,51755.0,4,2,20.0,Poor
30.0,56041.0,171969.0,4,1,5.0,Poor
46.0,36929.0,130402.0,0,2,,Good
30.0,57343.0,76238.0,3,2,14.0,Average
37.0,53505.0,30063.0,0,3,4.0,Average
63.0,34016.0,65870.0,3,2,2.0,Poor
29.0,28397.0,69941.0,4,1,12.0,Poor
59.0,15656.0,47539.0,0,1,13.0,Average
56.0,112170.0,347443.0,2,1,21.0,Good
37.0,51658.0,180565.0,0,0,12.0,Average
37.0,22294.0,9259.0,2,0,9.0,Good
21.0,36870.0,144888.0,2,0,7.0,Poor
55.0,62870.0,243761.0,4,1,12.0,Poor
50.0,39411.0,17007.0,1,0,6.0,Good
64.0,20154.0,29409.0,3,2,18.0,Average
33.0,55087.0,172560.0,3,0,3.0,Poor
38.0,20213.0,41851.0,3,2,20.0,Average
51.0,59231.0,18787.0,4,1,5.0,Average
35.0,46561.0,75077.0,0,1,4.0,Average
35.0,37484.0,91539.0,0,2,24.0,Good
28.0,36697.0,130438.0,3,1,9.0,Poor
64.0,33206.0,111845.0,0,1,17.0,Good
41.0,51562.0,196007.0,2,1,9.0,Poor
54.0,21855.0,44395.0,2,2,24.0,Good
49.0,29341.0,95464.0,3,3,3.0,Poor
47.0,76277.0,51313.0,0,0,11.0,Good
34.0,105236.0,233444.0,2,1,2.0,Poor
34.0,35077.0,129481.0,3,1,14.0,Poor
42.0,40958.0,139410.0,0,1,18.0,Average
26.0,23381.0,63731.0,1,2,11.0,Poor
44.0,26582.0,22649.0,1,1,21.0,Good
24.0,15895.0,15477.0,1,2,19.0,Good
33.0,18522.0,52066.0,2,1,23.0,Good
48.0,31222.0,46977.0,0,0,24.0,Good
22.0,60617.0,92075.0,2,4,23.0,Good
22.0,37537.0,128985.0,0,0,10.0,Average
30.0,74302.0,27917.0,0,0,24.0,Good
,29454.0,51613.0,2,0,16.0,Good
56.0,66918.0,79058.0,4,0,2.0,Poor
21.0,124131.0,49686.0,3,2,2.0,Average
33.0,45923.0,50576.0,1,1,9.0,Average
23.0,15635.0,15349.0,1,1,13.0,Good
21.0,15537.0,33662.0,2,2,2.0,Poor
62.0,,36120.0,0,2,14.0,Average
39.0,25891.0,52955.0,3,0,16.0,Good
55.0,58435.0,207343.0,0,0,17.0,Good
51.0,30709.0,65391.0,3,3,24.0,Good
40.0,66850.0,178110.0,1,1,9.0,Average
54.0,28073.0,75676.0,1,0,0.0,Poor
31.0,121577.0,268981.0,2,1,23.0,Good
39.0,76596.0,109353.0,0,0,13.0,Good
37.0,29675.0,108067.0,1,1,15.0,Average
46.0,24494.0,47059.0,1,4,13.0,Poor
30.0,77138.0,186147.0,4,3,12.0,Poor
53.0,22032.0,52190.0,0,1,4.0,Poor
58.0,28621.0,96231.0,0,1,14.0,Average
60.0,21882.0,49849.0,1,2,20.0,Good
60.0,42570.0,84737.0,2,3,2.0,Poor
49.0,69355.0,138864.0,3,0,9.0,Average
56.0,30200.0,96211.0,2,4,23.0,Poor
51.0,61679.0,93808.0,2,1,10.0,Average
62.0,44127.0,165871.0,2,0,4.0,Poor
25.0,21611.0,74178.0,0,1,24.0,Good
29.0,29078.0,23608.0,0,2,3.0,Average
39.0,18544.0,27330.0,3,3,6.0,Poor
48.0,21188.0,77353.0,4,1,11.0,Poor
60.0,89794.0,119424.0,0,2,9.0,Good
25.0,40393.0,59593.0,4,0,10.0,Average
28.0,37234.0,41128.0,4,3,19.0,Average
58.0,39888.0,19994.0,3,2,13.0,Average
34.0,24210.0,50122.0,2,1,11.0,Average
21.0,30854.0,95430.0,1,1,17.0,Average
50.0,45701.0,125312.0,2,1,15.0,Average
59.0,17002.0,6838.0,0,1,15.0,Good
60.0,14715.0,32910.0,1,2,11.0,Poor
58.0,27804.0,42320.0,1,0,13.0,Good
23.0,25775.0,68938.0,2,0,7.0,Average
26.0,71849.0,129263.0,1,2,10.0,Average
59.0,24180.0,94978.0,2,1,4.0,Poor
51.0,46275.0,155728.0,3,1,2.0,Poor
30.0,25733.0,74404.0,4,0,21.0,Good
38.0,44824.0,98970.0,4,1,20.0,Good
58.0,40780.0,101425.0,0,1,6.0,Average
61.0,81985.0,158715.0,2,2,11.0,Average
60.0,23197.0,75164.0,2,1,24.0,Good
41.0,23240.0,85069.0,2,1,13.0,Poor
55.0,133165.0,532214.0,3,0,0.0,Poor
22.0,67953.0,170947.0,1,1,14.0,Good
61.0,,81471.0,2,2,22.0,Average
30.0,23776.0,42309.0,4,1,5.0,Poor
63.0,22387.0,7418.0,2,2,23.0,Good
21.0,66308.0,192424.0,2,0,19.0,Good
61.0,26626.0,100005.0,4,3,1.0,Poor
44.0,24510.0,85310.0,0,0,24.0,Good
43.0,24225.0,86020.0,1,2,15.0,Poor
50.0,50052.0,89486.0,2,2,5.0,Poor
41.0,32912.0,96766.0,0,2,19.0,Average
62.0,67536.0,179794.0,2,0,20.0,Good
25.0,100757.0,231888.0,4,2,15.0,Average
49.0,40817.0,35143.0,3,1,24.0,Good
30.0,43071.0,104625.0,0,2,22.0,Good
22.0,32011.0,44969.0,4,2,7.0,Poor
49.0,39906.0,115858.0,3,0,3.0,Poor
50.0,15861.0,60208.0,4,1,20.0,Poor
26.0,45214.0,135295.0,0,0,23.0,Good
52.0,59499.0,74984.0,4,1,7.0,Poor
62.0,21752.0,43970.0,0,1,13.0,Good
51.0,90933.0,217330.0,0,4,12.0,Poor
30.0,28075.0,83853.0,1,0,8.0,Average
24.0,77346.0,65515.0,4,0,13.0,Good
24.0,52498.0,117842.0,4,3,13.0,Poor
48.0,20730.0,72192.0,3,1,24.0,Average
31.0,65418.0,26303.0,0,1,8.0,Good
37.0,37418.0,111956.0,4,0,3.0,Poor
23.0,47606.0,169364.0,1,0,11.0,Average
40.0,32415.0,105165.0,3,0,3.0,Poor
28.0,34921.0,130877.0,1,4,3.0,Poor
39.0,17095.0,54636.0,2,0,15.0,Average
46.0,49572.0,109886.0,0,0,21.0,Good
63.0,36952.0,76293.0,4,0,2.0,Poor
33.0,43265.0,18076.0,0,1,9.0,Good
35.0,48310.0,17818.0,4,2,4.0,Poor
56.0,46413.0,123739.0,4,3,11.0,Poor
62.0,50677.0,66842.0,0,1,14.0,Good
38.0,16965.0,24366.0,3,1,22.0,Good
36.0,32840.0,107917.0,1,1,22.0,Good
52.0,20564.0,14635.0,1,1,22.0,Good
54.0,13627.0,18399.0,1,1,10.0,Average
52.0,47138.0,133619.0,1,2,19.0,Good
49.0,99642.0,41162.0,4,0,7.0,Good
26.0,14001.0,31127.0,0,3,0.0,Poor
32.0,49749.0,30656.0,1,0,23.0,Good
23.0,31061.0,96852.0,1,1,22.0,Good
38.0,35034.0,92768.0,2,0,4.0,Poor
58.0,48868.0,124694.0,1,0,4.0,Average
30.0,45252.0,50626.0,3,4,22.0,Good
51.0,32401.0,96600.0,4,1,10.0,Poor
39.0,28120.0,39824.0,3,1,19.0,Good
28.0,45522.0,109800.0,1,1,22.0,Good
30.0,14818.0,9491.0,4,0,13.0,Average
50.0,48622.0,31873.0,2,0,2.0,Average
55.0,31129.0,31682.0,1,0,15.0,Good
35.0,73205.0,80468.0,3,1,3.0,Average
61.0,36576.0,28083.0,4,2,17.0,Average
23.0,71145.0,52471.0,1,4,14.0,Average
46.0,22795.0,80977.0,1,2,10.0,Poor
31.0,21995.0,51735.0,3,3,11.0,Poor
60.0,25373.0,66022.0,2,0,24.0,Good
54.0,80537.0,109928.0,3,1,9.0,Average
23.0,35828.0,18104.0,2,1,21.0,Good
38.0,27587.0,107110.0,0,1,20.0,Average
53.0,45079.0,22535.0,1,2,24.0,Good
44.0,26031.0,87040.0,4,0,22.0,Average
42.0,44799.0,123682.0,4,2,15.0,Poor
27.0,35710.0,64558.0,1,1,24.0,Good
46.0,27109.0,83019.0,3,1,17.0,Average
25.0,36746.0,114997.0,0,1,3.0,Poor
35.0,36777.0,130547.0,1,1,2.0,Poor
31.0,56474.0,130806.0,3,4,16.0,Poor
49.0,20181.0,22012.0,0,0,13.0,Good
41.0,29210.0,70646.0,3,0,21.0,Good
39.0,41229.0,27519.0,4,3,13.0,Average
58.0,24729.0,41843.0,0,0,6.0,Average
38.0,33566.0,85874.0,2,3,21.0,Average
54.0,26869.0,33102.0,1,3,12.0,Average
60.0,30502.0,106782.0,3,0,23.0,Good
28.0,22075.0,86344.0,4,0,0.0,Poor
53.0,99832.0,57989.0,0,2,0.0,Average
24.0,15001.0,15928.0,3,2,3.0,Poor
49.0,26796.0,54936.0,0,1,23.0,Good
30.0,36458.0,16055.0,2,0,3.0,Average
32.0,36274.0,23354.0,2,0,17.0,Good
58.0,66814.0,242693.0,2,2,17.0,Poor
29.0,20095.0,9414.0,3,1,21.0,Good
43.0,17285.0,21013.0,3,1,15.0,Average
55.0,28562.0,53338.0,1,3,0.0,Poor
56.0,36481.0,13706.0,3,3,0.0,Poor
30.0,31520.0,103991.0,2,0,0.0,Poor
37.0,59143.0,199373.0,0,2,14.0,Average
45.0,21128.0,37191.0,3,0,10.0,Average
46.0,27285.0,28556.0,1,1,1.0,Poor
28.0,48260.0,173819.0,0,1,0.0,Poor
47.0,36794.0,103415.0,2,1,5.0,Poor
21.0,67583.0,151270.0,2,1,11.0,Average
48.0,36840.0,64539.0,3,0,22.0,Good
53.0,19994.0,45893.0,2,1,20.0,Good
41.0,63055.0,77128.0,3,1,11.0,Average
31.0,59235.0,116309.0,1,3,7.0,Poor
31.0,44769.0,127046.0,3,1,19.0,Average
51.0,110151.0,200698.0,4,2,23.0,Good
39.0,37709.0,106880.0,2,0,7.0,Poor
61.0,39186.0,118862.0,3,2,12.0,Poor
63.0,58427.0,180465.0,1,1,2.0,Poor
40.0,42255.0,101664.0,3,1,3.0,Poor
32.0,38961.0,38269.0,4,2,22.0,Good
56.0,17158.0,49622.0,4,1,5.0,Poor
52.0,19135.0,63745.0,4,2,4.0,Poor
28.0,19114.0,12402.0,1,1,7.0,Average
62.0,30800.0,111344.0,4,2,8.0,Poor
29.0,69380.0,262452.0,1,3,,Poor
45.0,88931.0,246559.0,4,0,17.0,Average
29.0,74498.0,52964.0,0,4,14.0,Average
42.0,76312.0,207466.0,4,0,14.0,Average
48.0,23531.0,38060.0,1,1,24.0,Good
26.0,36778.0,52353.0,1,1,23.0,Good
32.0,22224.0,9690.0,2,2,7.0,Poor
54.0,43832.0,130702.0,2,1,24.0,Good
63.0,30948.0,74174.0,0,0,16.0,Good
61.0,17349.0,34142.0,2,1,3.0,Poor
54.0,46801.0,81347.0,4,1,7.0,Poor
64.0,25715.0,46900.0,2,0,5.0,Average
28.0,34887.0,68952.0,2,0,19.0,Good
29.0,28244.0,58372.0,4,2,15.0,Poor
38.0,50131.0,33158.0,0,1,19.0,Good
61.0,39708.0,67789.0,1,0,3.0,Average
56.0,36545.0,19622.0,4,1,12.0,Average
37.0,73077.0,231723.0,0,4,13.0,Poor
21.0,29145.0,65060.0,1,0,17.0,Good
48.0,45321.0,147665.0,1,1,9.0,Poor
34.0,29643.0,55980.0,4,1,1.0,Poor
30.0,123223.0,106768.0,0,4,,Good
30.0,64367.0,90656.0,1,0,10.0,Good
31.0,86070.0,100296.0,2,1,22.0,Good
35.0,39160.0,75487.0,0,2,10.0,Average
48.0,65838.0,211931.0,0,0,6.0,Average
28.0,21367.0,15631.0,1,3,11.0,Average
42.0,19992.0,35593.0,0,0,2.0,Average
61.0,33003.0,21110.0,4,0,13.0,Good
63.0,43195.0,75522.0,2,0,24.0,Good
57.0,69678.0,171083.0,0,1,6.0,Average
32.0,37584.0,20867.0,3,2,3.0,Poor
27.0,32804.0,17930.0,3,1,3.0,Average
59.0,55419.0,166417.0,3,1,4.0,Poor
38.0,83408.0,150780.0,2,1,9.0,Average
41.0,57453.0,91931.0,0,2,6.0,Average
39.0,47013.0,133488.0,3,2,17.0,Average
26.0,65540.0,40217.0,4,0,8.0,Good
52.0,62782.0,218541.0,1,2,9.0,Poor
31.0,57592.0,182513.0,0,4,3.0,Poor
31.0,63613.0,110794.0,1,3,14.0,Average
54.0,43884.0,89270.0,3,1,8.0,Average
52.0,93054.0,164850.0,3,0,17.0,Good
57.0,20171.0,64655.0,4,0,0.0,Poor
52.0,,20902.0,2,0,16.0,Good
22.0,,74089.0,4,1,20.0,Average
39.0,41638.0,59102.0,1,3,17.0,Average
39.0,20737.0,66033.0,2,1,6.0,Poor
35.0,30500.0,120184.0,3,1,17.0,Average
42.0,32524.0,43329.0,1,2,20.0,Good
42.0,48093.0,93765.0,1,5,13.0,Poor
48.0,29245.0,68026.0,4,1,16.0,Average
63.0,33868.0,79213.0,2,1,20.0,Good
49.0,56757.0,49907.0,3,2,12.0,Average
62.0,70546.0,173403.0,3,2,3.0,Poor
57.0,31825.0,94790.0,3,4,24.0,Poor
53.0,76729.0,291026.0,4,0,8.0,Poor
33.0,54690.0,163190.0,1,2,9.0,Poor
46.0,76142.0,192809.0,1,1,15.0,Good
25.0,40248.0,46810.0,4,1,4.0,Poor
61.0,33550.0,22220.0,2,3,8.0,Average
29.0,37131.0,98287.0,4,1,14.0,Poor
31.0,47410.0,123891.0,4,4,18.0,Poor
62.0,39801.0,135547.0,3,2,3.0,Poor
26.0,40400.0,78803.0,3,0,20.0,Good
45.0,54429.0,50976.0,4,2,6.0,Poor
46.0,29429.0,33299.0,1,0,22.0,Good
30.0,42470.0,87602.0,2,1,22.0,Good
38.0,20638.0,30020.0,2,3,17.0,Average
55.0,38257.0,36994.0,0,1,22.0,Good
52.0,32248.0,22543.0,2,1,3.0,Average
46.0,32838.0,59952.0,3,1,11.0,Average
44.0,22458.0,34783.0,2,2,,Poor
37.0,,110950.0,3,1,11.0,Poor
48.0,48088.0,166804.0,0,0,14.0,Good
21.0,24510.0,23993.0,2,3,14.0,Average
24.0,16752.0,51720.0,4,3,1.0,Poor
55.0,51757.0,107485.0,1,0,2.0,Average
28.0,106035.0,395146.0,2,0,24.0,Good
52.0,27876.0,71094.0,3,3,6.0,Poor
21.0,91993.0,97032.0,3,1,12.0,Good
32.0,16169.0,16575.0,0,2,14.0,Average
62.0,50160.0,194571.0,0,0,3.0,Poor
32.0,26559.0,98205.0,3,1,8.0,Poor
64.0,104521.0,218091.0,2,1,15.0,Good
32.0,35359.0,84387.0,4,1,5.0,Poor
48.0,28796.0,66929.0,4,2,19.0,Average
50.0,12908.0,40336.0,0,2,16.0,Poor
48.0,58891.0,121056.0,1,2,24.0,Good
33.0,56889.0,42879.0,4,0,14.0,Good
54.0,74621.0,111920.0,1,0,20.0,Good
34.0,43773.0,105170.0,0,1,8.0,Average
,33496.0,53559.0,0,0,17.0,Good
37.0,67571.0,223669.0,2,3,23.0,Average
57.0,30572.0,116395.0,1,2,20.0,Average
64.0,19965.0,23866.0,4,0,19.0,Good
54.0,49308.0,177008.0,4,3,11.0,Poor
41.0,63428.0,186993.0,0,2,14.0,Average
39.0,18413.0,45512.0,4,1,14.0,Poor
37.0,42116.0,32953.0,0,1,5.0,Average
36.0,59032.0,107469.0,3,2,6.0,Poor
41.0,29368.0,116967.0,4,2,16.0,Poor
42.0,91300.0,246410.0,1,1,15.0,Good
52.0,27879.0,69397.0,0,0,17.0,Good
60.0,27886.0,12041.0,0,3,15.0,Good
59.0,30775.0,45771.0,1,0,14.0,Good
47.0,23900.0,50338.0,4,1,12.0,Poor
64.0,27877.0,74548.0,2,1,15.0,Average
60.0,41381.0,143647.0,2,0,9.0,Poor
42.0,25307.0,50484.0,0,3,4.0,Poor
39.0,52004.0,68410.0,3,1,16.0,Good
41.0,19087.0,25591.0,0,0,8.0,Average
22.0,25460.0,20620.0,3,2,18.0,Good
35.0,92318.0,77408.0,4,1,22.0,Good
37.0,27487.0,39298.0,3,0,9.0,Average
55.0,38060.0,119370.0,2,2,3.0,Poor
32.0,39675.0,72562.0,3,0,0.0,Poor
49.0,23072.0,80300.0,1,2,14.0,Poor
35.0,26345.0,100424.0,3,1,22.0,Average
36.0,46182.0,26742.0,3,0,22.0,Good
24.0,27556.0,80740.0,0,1,22.0,Good
43.0,26866.0,16536.0,1,0,0.0,Average
25.0,26276.0,14856.0,3,1,1.0,Poor
30.0,74006.0,97714.0,2,1,24.0,Good
43.0,65920.0,44557.0,1,2,16.0,Good
51.0,41727.0,114874.0,4,1,22.0,Average
38.0,35010.0,103267.0,4,2,24.0,Average
32.0,40572.0,108136.0,3,0,17.0,Good
60.0,47933.0,116421.0,2,2,10.0,Poor
36.0,48101.0,153470.0,2,2,17.0,Average
35.0,27723.0,87564.0,4,1,15.0,Average
23.0,31758.0,111786.0,2,3,21.0,Average
36.0,30252.0,86667.0,4,1,21.0,Average
30.0,43547.0,70404.0,4,2,4.0,Poor
36.0,72025.0,161431.0,4,0,22.0,Good
29.0,38167.0,80732.0,3,1,17.0,Average
29.0,39967.0,27941.0,1,0,18.0,Good
53.0,25317.0,83633.0,1,2,8.0,Poor
41.0,18043.0,66354.0,4,3,12.0,Poor
51.0,31321.0,123477.0,2,0,21.0,Average
46.0,53255.0,64837.0,1,1,3.0,Average
44.0,25560.0,16713.0,0,1,13.0,Good
41.0,16854.0,11981.0,3,4,24.0,Average
38.0,49041.0,160653.0,4,0,19.0,Good
32.0,46397.0,122370.0,1,2,3.0,Poor
60.0,28220.0,87416.0,3,0,4.0,Poor
39.0,26701.0,97438.0,1,1,12.0,Poor
59.0,32530.0,36993.0,1,1,6.0,Average
54.0,29186.0,48073.0,2,1,22.0,Good
47.0,82049.0,265164.0,1,2,20.0,Average
,32080.0,40413.0,4,0,23.0,Good
49.0,44672.0,97043.0,4,0,9.0,Average
56.0,34474.0,66906.0,1,0,7.0,Average
56.0,45478.0,113815.0,1,1,13.0,Average
49.0,28646.0,113334.0,0,1,2.0,Poor
52.0,28181.0,19269.0,3,1,18.0,Good
56.0,38038.0,79620.0,3,4,21.0,Poor
30.0,26471.0,101867.0,4,0,4.0,Poor
59.0,31326.0,49719.0,2,2,4.0,Poor
43.0,,158228.0,4,0,7.0,Poor
26.0,67186.0,251161.0,0,0,20.0,Good
27.0,96968.0,115416.0,1,2,8.0,Average
54.0,49946.0,30023.0,2,2,18.0,Good
56.0,43556.0,25265.0,3,1,22.0,Good
49.0,24124.0,13753.0,1,0,10.0,Good
49.0,63045.0,100678.0,1,1,3.0,Average
59.0,80061.0,61406.0,0,1,22.0,Good
64.0,30635.0,55100.0,4,4,9.0,Poor
57.0,92466.0,285745.0,2,1,14.0,Average
27.0,66568.0,93424.0,0,3,23.0,Good
56.0,50264.0,104240.0,1,0,22.0,Good
43.0,34933.0,26943.0,2,0,20.0,Good
56.0,21055.0,60716.0,2,0,8.0,Average
52.0,82224.0,121313.0,2,2,16.0,Good
50.0,20204.0,16170.0,0,0,8.0,Good
59.0,84336.0,323199.0,4,1,13.0,Poor
27.0,89605.0,282041.0,4,0,8.0,Poor
58.0,24317.0,65987.0,1,2,20.0,Average
36.0,20128.0,59883.0,1,0,18.0,Good
29.0,30191.0,56588.0,0,1,23.0,Good
52.0,36141.0,50736.0,0,0,6.0,Average
64.0,29005.0,62359.0,4,1,23.0,Good
24.0,29970.0,100503.0,0,3,6.0,Poor
64.0,36817.0,142336.0,1,0,15.0,Average
36.0,80516.0,204474.0,4,0,4.0,Poor
63.0,34550.0,58477.0,1,0,18.0,Good
23.0,52396.0,154954.0,3,1,19.0,Average
47.0,21393.0,61594.0,0,3,19.0,Average
44.0,39337.0,47819.0,4,2,6.0,Poor
57.0,31332.0,59888.0,4,0,20.0,Good
41.0,51504.0,40989.0,4,2,3.0,Poor
24.0,20722.0,37060.0,3,1,18.0,Average
29.0,70601.0,220428.0,4,5,11.0,Poor
32.0,30721.0,44897.0,3,1,4.0,Poor
59.0,25970.0,68618.0,1,0,24.0,Good
25.0,89043.0,134660.0,4,1,18.0,Good
57.0,42720.0,36068.0,1,1,3.0,Average
43.0,36379.0,110706.0,4,2,9.0,Poor
45.0,20642.0,51202.0,4,2,18.0,Poor
63.0,24184.0,81118.0,2,1,4.0,Poor
54.0,20984.0,59010.0,1,1,11.0,Average
49.0,38052.0,126470.0,0,1,2.0,Poor
57.0,66078.0,57706.0,2,0,0.0,Average
41.0,44450.0,114413.0,3,2,6.0,Poor
61.0,39227.0,65089.0,2,1,17.0,Good
55.0,36872.0,112905.0,3,0,12.0,Average
63.0,57633.0,140989.0,0,1,7.0,Average
45.0,33642.0,16837.0,0,0,6.0,Good
49.0,18989.0,43183.0,1,3,20.0,Average
41.0,62157.0,189820.0,4,0,16.0,Average
61.0,22430.0,28538.0,2,3,21.0,Average
48.0,18105.0,49277.0,1,2,24.0,Average
27.0,43425.0,148141.0,3,1,15.0,Average
43.0,15946.0,8629.0,2,1,1.0,Poor
26.0,37205.0,90731.0,0,0,23.0,Good
49.0,40660.0,145730.0,2,2,3.0,Poor
51.0,47061.0,36131.0,3,1,17.0,Good
56.0,44617.0,57833.0,4,2,6.0,Poor
27.0,20159.0,52734.0,1,3,19.0,Average
41.0,57698.0,142236.0,0,4,20.0,Average
36.0,36602.0,118428.0,4,1,19.0,Average
39.0,31080.0,81663.0,1,2,6.0,Poor
62.0,20694.0,50299.0,0,0,16.0,Good
45.0,64174.0,126542.0,2,1,4.0,Average
40.0,60826.0,35858.0,0,1,22.0,Good
,28960.0,72024.0,4,2,3.0,Poor
44.0,47190.0,41504.0,3,0,21.0,Good
39.0,53329.0,212497.0,2,2,3.0,Poor
44.0,32740.0,19331.0,2,0,7.0,Good
58.0,61194.0,35502.0,1,1,17.0,Good
40.0,62924.0,202182.0,2,1,23.0,Good
48.0,17204.0,11601.0,4,3,17.0,Average
28.0,52284.0,94048.0,3,0,8.0,Average
21.0,29304.0,109355.0,3,1,7.0,Poor
23.0,24792.0,79710.0,4,3,15.0,Poor
