age,tenure_months,monthly_charges,total_spent,support_calls,late_payments,churn
28.0,16,916.0,14821.0,1,1,Yes
42.0,23,1676.0,38904.0,0,1,No
53.0,41,1842.0,68391.0,2,0,No
45.0,5,585.0,3035.0,0,0,No
24.0,45,785.0,30352.0,1,1,No
55.0,6,1832.0,9930.0,0,1,No
160.0,30,1278.0,36546.0,3,2,No
45.0,49,992.0,52122.0,2,0,No
62.0,52,713.0,31775.0,1,2,No
56.0,58,491.0,27374.0,3,0,No
45.0,26,483.0,11050.0,2,1,No
62.0,29,1445.0,38029.0,2,0,No
28.0,54,1524.0,78291.0,3,0,No
32.0,8,921.0,6444.0,1,1,No
31.0,54,1329.0,75883.0,0,1,No
61.0,6,564.0,2947.0,0,1,Yes
61.0,6,335.0,2003.0,1,0,No
31.0,3,469.0,1253.0,0,4,Yes
27.0,14,479.0,5879.0,2,1,Yes
60.0,52,1973.0,99075.0,3,1,No
41.0,13,700.0,8521.0,3,1,Yes
51.0,27,527.0,12255.0,0,1,No
28.0,48,1651.0,68647.0,2,0,No
47.0,52,922.0,44338.0,1,2,No
53.0,26,650.0,17672.0,4,0,No
42.0,22,674.0,15760.0,4,1,Yes
60.0,28,535.0,12982.0,0,0,No
46.0,35,435.0,13595.0,0,1,No
45.0,20,1455.0,27202.0,1,1,Yes
30.0,40,1047.0,42404.0,3,2,No
52.0,48,551.0,24366.0,1,0,No
43.0,3,1646.0,4471.0,2,0,No
51.0,49,332.0,16220.0,1,0,No
49.0,41,1031.0,43132.0,0,2,No
37.0,4,515.0,2002.0,0,0,No
37.0,48,346.0,16892.0,2,0,No
34.0,30,1235.0,31530.0,2,1,No
37.0,2,563.0,1049.0,3,2,Yes
61.0,5,415.0,2080.0,1,0,No
36.0,4,1113.0,4509.0,1,2,Yes
24.0,25,1733.0,38932.0,1,0,No
60.0,31,1125.0,32539.0,0,1,No
29.0,15,434.0,5902.0,0,0,No
37.0,58,816.0,50860.0,2,0,No
28.0,2,1057.0,1953.0,3,0,Yes
48.0,58,777.0,48243.0,0,3,No
31.0,9,873.0,8414.0,3,0,Yes
68.0,7,1149.0,7894.0,3,0,No
40.0,30,1901.0,60891.0,0,0,Yes
19.0,45,1667.0,65201.0,1,1,No
46.0,39,646.0,22210.0,2,0,No
29.0,47,1634.0,73087.0,0,0,No
36.0,27,970.0,26791.0,3,0,No
66.0,52,1686.0,95794.0,0,3,No
27.0,46,1348.0,,3,0,No
55.0,3,1453.0,3713.0,0,2,No
53.0,30,915.0,24578.0,1,0,No
37.0,58,1511.0,84089.0,2,1,No
41.0,43,1261.0,55443.0,2,0,No
22.0,49,1351.0,65976.0,0,2,No
42.0,43,1229.0,56495.0,2,1,No
44.0,36,394.0,12998.0,0,0,No
49.0,20,1105.0,21768.0,1,2,No
58.0,4,386.0,1368.0,0,1,No
66.0,18,585.0,10649.0,5,2,Yes
39.0,15,1108.0,17295.0,1,1,No
63.0,43,989.0,41606.0,3,2,No
61.0,21,380.0,7677.0,0,0,No
33.0,21,532.0,10015.0,0,0,No
33.0,51,1090.0,60233.0,2,1,Yes
45.0,12,1944.0,23364.0,2,1,Yes
43.0,45,1126.0,53396.0,0,1,No
37.0,21,1612.0,28979.0,0,2,No
22.0,56,1052.0,53776.0,2,0,No
59.0,57,625.0,34578.0,1,1,No
45.0,25,335.0,8241.0,1,1,No
27.0,47,937.0,41892.0,1,0,No
62.0,55,1862.0,95684.0,1,1,No
66.0,36,851.0,29490.0,3,2,No
25.0,53,925.0,46157.0,2,1,No
45.0,41,1477.0,52080.0,0,0,No
49.0,2,1552.0,3176.0,2,0,Yes
30.0,36,1333.0,50043.0,0,0,No
34.0,15,874.0,12164.0,0,0,No
38.0,35,1906.0,72813.0,1,0,No
36.0,48,898.0,47273.0,0,0,No
53.0,12,795.0,9465.0,0,1,No
18.0,40,1732.0,72642.0,2,3,Yes
51.0,32,99999.0,59625.0,1,0,No
45.0,14,1925.0,24667.0,0,1,Yes
57.0,45,1205.0,47041.0,1,0,No
69.0,47,1777.0,78183.0,4,0,No
40.0,1,611.0,548.0,4,1,Yes
25.0,19,1810.0,37161.0,1,0,No
40.0,5,1588.0,8677.0,2,0,Yes
30.0,36,978.0,34607.0,1,1,No
44.0,53,716.0,37599.0,2,2,No
29.0,56,1590.0,96397.0,0,0,No
18.0,24,1031.0,25656.0,0,0,No
47.0,15,1963.0,26221.0,1,0,Yes
34.0,19,1752.0,36217.0,3,0,Yes
27.0,4,1643.0,6525.0,1,2,Yes
18.0,21,866.0,15552.0,4,0,No
67.0,39,1509.0,52910.0,2,1,No
61.0,2,1584.0,3324.0,2,0,Yes
54.0,43,995.0,37734.0,1,1,No
37.0,50,460.0,24445.0,0,0,No
50.0,19,1549.0,30802.0,4,0,Yes
45.0,46,800.0,31604.0,3,0,No
18.0,28,525.0,13712.0,1,0,No
65.0,59,372.0,21437.0,0,1,No
42.0,30,855.0,22290.0,1,0,No
42.0,36,1166.0,41762.0,2,0,No
60.0,49,364.0,19532.0,4,0,No
55.0,17,1257.0,21370.0,0,2,No
44.0,41,1821.0,72677.0,2,1,No
62.0,51,1315.0,71539.0,2,0,No
56.0,17,1191.0,22089.0,1,1,Yes
47.0,48,694.0,35820.0,1,0,No
53.0,17,1046.0,15279.0,1,2,Yes
26.0,36,1320.0,41576.0,1,2,No
66.0,20,1770.0,35537.0,0,1,No
63.0,38,1798.0,61948.0,2,2,Yes
37.0,9,1067.0,9413.0,2,1,Yes
20.0,48,611.0,31077.0,0,3,No
60.0,8,1502.0,13033.0,1,0,No
44.0,20,1915.0,35749.0,5,1,Yes
31.0,49,1927.0,100294.0,1,1,No
69.0,6,1992.0,11665.0,2,1,Yes
46.0,50,728.0,36933.0,0,2,No
28.0,24,1722.0,36425.0,3,1,Yes
50.0,16,387.0,5361.0,4,0,No
57.0,50,325.0,16983.0,1,1,No
41.0,51,1444.0,73615.0,1,1,No
53.0,51,503.0,27089.0,2,0,No
23.0,34,959.0,28659.0,0,3,No
32.0,12,320.0,3429.0,1,0,No
40.0,43,447.0,16641.0,0,0,No
23.0,42,654.0,27812.0,1,4,No
28.0,52,1242.0,64836.0,1,0,No
46.0,44,863.0,36316.0,2,0,No
43.0,19,1258.0,21125.0,1,2,No
36.0,27,1402.0,32402.0,1,1,No
19.0,40,305.0,11160.0,0,1,No
38.0,46,1740.0,68090.0,4,1,Yes
43.0,19,397.0,8201.0,0,0,No
69.0,16,1783.0,25463.0,3,2,Yes
37.0,54,1958.0,96890.0,3,0,No
44.0,59,1835.0,113640.0,2,0,No
18.0,18,1221.0,24148.0,2,0,Yes
27.0,4,1607.0,6461.0,3,0,Yes
50.0,37,593.0,20039.0,3,0,No
43.0,1,1892.0,1822.0,0,2,Yes
34.0,12,339.0,3518.0,0,1,No
38.0,32,1237.0,34725.0,2,1,No
48.0,22,1083.0,24479.0,1,0,No
40.0,3,1654.0,5247.0,0,0,Yes
64.0,21,1566.0,30174.0,2,1,Yes
29.0,40,860.0,35590.0,1,1,No
62.0,45,577.0,26227.0,5,1,No
66.0,45,1649.0,72529.0,4,0,No
44.0,17,1961.0,30747.0,4,0,Yes
27.0,40,465.0,20391.0,1,0,No
42.0,20,1545.0,28181.0,2,1,Yes
65.0,39,1176.0,41377.0,1,1,No
45.0,1,829.0,727.0,1,0,Yes
50.0,25,324.0,8219.0,3,1,No
38.0,19,1530.0,31259.0,3,0,Yes
48.0,40,523.0,18484.0,1,0,No
33.0,17,1745.0,25990.0,1,1,Yes
31.0,18,749.0,14508.0,2,0,Yes
26.0,33,1306.0,43750.0,1,1,No
54.0,39,782.0,33312.0,1,0,No
65.0,24,1493.0,36820.0,4,0,No
36.0,53,498.0,27527.0,2,3,No
21.0,58,882.0,49388.0,1,0,No
38.0,36,1164.0,38115.0,3,2,Yes
35.0,33,1294.0,42373.0,2,0,No
50.0,31,1284.0,37398.0,3,0,No
26.0,5,434.0,2099.0,0,2,Yes
58.0,25,356.0,8712.0,2,1,No
21.0,48,702.0,28865.0,0,1,No
37.0,41,363.0,14915.0,0,1,No
26.0,4,674.0,2533.0,1,1,Yes
63.0,9,400.0,3791.0,1,1,No
41.0,50,1195.0,51628.0,2,0,No
65.0,44,477.0,20758.0,2,1,No
47.0,24,1005.0,22673.0,0,0,No
57.0,56,1607.0,78592.0,2,0,No
64.0,4,1612.0,6148.0,2,0,Yes
60.0,45,1255.0,53782.0,0,1,No
53.0,58,351.0,21138.0,2,1,No
59.0,26,1211.0,27960.0,1,1,No
59.0,30,729.0,23130.0,1,2,No
52.0,13,1265.0,14175.0,1,3,Yes
46.0,51,1843.0,92012.0,2,1,Yes
44.0,43,1317.0,57325.0,0,3,No
28.0,25,1898.0,40503.0,0,1,No
47.0,14,654.0,7941.0,0,3,No
62.0,28,755.0,19414.0,2,1,No
62.0,27,552.0,14090.0,1,1,No
42.0,22,432.0,8902.0,0,1,No
43.0,50,317.0,17321.0,2,0,No
58.0,22,1876.0,36804.0,3,2,Yes
68.0,7,1067.0,8012.0,0,1,Yes
18.0,47,1895.0,96737.0,1,0,No
54.0,44,1768.0,69538.0,2,0,Yes
,2,1564.0,3252.0,1,0,Yes
29.0,42,1859.0,85850.0,0,2,No
35.0,29,748.0,19782.0,0,1,No
69.0,40,1755.0,68493.0,0,2,No
33.0,16,1455.0,24204.0,2,1,Yes
44.0,11,1318.0,,0,0,No
53.0,33,1351.0,47182.0,0,0,No
31.0,4,,6893.0,1,1,Yes
60.0,13,1878.0,21488.0,2,1,Yes
21.0,3,600.0,1834.0,1,0,Yes
62.0,21,436.0,8560.0,1,1,No
54.0,54,762.0,41622.0,0,1,No
59.0,32,1676.0,51935.0,2,1,No
22.0,44,464.0,19694.0,1,1,No
60.0,44,1424.0,67066.0,1,0,No
32.0,8,978.0,7903.0,2,0,Yes
61.0,56,1850.0,104235.0,2,0,No
36.0,10,1693.0,18500.0,1,1,Yes
54.0,15,1162.0,15991.0,3,0,No
69.0,39,946.0,37710.0,2,0,No
57.0,29,1718.0,46777.0,2,1,No
22.0,13,714.0,9279.0,0,1,No
29.0,21,1223.0,27077.0,3,0,No
24.0,25,1883.0,50874.0,1,0,Yes
67.0,36,1325.0,45638.0,2,2,No
34.0,47,1880.0,93487.0,2,1,No
44.0,22,1050.0,21570.0,2,1,No
48.0,24,1369.0,33357.0,1,2,No
31.0,6,1898.0,12178.0,1,3,Yes
37.0,57,1552.0,90353.0,2,1,No
41.0,37,1839.0,69842.0,2,1,No
18.0,16,1713.0,29036.0,2,4,Yes
60.0,3,431.0,1181.0,1,1,No
65.0,57,738.0,43611.0,0,0,No
54.0,3,1560.0,4724.0,1,1,Yes
40.0,11,1812.0,19662.0,2,1,Yes
25.0,53,1663.0,96404.0,1,1,No
35.0,20,831.0,15841.0,1,1,No
40.0,52,1355.0,64028.0,1,1,No
28.0,33,1423.0,49768.0,2,1,No
57.0,34,1042.0,31753.0,0,0,No
41.0,55,1298.0,73983.0,1,3,No
54.0,2,1975.0,4274.0,5,0,Yes
44.0,21,1225.0,27150.0,0,1,No
27.0,21,629.0,13318.0,4,2,Yes
51.0,44,1156.0,54973.0,4,2,No
,21,598.0,12209.0,2,0,No
40.0,52,1469.0,66375.0,3,2,No
53.0,43,1832.0,81433.0,0,0,No
69.0,54,1448.0,80476.0,2,0,No
30.0,48,1791.0,91671.0,1,1,No
64.0,45,1536.0,65769.0,1,0,No
33.0,21,1043.0,19412.0,2,1,No
20.0,43,1214.0,45712.0,0,1,No
39.0,25,1204.0,28184.0,1,0,Yes
60.0,21,966.0,21265.0,2,3,No
53.0,14,457.0,6272.0,1,1,No
35.0,53,1492.0,70584.0,1,0,No
67.0,43,379.0,14838.0,2,0,No
69.0,3,646.0,1816.0,6,0,Yes
69.0,21,1071.0,21818.0,2,2,No
,35,1977.0,73337.0,1,1,No
53.0,42,821.0,37864.0,3,2,No
45.0,19,1650.0,31344.0,1,1,Yes
39.0,42,1012.0,40264.0,0,1,No
45.0,17,676.0,10295.0,3,2,No
21.0,10,344.0,3363.0,1,0,No
26.0,6,449.0,2703.0,2,2,Yes
48.0,53,1007.0,49728.0,2,1,No
39.0,39,979.0,35546.0,0,2,No
43.0,49,1364.0,70654.0,0,0,No
65.0,32,405.0,13154.0,4,0,No
52.0,35,782.0,26345.0,3,2,No
21.0,18,339.0,6037.0,1,0,No
68.0,6,1781.0,10432.0,1,1,Yes
62.0,43,975.0,37464.0,0,1,No
26.0,10,1292.0,13793.0,2,0,Yes
62.0,52,1507.0,68392.0,2,0,No
37.0,6,755.0,4092.0,1,0,No
37.0,58,528.0,30331.0,2,1,No
47.0,28,1285.0,34731.0,1,2,No
65.0,17,1835.0,31159.0,2,2,Yes
36.0,16,1816.0,31378.0,4,0,Yes
47.0,40,823.0,30336.0,1,3,No
27.0,50,751.0,33332.0,2,0,No
22.0,29,900.0,22976.0,2,0,No
49.0,26,716.0,16098.0,2,2,No
30.0,52,1939.0,105636.0,2,0,No
20.0,27,358.0,9322.0,1,0,No
18.0,20,624.0,11406.0,3,0,Yes
37.0,55,,19438.0,1,0,No
30.0,48,1751.0,87775.0,1,0,No
68.0,35,1101.0,41783.0,2,0,No
42.0,1,687.0,653.0,1,2,Yes
42.0,23,971.0,22832.0,1,1,No
26.0,58,479.0,25494.0,3,2,No
23.0,59,482.0,30325.0,1,1,No
33.0,40,1909.0,82253.0,1,0,No
61.0,28,1482.0,41810.0,2,0,No
50.0,51,1385.0,71676.0,1,0,No
27.0,35,1103.0,39180.0,0,0,No
19.0,4,1132.0,4518.0,2,1,Yes
31.0,23,1611.0,35560.0,0,1,No
32.0,20,388.0,8032.0,1,0,No
68.0,40,1434.0,62761.0,0,1,No
26.0,13,1235.0,16640.0,0,2,No
58.0,46,820.0,34981.0,0,1,No
38.0,15,666.0,9741.0,1,1,Yes
34.0,38,1764.0,66983.0,1,0,No
28.0,18,1883.0,29507.0,2,0,Yes
51.0,15,462.0,6743.0,3,1,No
53.0,42,588.0,21624.0,1,0,No
43.0,56,1433.0,78453.0,0,0,No
67.0,48,1615.0,67578.0,5,1,No
64.0,31,1134.0,33057.0,3,3,Yes
59.0,54,1875.0,110223.0,3,2,Yes
47.0,49,1783.0,74425.0,0,1,No
45.0,55,514.0,25968.0,1,2,No
52.0,1,541.0,510.0,0,1,Yes
48.0,48,445.0,21307.0,1,0,No
25.0,31,1787.0,60458.0,1,1,No
52.0,42,1247.0,52894.0,4,2,No
30.0,56,1899.0,114154.0,1,0,No
56.0,31,1539.0,42492.0,4,0,No
19.0,41,1543.0,58338.0,4,1,No
20.0,58,512.0,31827.0,1,0,No
48.0,7,485.0,2890.0,2,1,Yes
58.0,44,1882.0,79781.0,1,2,Yes
47.0,42,1119.0,45269.0,3,0,No
26.0,12,,25934.0,0,0,Yes
34.0,1,848.0,816.0,0,0,No
41.0,38,1355.0,55433.0,2,0,No
30.0,22,1273.0,27903.0,0,0,No
68.0,19,415.0,7294.0,0,0,No
41.0,14,1181.0,14667.0,3,1,Yes
64.0,33,1870.0,60016.0,2,1,No
23.0,15,1071.0,13726.0,1,1,No
42.0,5,1102.0,5145.0,2,0,No
62.0,3,1490.0,4384.0,1,1,No
32.0,16,1626.0,25745.0,2,3,Yes
61.0,37,1707.0,60695.0,2,3,Yes
57.0,32,1067.0,37251.0,2,1,No
48.0,44,1054.0,41138.0,3,1,No
20.0,36,1104.0,43693.0,0,0,No
64.0,18,1946.0,35828.0,2,0,Yes
42.0,55,1879.0,109158.0,0,1,No
49.0,35,1358.0,47938.0,1,1,No
53.0,37,782.0,26149.0,1,0,No
43.0,30,1830.0,56968.0,2,1,Yes
26.0,25,590.0,15665.0,1,2,No
49.0,59,480.0,29396.0,1,0,No
49.0,23,1004.0,24673.0,3,0,No
22.0,48,1464.0,60847.0,4,1,Yes
28.0,5,388.0,2116.0,1,0,No
29.0,56,831.0,50482.0,0,0,No
36.0,45,1632.0,,5,2,No
47.0,49,1420.0,70231.0,1,0,No
49.0,19,443.0,8936.0,0,0,No
23.0,39,642.0,25069.0,2,0,No
62.0,45,1532.0,67082.0,1,1,No
60.0,5,497.0,2691.0,2,2,Yes
22.0,39,315.0,11080.0,2,0,No
26.0,51,1987.0,107710.0,1,2,No
61.0,51,1343.0,65763.0,2,0,No
39.0,45,1028.0,42697.0,2,0,No
41.0,53,1314.0,68009.0,1,1,No
43.0,17,1438.0,24674.0,1,0,No
69.0,41,1141.0,41901.0,2,1,No
26.0,16,1418.0,23545.0,4,1,Yes
66.0,51,1504.0,72766.0,1,0,No
30.0,31,604.0,19209.0,1,3,No
64.0,49,1019.0,44403.0,3,1,No
43.0,17,817.0,12000.0,2,0,Yes
57.0,19,1654.0,27981.0,1,0,No
23.0,58,1608.0,83484.0,0,3,No
36.0,54,1677.0,94215.0,3,0,No
27.0,12,1043.0,12180.0,2,0,Yes
47.0,23,1277.0,30575.0,1,2,No
19.0,10,1499.0,15541.0,0,0,Yes
37.0,38,847.0,29332.0,5,1,Yes
44.0,3,1961.0,6340.0,1,0,Yes
42.0,2,943.0,1966.0,0,2,Yes
60.0,33,1212.0,34850.0,1,2,No
49.0,53,1705.0,89740.0,3,1,Yes
60.0,44,1569.0,65804.0,0,1,No
44.0,42,1152.0,46684.0,4,2,Yes
36.0,35,993.0,32732.0,1,1,No
33.0,11,1382.0,14808.0,5,0,Yes
53.0,13,1040.0,12694.0,2,0,Yes
65.0,37,1305.0,46629.0,0,1,No
69.0,55,1659.0,89984.0,2,1,No
30.0,3,506.0,1568.0,0,0,No
40.0,23,1484.0,30305.0,1,0,No
50.0,12,391.0,4145.0,0,1,No
65.0,9,1547.0,13568.0,3,3,Yes
34.0,21,655.0,13325.0,1,1,No
58.0,12,1138.0,13533.0,3,1,Yes
61.0,15,753.0,11333.0,1,3,Yes
27.0,26,846.0,20204.0,2,1,No
34.0,44,1368.0,60910.0,1,0,No
41.0,33,1032.0,33168.0,1,0,No
62.0,33,1128.0,36255.0,3,2,No
66.0,36,1997.0,71782.0,1,0,No
26.0,14,506.0,7105.0,0,3,No
26.0,5,952.0,4780.0,1,1,Yes
37.0,2,1200.0,2538.0,1,0,Yes
20.0,52,1682.0,85266.0,1,0,No
44.0,52,779.0,43962.0,1,1,No
31.0,20,969.0,21058.0,1,1,No
38.0,47,,74394.0,0,0,No
18.0,16,1201.0,20567.0,2,1,Yes
30.0,18,1754.0,30159.0,1,1,No
24.0,41,408.0,18293.0,1,1,No
29.0,55,787.0,46828.0,1,2,No
40.0,37,1247.0,44288.0,2,1,Yes
30.0,57,506.0,27035.0,1,2,No
57.0,59,1118.0,67381.0,0,1,No
41.0,2,329.0,620.0,0,1,No
29.0,25,1157.0,29362.0,2,1,No
50.0,28,1864.0,49861.0,1,0,No
62.0,11,1911.0,20505.0,2,2,Yes
43.0,13,841.0,10328.0,1,3,Yes
69.0,58,305.0,18560.0,3,1,No
36.0,11,1850.0,20357.0,1,2,Yes
42.0,29,1263.0,37389.0,3,0,Yes
40.0,29,,39354.0,2,1,No
69.0,40,1685.0,70707.0,0,0,No
55.0,33,,31221.0,2,0,No
48.0,3,1013.0,2776.0,0,1,No
36.0,27,1747.0,44379.0,2,0,Yes
21.0,20,1135.0,22428.0,0,2,Yes
64.0,8,1550.0,11280.0,0,0,No
23.0,59,1838.0,113344.0,2,1,No
55.0,32,968.0,28106.0,1,1,No
44.0,57,1810.0,96340.0,2,2,No
54.0,55,856.0,47465.0,3,0,No
65.0,59,1879.0,113569.0,2,0,No
28.0,14,818.0,10864.0,2,0,Yes
23.0,49,697.0,35482.0,3,1,No
37.0,3,1524.0,4917.0,0,0,Yes
47.0,30,1866.0,49884.0,1,0,No
21.0,52,1605.0,90051.0,2,0,No
,34,1557.0,52118.0,0,1,No
49.0,12,1953.0,22550.0,1,0,No
69.0,5,1247.0,6540.0,3,0,Yes
32.0,28,1808.0,52954.0,1,0,No
65.0,47,362.0,17365.0,0,0,No
37.0,55,524.0,27440.0,1,0,No
23.0,45,761.0,31396.0,2,0,No
,27,1907.0,48404.0,2,0,No
21.0,42,634.0,26450.0,1,1,Yes
55.0,47,950.0,44248.0,3,2,No
28.0,23,359.0,8926.0,2,0,No
52.0,16,432.0,6664.0,1,1,No
32.0,16,1290.0,20984.0,1,0,No
22.0,44,465.0,20767.0,2,1,No
63.0,48,1828.0,90633.0,1,0,No
36.0,12,1805.0,23780.0,1,4,Yes
51.0,58,1357.0,82681.0,3,0,No
20.0,2,973.0,1673.0,1,0,No
66.0,25,1808.0,47591.0,0,1,Yes
50.0,29,1128.0,35982.0,2,0,No
39.0,4,623.0,2142.0,2,0,Yes
64.0,43,887.0,38114.0,5,1,Yes
39.0,54,916.0,49457.0,0,0,No
35.0,15,1285.0,18913.0,4,1,Yes
32.0,41,981.0,42989.0,1,1,No
51.0,57,1690.0,101491.0,2,0,No
40.0,40,1364.0,48723.0,1,0,No
47.0,27,728.0,17214.0,1,0,No
59.0,56,983.0,49083.0,0,0,No
52.0,24,1529.0,39326.0,1,1,Yes
54.0,40,711.0,24874.0,1,0,No
49.0,46,455.0,21172.0,1,0,No
59.0,37,1508.0,56958.0,2,1,Yes
55.0,19,990.0,17014.0,2,0,No
61.0,42,510.0,19437.0,5,2,Yes
50.0,19,1114.0,22413.0,2,0,No
18.0,29,1252.0,34675.0,2,1,Yes
65.0,33,343.0,11035.0,1,1,No
30.0,17,1644.0,26531.0,1,0,Yes
55.0,46,1135.0,46770.0,1,1,No
52.0,15,342.0,4924.0,1,0,No
52.0,10,1764.0,16182.0,2,2,Yes
41.0,43,1294.0,51471.0,2,1,No
41.0,52,1937.0,90695.0,2,1,No
24.0,15,777.0,11732.0,2,0,No
30.0,31,1000.0,28573.0,2,0,No
21.0,55,1426.0,69914.0,3,1,Yes
65.0,22,1853.0,42890.0,2,1,Yes
67.0,24,1644.0,39218.0,2,2,No
23.0,42,1392.0,62248.0,1,1,No
62.0,38,1651.0,65584.0,1,1,No
,8,460.0,3470.0,0,0,No
34.0,3,1530.0,4546.0,2,1,Yes
26.0,22,1283.0,30957.0,1,0,No
51.0,27,765.0,19405.0,1,0,No
19.0,37,705.0,23734.0,3,3,No
25.0,24,789.0,16868.0,2,2,Yes
23.0,8,508.0,4409.0,0,2,No
25.0,45,,31368.0,0,1,No
18.0,26,420.0,11814.0,1,0,No
35.0,4,1443.0,5760.0,3,2,Yes
59.0,36,1170.0,42016.0,1,1,No
32.0,24,516.0,11765.0,1,1,No
30.0,32,1484.0,45066.0,0,0,No
68.0,51,602.0,28559.0,1,1,No
43.0,12,1140.0,14123.0,2,1,Yes
19.0,40,1863.0,77105.0,1,2,Yes
48.0,7,1593.0,10959.0,1,0,Yes
46.0,46,1292.0,57187.0,3,3,No
40.0,22,1293.0,28699.0,3,1,Yes
62.0,46,408.0,18258.0,0,0,No
53.0,3,1025.0,3247.0,2,0,Yes
19.0,40,821.0,28449.0,3,2,No
37.0,15,1106.0,17845.0,0,1,No
46.0,24,1916.0,45116.0,2,0,No
52.0,14,1636.0,22384.0,2,1,Yes
37.0,24,1336.0,30388.0,1,1,Yes
41.0,47,1497.0,69168.0,0,0,No
29.0,4,1541.0,5579.0,3,1,Yes
49.0,36,1075.0,37707.0,4,2,No
30.0,12,1772.0,20191.0,0,1,No
43.0,24,1348.0,29877.0,1,1,Yes
60.0,33,1554.0,46310.0,2,0,No
65.0,6,318.0,2032.0,2,2,Yes
42.0,53,1213.0,68310.0,0,2,No
28.0,41,918.0,36557.0,1,2,No
20.0,37,393.0,13201.0,0,0,No
61.0,55,1397.0,73961.0,1,3,No
39.0,23,1878.0,46710.0,1,0,Yes
27.0,9,1545.0,14529.0,0,1,Yes
60.0,50,435.0,22879.0,1,0,No
43.0,38,395.0,15396.0,3,1,No
53.0,27,886.0,24664.0,0,1,No
,6,705.0,3754.0,3,1,Yes
67.0,16,346.0,5186.0,2,2,No
34.0,35,367.0,13590.0,2,0,No
58.0,5,886.0,3962.0,0,1,Yes
33.0,33,526.0,15080.0,1,2,No
26.0,49,630.0,32772.0,2,0,No
39.0,27,1777.0,50147.0,0,0,Yes
21.0,37,1988.0,65430.0,1,1,Yes
,13,1667.0,21282.0,2,1,Yes
42.0,35,695.0,20930.0,2,1,No
22.0,11,598.0,5836.0,1,1,Yes
41.0,43,1282.0,50403.0,2,0,No
47.0,32,1632.0,53582.0,1,0,No
46.0,900,1417.0,47249.0,1,0,No
21.0,19,1665.0,33300.0,0,0,Yes
52.0,21,1127.0,20256.0,2,2,No
35.0,39,1978.0,65654.0,1,1,No
31.0,37,1637.0,56023.0,4,0,Yes
62.0,41,386.0,16344.0,1,0,No
69.0,9,918.0,8988.0,1,1,Yes
23.0,12,1250.0,13933.0,5,0,Yes
43.0,18,680.0,12108.0,1,0,No
31.0,23,985.0,19491.0,1,1,No
55.0,32,1369.0,37251.0,0,0,No
49.0,31,1238.0,32772.0,2,1,No
39.0,5,1763.0,7707.0,3,1,Yes
56.0,3,745.0,2388.0,1,2,Yes
53.0,49,1865.0,,2,3,No
66.0,35,847.0,31856.0,1,0,No
69.0,3,1864.0,5920.0,1,3,Yes
39.0,51,721.0,38289.0,2,1,No
25.0,22,1162.0,23990.0,2,0,Yes
65.0,40,,66581.0,2,2,Yes
40.0,27,771.0,18232.0,0,0,No
64.0,12,1742.0,17899.0,1,0,Yes
54.0,41,1151.0,42210.0,0,1,No
45.0,22,1013.0,19050.0,3,2,Yes
62.0,10,1427.0,14583.0,2,1,Yes
57.0,14,637.0,8447.0,5,0,No
51.0,49,1419.0,68282.0,1,1,No
44.0,31,599.0,18007.0,0,0,No
30.0,26,1507.0,36081.0,1,1,No
28.0,47,1337.0,55212.0,2,1,No
51.0,15,537.0,7939.0,1,1,No
38.0,9,470.0,4509.0,1,0,No
50.0,6,1332.0,8291.0,4,0,Yes
55.0,7,506.0,3836.0,1,0,No
20.0,55,1362.0,70340.0,2,0,No
22.0,54,1997.0,114462.0,2,0,No
49.0,24,508.0,12566.0,2,1,No
68.0,28,1104.0,33563.0,0,0,No
45.0,23,1870.0,39653.0,2,1,No
53.0,33,1892.0,65614.0,2,1,Yes
33.0,11,350.0,3762.0,2,2,Yes
29.0,39,1673.0,62584.0,1,2,No
30.0,30,705.0,20440.0,1,0,No
66.0,54,1568.0,81128.0,2,0,No
57.0,19,903.0,18345.0,1,1,No
36.0,45,681.0,33284.0,3,1,No
21.0,10,1099.0,11163.0,0,0,No
62.0,6,598.0,3223.0,1,0,No
32.0,45,1020.0,43840.0,3,1,Yes
30.0,53,970.0,48269.0,0,0,No
54.0,53,1936.0,104429.0,1,2,No
24.0,4,1221.0,4237.0,1,2,Yes
28.0,21,1484.0,31586.0,1,1,No
44.0,28,596.0,16132.0,3,1,No
24.0,17,1994.0,31026.0,0,0,Yes
65.0,18,1145.0,17846.0,1,0,No
69.0,23,427.0,8478.0,1,1,No
61.0,2,1335.0,2865.0,2,1,Yes
47.0,55,840.0,45931.0,1,0,No
46.0,18,799.0,14208.0,1,0,No
31.0,35,838.0,25059.0,1,0,No
25.0,47,1065.0,52195.0,2,0,No
26.0,10,787.0,7104.0,1,0,No
25.0,13,1623.0,19957.0,1,2,Yes
18.0,38,603.0,,1,0,No
56.0,59,540.0,28153.0,0,3,No
56.0,24,477.0,12011.0,3,0,No
55.0,54,997.0,57005.0,1,0,No
36.0,2,491.0,962.0,3,0,Yes
23.0,44,342.0,14165.0,2,2,No
28.0,58,799.0,42309.0,2,2,No
60.0,45,1965.0,91165.0,4,1,No
64.0,7,318.0,2082.0,2,2,No
20.0,1,408.0,429.0,0,0,No
54.0,25,1290.0,33318.0,0,1,No
64.0,33,1145.0,35451.0,1,1,No
60.0,39,476.0,16842.0,1,0,No
30.0,55,1820.0,94037.0,5,0,Yes
52.0,35,,47349.0,2,1,No
60.0,16,1140.0,19866.0,2,0,No
65.0,1,1223.0,1231.0,3,1,Yes
53.0,56,1652.0,93843.0,2,1,No
35.0,36,466.0,15449.0,2,1,No
52.0,41,1885.0,72731.0,0,0,No
26.0,43,490.0,20365.0,3,1,No
22.0,48,1079.0,56670.0,1,0,No
18.0,51,720.0,37340.0,0,0,No
46.0,52,1430.0,66070.0,1,2,No
19.0,11,1727.0,20854.0,1,0,Yes
25.0,18,1347.0,22241.0,1,0,Yes
62.0,3,680.0,2051.0,0,1,No
39.0,8,1624.0,13886.0,1,1,No
49.0,56,1902.0,106932.0,0,1,No
40.0,25,573.0,15492.0,2,1,No
20.0,41,730.0,31786.0,2,0,No
48.0,34,1199.0,35008.0,1,0,No
23.0,27,1557.0,42951.0,0,2,Yes
52.0,10,515.0,5306.0,2,2,Yes
54.0,43,385.0,15611.0,1,0,No
55.0,45,1263.0,61233.0,3,0,No
38.0,10,1654.0,17371.0,4,1,Yes
42.0,19,805.0,14404.0,2,0,No
58.0,57,1290.0,66601.0,0,0,No
40.0,51,1665.0,76691.0,0,0,No
66.0,39,348.0,12284.0,2,0,No
51.0,57,870.0,49456.0,2,0,No
57.0,52,814.0,42781.0,1,0,No
52.0,37,1528.0,50160.0,3,1,Yes
27.0,33,1432.0,46648.0,2,0,No
42.0,39,1705.0,60681.0,1,0,No
51.0,48,1232.0,63725.0,1,1,No
44.0,57,686.0,41608.0,1,0,No
48.0,20,1035.0,18193.0,1,0,No
65.0,18,972.0,15975.0,1,0,No
62.0,8,1434.0,12460.0,2,2,Yes
29.0,1,1921.0,1776.0,1,1,Yes
28.0,21,1077.0,23837.0,1,1,No
25.0,15,1385.0,17921.0,1,0,No
55.0,53,601.0,30163.0,1,1,No
43.0,29,1275.0,37112.0,2,1,No
49.0,42,1537.0,61319.0,0,0,No
63.0,13,1597.0,21751.0,3,0,Yes
42.0,27,1954.0,57769.0,1,0,No
50.0,48,1978.0,92892.0,1,0,No
33.0,14,1175.0,15889.0,1,0,Yes
61.0,24,1762.0,43393.0,0,0,No
19.0,36,1552.0,58019.0,3,1,No
48.0,12,1191.0,12362.0,0,0,No
59.0,35,350.0,11753.0,2,0,No
55.0,37,1960.0,70702.0,3,1,No
23.0,32,1940.0,57539.0,3,0,Yes
62.0,10,1180.0,12269.0,0,1,Yes
37.0,44,885.0,41734.0,0,0,No
45.0,50,489.0,25950.0,2,3,No
43.0,15,393.0,,1,0,No
35.0,7,1665.0,12221.0,2,3,Yes
35.0,31,995.0,28012.0,5,0,No
65.0,11,1256.0,11832.0,3,1,Yes
52.0,19,,15094.0,1,0,No
69.0,39,1343.0,49889.0,2,0,No
35.0,13,1589.0,22112.0,2,0,Yes
33.0,22,1817.0,41864.0,2,0,Yes
44.0,20,1142.0,21594.0,3,2,Yes
49.0,43,809.0,29721.0,0,1,No
22.0,48,430.0,18962.0,0,1,No
36.0,52,1751.0,85599.0,1,0,No
40.0,7,1750.0,12482.0,4,0,Yes
22.0,46,900.0,44539.0,1,2,No
48.0,17,651.0,10018.0,2,1,No
24.0,53,1444.0,80089.0,1,2,No
62.0,32,1585.0,52350.0,1,2,Yes
44.0,55,1526.0,78751.0,1,1,No
27.0,24,420.0,8609.0,3,0,No
45.0,19,1972.0,32154.0,2,1,Yes
35.0,49,,60314.0,2,0,No
40.0,22,1333.0,31138.0,2,1,No
31.0,46,376.0,17434.0,1,1,No
40.0,4,319.0,1331.0,0,1,No
25.0,40,514.0,20061.0,2,3,No
33.0,54,964.0,47668.0,1,0,No
38.0,17,1905.0,27849.0,2,1,Yes
58.0,59,1537.0,95610.0,1,0,No
65.0,2,1998.0,3870.0,7,0,Yes
63.0,8,1455.0,12445.0,0,3,Yes
37.0,19,469.0,8399.0,4,2,Yes
37.0,19,1480.0,25842.0,0,0,Yes
32.0,36,1389.0,50842.0,1,3,Yes
44.0,52,1806.0,94014.0,1,2,No
67.0,6,1224.0,7535.0,1,3,No
30.0,45,716.0,28121.0,2,0,No
55.0,49,1545.0,65927.0,1,0,No
31.0,35,1580.0,54898.0,2,0,Yes
37.0,59,1173.0,68312.0,2,1,No
45.0,6,460.0,2410.0,1,1,Yes
56.0,44,1002.0,42216.0,0,0,No
61.0,25,1727.0,43538.0,2,2,Yes
51.0,25,815.0,20080.0,3,0,No
49.0,36,1543.0,49806.0,2,0,No
62.0,48,730.0,37912.0,1,2,No
50.0,29,858.0,21363.0,0,2,No
23.0,17,872.0,13611.0,0,0,No
20.0,16,529.0,7337.0,1,0,No
46.0,57,896.0,47029.0,3,0,No
18.0,25,1529.0,39040.0,1,0,No
54.0,22,981.0,18473.0,1,0,No
58.0,34,809.0,23647.0,0,0,No
69.0,41,1490.0,55070.0,1,0,No
19.0,3,1175.0,3021.0,2,1,Yes
49.0,2,1040.0,,1,0,Yes
66.0,34,1652.0,50975.0,0,0,No
25.0,38,948.0,33522.0,1,2,No
58.0,29,1224.0,37601.0,1,3,No
68.0,18,353.0,6087.0,1,0,No
21.0,47,876.0,35151.0,3,0,No
41.0,7,702.0,4849.0,0,3,Yes
21.0,38,1805.0,60177.0,2,0,Yes
43.0,26,335.0,7533.0,0,0,No
62.0,22,1489.0,30525.0,2,1,No
31.0,7,1585.0,10186.0,1,0,Yes
,40,864.0,30341.0,2,1,No
60.0,11,736.0,7486.0,1,0,No
18.0,32,579.0,17991.0,2,0,No
45.0,53,770.0,37251.0,3,1,No
31.0,44,1853.0,69961.0,1,0,No
68.0,4,373.0,1601.0,2,1,Yes
54.0,58,1075.0,63151.0,2,2,No
44.0,37,748.0,28414.0,1,1,No
51.0,50,1482.0,70545.0,1,0,No
27.0,4,867.0,3445.0,3,1,Yes
44.0,54,887.0,49131.0,2,0,No
58.0,43,398.0,16073.0,1,0,No
67.0,53,1847.0,103551.0,1,2,No
25.0,58,1186.0,71752.0,4,0,No
65.0,50,416.0,19173.0,1,0,No
32.0,26,1577.0,38263.0,2,0,Yes
62.0,50,1625.0,72798.0,1,0,No
66.0,58,1083.0,61285.0,2,0,No
59.0,54,1964.0,111659.0,2,2,No
68.0,38,683.0,25721.0,1,0,No
46.0,57,1734.0,92776.0,1,1,No
58.0,36,1738.0,59600.0,1,0,No
65.0,27,1185.0,32736.0,1,0,No
28.0,11,1217.0,13100.0,1,1,Yes
55.0,28,490.0,13558.0,2,0,No
56.0,57,525.0,29997.0,5,1,No
43.0,8,1018.0,8426.0,0,1,No
48.0,51,1860.0,95468.0,0,0,No
52.0,38,664.0,25764.0,1,0,No
41.0,8,1107.0,9002.0,1,1,No
48.0,14,408.0,6178.0,1,0,No
41.0,2,808.0,1671.0,1,0,No
42.0,44,931.0,40417.0,1,3,No
41.0,22,1936.0,45765.0,0,0,No
42.0,11,627.0,7415.0,2,0,No
34.0,10,470.0,4408.0,1,0,No
23.0,30,390.0,12301.0,0,2,No
45.0,20,1186.0,25988.0,2,1,No
40.0,54,1182.0,57554.0,2,1,No
19.0,57,632.0,34195.0,1,0,No
45.0,12,720.0,8241.0,1,0,No
62.0,51,841.0,43004.0,1,0,No
31.0,4,315.0,1374.0,3,2,Yes
64.0,26,1688.0,40658.0,2,1,No
46.0,35,1613.0,58625.0,3,0,No
38.0,17,843.0,14971.0,1,0,No
63.0,39,1275.0,50920.0,1,0,No
67.0,35,857.0,29907.0,5,0,No
66.0,56,345.0,19183.0,3,2,No
58.0,56,1302.0,67116.0,3,0,No
50.0,49,1526.0,66124.0,1,2,No
62.0,47,867.0,38040.0,0,0,No
62.0,20,709.0,12867.0,2,2,No
64.0,52,748.0,39408.0,3,1,No
61.0,22,892.0,20866.0,1,1,No
35.0,45,1094.0,43799.0,2,0,No
68.0,29,1582.0,46560.0,1,1,No
60.0,30,637.0,16826.0,4,0,No
63.0,48,1500.0,68042.0,2,0,Yes
25.0,9,1939.0,15589.0,1,1,Yes
18.0,51,605.0,28537.0,0,0,No
68.0,49,1162.0,60619.0,0,0,No
50.0,28,913.0,24412.0,3,1,No
48.0,39,1320.0,45156.0,0,0,No
54.0,16,,25855.0,2,0,Yes
54.0,46,1806.0,88136.0,0,0,No
20.0,8,1052.0,8017.0,2,1,Yes
33.0,44,1586.0,75645.0,2,2,No
46.0,41,1168.0,47424.0,2,2,Yes
,15,1611.0,23604.0,2,1,Yes
64.0,49,1802.0,85123.0,1,1,No
26.0,17,1509.0,26765.0,0,0,No
40.0,32,402.0,13622.0,4,0,No
25.0,51,716.0,32198.0,3,1,No
21.0,4,1635.0,6227.0,1,0,Yes
41.0,25,332.0,7642.0,2,0,No
58.0,37,1179.0,,3,0,Yes
33.0,11,1337.0,15202.0,2,0,Yes
41.0,31,1693.0,48446.0,0,1,No
67.0,38,1670.0,60420.0,2,2,No
37.0,52,423.0,21002.0,2,0,No
61.0,18,1454.0,28343.0,2,1,Yes
69.0,50,1643.0,79556.0,0,1,No
46.0,38,478.0,15523.0,2,0,No
49.0,31,1124.0,35977.0,0,0,No
62.0,35,1403.0,42924.0,1,2,No
53.0,59,881.0,52378.0,1,2,No
48.0,40,929.0,36356.0,2,1,No
63.0,26,474.0,12825.0,0,0,No
65.0,59,1615.0,94097.0,1,2,No
33.0,41,702.0,25726.0,2,1,No
56.0,17,1038.0,18943.0,3,1,Yes
31.0,37,1177.0,46851.0,1,2,Yes
56.0,58,447.0,24764.0,7,1,No
22.0,42,1032.0,43446.0,2,1,No
32.0,46,558.0,25363.0,2,0,No
59.0,40,694.0,27304.0,1,3,No
59.0,51,905.0,40273.0,1,0,No
42.0,5,1132.0,5510.0,2,5,Yes
58.0,48,1037.0,45111.0,1,1,No
43.0,54,421.0,23858.0,1,1,No
22.0,2,895.0,1901.0,2,0,Yes
60.0,47,366.0,14702.0,4,0,No
21.0,30,725.0,22493.0,0,0,No
59.0,23,444.0,8973.0,1,1,No
63.0,7,584.0,3485.0,1,1,Yes
18.0,19,1153.0,18696.0,5,1,Yes
68.0,40,1875.0,72488.0,1,1,No
50.0,31,630.0,20575.0,0,1,No
49.0,4,1541.0,5719.0,1,1,Yes
34.0,19,373.0,7662.0,1,0,No
26.0,2,870.0,1662.0,3,2,Yes
19.0,22,981.0,19363.0,3,1,No
39.0,54,483.0,25163.0,0,0,No
59.0,45,1382.0,62609.0,2,0,No
19.0,55,547.0,29376.0,1,0,No
29.0,10,1660.0,15939.0,2,0,Yes
60.0,37,1305.0,43317.0,2,0,No
40.0,18,1559.0,28759.0,1,1,No
23.0,28,578.0,15174.0,1,0,No
69.0,58,838.0,53107.0,2,0,No
35.0,49,1498.0,69744.0,2,1,No
27.0,42,1070.0,40688.0,0,0,No
47.0,57,1374.0,83402.0,1,1,No
22.0,30,1002.0,27119.0,3,0,No
54.0,4,1442.0,5145.0,3,1,Yes
51.0,54,1390.0,77284.0,3,0,No
65.0,7,808.0,5229.0,2,3,Yes
33.0,16,1798.0,27454.0,2,0,Yes
39.0,54,1544.0,80271.0,1,2,No
52.0,53,415.0,23004.0,1,0,No
27.0,6,363.0,2164.0,0,2,No
36.0,51,1516.0,80049.0,2,2,No
23.0,43,1373.0,64758.0,1,1,No
54.0,7,1871.0,13460.0,5,0,Yes
52.0,33,1447.0,43917.0,5,2,No
22.0,16,653.0,10884.0,1,3,Yes
24.0,31,370.0,12187.0,3,3,No
38.0,11,1204.0,12684.0,1,0,Yes
52.0,6,1143.0,6960.0,2,0,Yes
59.0,39,1893.0,71804.0,3,0,No
41.0,43,1503.0,56996.0,1,2,No
59.0,12,1829.0,22655.0,1,0,Yes
39.0,36,1585.0,54830.0,2,1,No
48.0,30,1422.0,39955.0,2,1,No
31.0,55,1256.0,66796.0,1,0,No
51.0,34,1285.0,43494.0,2,0,Yes
64.0,29,1162.0,35020.0,0,0,No
32.0,1,1725.0,1858.0,1,2,Yes
55.0,54,698.0,38486.0,3,3,Yes
41.0,40,1855.0,81514.0,1,1,No
45.0,11,1250.0,12229.0,4,0,Yes
48.0,1,1043.0,927.0,3,0,No
40.0,13,658.0,8961.0,0,0,No
52.0,30,768.0,23233.0,2,1,No
36.0,56,1292.0,77093.0,2,1,No
26.0,37,557.0,21016.0,0,0,No
38.0,6,305.0,1561.0,2,0,Yes
40.0,12,740.0,9041.0,1,0,Yes
62.0,14,816.0,10315.0,1,1,No
51.0,5,1899.0,9132.0,1,1,Yes
39.0,9,1288.0,11857.0,2,1,Yes
62.0,6,989.0,6018.0,2,2,Yes
18.0,42,1970.0,78242.0,3,1,Yes
53.0,41,924.0,38955.0,0,1,No
66.0,47,1928.0,98413.0,2,1,No
54.0,11,1899.0,18961.0,1,2,Yes
48.0,54,1472.0,69938.0,1,1,No
45.0,23,1192.0,24229.0,1,0,No
26.0,9,1696.0,14721.0,4,0,Yes
25.0,10,850.0,7859.0,5,0,Yes
24.0,19,924.0,16974.0,3,0,Yes
66.0,6,651.0,3402.0,3,2,Yes
37.0,19,733.0,12698.0,0,0,No
68.0,39,531.0,19400.0,0,1,No
49.0,58,1745.0,109657.0,1,1,No
57.0,1,301.0,278.0,1,2,No
66.0,35,1021.0,30805.0,0,2,No
44.0,14,918.0,,1,1,Yes
20.0,20,958.0,20774.0,2,1,Yes
60.0,38,1733.0,63010.0,2,0,No
36.0,18,1695.0,,3,1,Yes
25.0,26,,34016.0,1,0,No
31.0,19,1470.0,24689.0,3,1,Yes
69.0,22,1665.0,35684.0,0,0,No
39.0,43,,42066.0,2,2,No
47.0,18,1065.0,20345.0,1,3,Yes
59.0,33,715.0,21478.0,1,2,No
48.0,47,704.0,36286.0,3,1,No
26.0,37,1888.0,67922.0,0,1,No
22.0,45,1592.0,69890.0,1,2,No
66.0,28,1069.0,31867.0,1,0,No
28.0,28,365.0,9728.0,2,0,No
31.0,2,1562.0,3247.0,3,0,Yes
20.0,42,1911.0,79613.0,2,4,Yes
57.0,41,1874.0,67910.0,1,0,No
44.0,31,1513.0,40254.0,4,0,Yes
51.0,43,1400.0,65230.0,2,0,No
27.0,39,504.0,20966.0,2,2,No
46.0,11,445.0,,0,1,No
46.0,14,750.0,10695.0,2,1,No
,39,1257.0,49583.0,3,0,Yes
55.0,6,1851.0,10019.0,2,2,Yes
49.0,52,1780.0,93539.0,1,1,No
52.0,21,819.0,16719.0,2,3,No
58.0,36,922.0,31344.0,1,1,No
29.0,31,827.0,26165.0,2,1,No
48.0,40,1200.0,41820.0,1,0,No
66.0,21,1674.0,34309.0,2,1,No
55.0,42,1630.0,71166.0,1,2,No
61.0,11,1806.0,21008.0,1,0,No
20.0,20,1186.0,23068.0,0,0,No
61.0,3,1418.0,3991.0,1,1,Yes
51.0,10,1921.0,19077.0,3,0,Yes
27.0,4,1447.0,5105.0,1,2,Yes
64.0,28,583.0,14249.0,2,0,No
63.0,5,855.0,4509.0,0,0,No
51.0,14,428.0,5283.0,1,0,No
67.0,29,487.0,13478.0,2,3,Yes
60.0,41,1135.0,44345.0,2,1,No
39.0,2,1555.0,3408.0,1,1,Yes
69.0,43,620.0,27361.0,0,1,No
42.0,31,843.0,27221.0,2,1,No
26.0,1,871.0,886.0,2,1,Yes
24.0,6,1727.0,9514.0,2,1,Yes
53.0,57,612.0,32801.0,1,1,No
25.0,27,357.0,8635.0,2,1,No
64.0,55,1360.0,73718.0,2,2,No
66.0,31,1195.0,32210.0,0,2,No
19.0,8,304.0,2617.0,1,2,No
26.0,43,1599.0,61820.0,1,1,No
27.0,29,1020.0,26722.0,2,3,No
54.0,23,1230.0,27474.0,0,1,Yes
30.0,13,1439.0,17396.0,0,0,Yes
52.0,27,386.0,9293.0,3,1,No
63.0,57,592.0,36997.0,2,0,No
52.0,13,1086.0,12987.0,2,1,Yes
68.0,34,591.0,20795.0,2,2,No
43.0,2,497.0,1025.0,2,2,Yes
65.0,42,851.0,32566.0,1,0,No
58.0,53,1024.0,49899.0,1,1,No
42.0,58,1744.0,99500.0,1,0,No
32.0,48,1310.0,66983.0,0,1,No
52.0,40,1879.0,77782.0,0,2,No
58.0,35,1076.0,34864.0,2,1,No
23.0,52,1102.0,49327.0,2,1,No
34.0,1,828.0,830.0,0,2,Yes
68.0,15,438.0,6366.0,1,0,No
25.0,3,591.0,1659.0,0,2,No
67.0,14,414.0,5863.0,1,0,No
24.0,14,1495.0,22770.0,1,2,Yes
49.0,27,892.0,25911.0,5,0,Yes
34.0,41,353.0,14711.0,2,0,No
25.0,53,1578.0,91146.0,0,2,No
29.0,36,732.0,25006.0,3,2,No
67.0,3,1818.0,4774.0,0,1,Yes
32.0,6,1698.0,9812.0,0,0,Yes
64.0,27,815.0,22337.0,2,1,No
51.0,37,700.0,27204.0,4,2,No
69.0,49,1987.0,105590.0,2,0,No
42.0,23,1692.0,38110.0,2,1,Yes
44.0,11,1874.0,19444.0,3,1,Yes
22.0,9,328.0,2717.0,2,2,Yes
36.0,37,1316.0,48775.0,2,5,Yes
48.0,59,752.0,45397.0,1,1,No
37.0,5,936.0,4718.0,1,3,Yes
26.0,1,454.0,408.0,0,1,No
43.0,1,1571.0,1511.0,3,0,Yes
68.0,33,1193.0,34195.0,0,1,No
65.0,19,1645.0,30633.0,2,2,Yes
37.0,49,497.0,22004.0,1,3,No
24.0,48,1994.0,102631.0,3,0,No
18.0,30,892.0,28153.0,1,1,No
51.0,3,1916.0,5937.0,1,1,Yes
53.0,34,1449.0,43261.0,2,2,No
65.0,22,484.0,10240.0,1,0,No
48.0,50,1628.0,72857.0,1,1,No
32.0,43,1252.0,46350.0,0,1,No
19.0,57,620.0,33595.0,0,0,No
45.0,22,617.0,12603.0,4,0,No
32.0,20,1919.0,41433.0,2,0,Yes
59.0,29,1997.0,62634.0,0,0,No
51.0,49,1278.0,67864.0,1,0,No
44.0,30,617.0,15800.0,1,0,No
56.0,20,877.0,17184.0,1,2,No
45.0,54,659.0,30410.0,1,1,No
51.0,24,1332.0,32004.0,2,0,No
57.0,52,979.0,49742.0,1,0,No
21.0,38,942.0,34278.0,1,1,No
26.0,4,1661.0,5735.0,2,3,Yes
42.0,30,1937.0,50917.0,3,0,No
55.0,41,634.0,24129.0,0,1,No
39.0,54,1004.0,49364.0,2,1,No
65.0,33,1211.0,35755.0,2,0,No
68.0,1,717.0,762.0,3,1,No
23.0,21,982.0,17676.0,2,0,No
52.0,58,394.0,20669.0,0,1,No
21.0,30,369.0,11947.0,1,0,No
58.0,23,1636.0,40184.0,1,0,Yes
22.0,52,875.0,42716.0,4,1,No
23.0,25,1502.0,39469.0,4,2,Yes
56.0,46,440.0,17974.0,1,3,No
38.0,2,1439.0,2907.0,0,1,Yes
38.0,34,1410.0,51334.0,0,2,No
40.0,2,1695.0,3281.0,3,1,Yes
42.0,11,647.0,6346.0,1,0,No
52.0,33,1236.0,40572.0,0,1,No
55.0,37,1831.0,,1,0,No
67.0,7,673.0,5024.0,1,0,No
45.0,30,511.0,,1,1,No
61.0,24,885.0,19562.0,1,0,No
49.0,27,1940.0,53501.0,1,2,Yes
21.0,48,567.0,24834.0,0,0,No
62.0,56,502.0,25601.0,0,0,No
40.0,5,1995.0,8934.0,4,0,Yes
41.0,59,967.0,53737.0,3,0,No
61.0,4,553.0,2123.0,5,0,Yes
63.0,57,1249.0,73415.0,1,2,No
69.0,37,323.0,10480.0,2,1,No
45.0,44,1022.0,43011.0,2,0,No
41.0,15,361.0,5493.0,2,1,Yes
38.0,36,1260.0,44736.0,1,1,No
35.0,35,1361.0,49873.0,3,1,Yes
31.0,19,305.0,6218.0,2,0,No
34.0,30,1171.0,31729.0,2,0,No
55.0,56,1905.0,114912.0,2,0,No
33.0,7,976.0,7319.0,1,0,No
50.0,27,1922.0,48830.0,2,0,No
30.0,20,1937.0,40806.0,2,1,Yes
60.0,12,707.0,8304.0,0,1,No
39.0,29,1281.0,39107.0,1,2,No
46.0,7,1711.0,12420.0,0,0,Yes
68.0,8,1505.0,13131.0,2,2,Yes
63.0,50,1591.0,72015.0,2,1,No
35.0,19,743.0,14597.0,1,0,No
32.0,20,1860.0,31749.0,1,2,Yes
46.0,39,700.0,29496.0,1,0,No
55.0,46,1395.0,57736.0,0,2,No
68.0,52,1803.0,88445.0,2,0,No
38.0,38,910.0,36681.0,2,1,No
48.0,16,1238.0,19202.0,4,2,Yes
23.0,17,1473.0,25440.0,2,1,Yes
55.0,42,1877.0,74132.0,1,0,No
45.0,51,1061.0,,0,3,No
51.0,55,1324.0,77289.0,0,1,No
30.0,50,540.0,28975.0,0,2,No
40.0,37,410.0,14625.0,0,0,No
21.0,11,335.0,3796.0,3,0,Yes
36.0,25,1109.0,26805.0,3,1,Yes
36.0,8,1227.0,10649.0,1,1,Yes
41.0,26,446.0,11966.0,2,1,No
68.0,36,607.0,20930.0,1,0,No
50.0,40,752.0,29314.0,3,0,No
64.0,14,1814.0,22749.0,3,0,Yes
28.0,42,468.0,21332.0,0,1,No
68.0,20,1131.0,20669.0,2,0,No
49.0,42,1640.0,61671.0,0,1,No
19.0,56,1778.0,95887.0,2,1,No
62.0,18,1477.0,27425.0,3,2,Yes
25.0,11,750.0,8421.0,1,0,No
59.0,58,505.0,26761.0,1,0,No
30.0,28,567.0,14546.0,0,0,No
53.0,14,1608.0,20461.0,0,2,Yes
56.0,18,803.0,14466.0,0,5,Yes
24.0,28,873.0,26626.0,2,1,No
68.0,21,597.0,13444.0,0,0,No
64.0,54,1038.0,54714.0,4,0,No
39.0,22,868.0,18035.0,2,1,No
30.0,28,906.0,24073.0,3,1,No
48.0,16,356.0,5990.0,1,1,No
59.0,42,1085.0,46146.0,0,2,No
22.0,46,489.0,19352.0,0,0,No
25.0,34,1210.0,35747.0,1,0,No
50.0,48,1437.0,66930.0,0,0,No
32.0,17,1227.0,20506.0,0,0,Yes
64.0,32,548.0,19117.0,0,0,No
46.0,44,1347.0,52468.0,1,1,No
52.0,54,1001.0,56861.0,1,0,No
36.0,20,910.0,19545.0,1,2,Yes
51.0,9,552.0,4692.0,0,1,No
31.0,47,1989.0,83242.0,2,2,No
43.0,30,967.0,26445.0,2,2,Yes
19.0,4,1075.0,4367.0,3,1,Yes
41.0,49,459.0,19510.0,4,0,No
57.0,30,1447.0,46509.0,3,1,No
37.0,37,780.0,29990.0,0,0,No
21.0,22,1557.0,35919.0,1,0,No
60.0,59,413.0,25222.0,0,1,No
33.0,26,804.0,18441.0,2,0,No
51.0,36,1567.0,58258.0,1,0,No
55.0,32,972.0,31098.0,3,1,No
33.0,57,357.0,17556.0,2,1,No
33.0,37,1641.0,55930.0,6,2,Yes
44.0,6,1941.0,11131.0,1,0,Yes
42.0,51,939.0,47205.0,5,0,No
24.0,3,1356.0,3641.0,2,0,Yes
22.0,32,933.0,29313.0,1,1,No
20.0,22,1242.0,29767.0,2,1,Yes
34.0,29,1555.0,42329.0,1,0,No
25.0,50,1375.0,61041.0,0,2,No
57.0,7,834.0,5646.0,1,1,Yes
63.0,3,631.0,1822.0,4,1,Yes
59.0,54,1224.0,71337.0,2,0,No
31.0,15,1420.0,20567.0,4,1,Yes
35.0,27,1276.0,31380.0,1,1,No
68.0,59,517.0,27639.0,3,0,No
24.0,43,903.0,33340.0,1,1,No
35.0,38,1565.0,61572.0,1,0,No
41.0,1,548.0,502.0,2,0,No
39.0,24,1801.0,45255.0,0,0,No
66.0,31,1092.0,33432.0,0,0,No
60.0,5,1644.0,8449.0,3,0,No
69.0,39,878.0,30845.0,0,1,No
29.0,45,910.0,36394.0,1,0,No
21.0,22,1943.0,40803.0,0,1,No
65.0,55,1263.0,65241.0,0,4,Yes
25.0,56,472.0,25812.0,2,1,No
51.0,44,1927.0,87931.0,4,1,Yes
64.0,19,936.0,19157.0,4,1,Yes
21.0,7,1506.0,10527.0,0,1,No
50.0,42,518.0,19721.0,2,2,No
67.0,32,1753.0,51824.0,2,0,No
67.0,43,1929.0,89285.0,2,3,No
32.0,24,950.0,20575.0,2,1,Yes
31.0,10,545.0,4762.0,1,0,No
30.0,54,1247.0,72745.0,0,1,No
49.0,57,574.0,28028.0,1,0,No
64.0,45,1051.0,49056.0,0,1,No
65.0,2,1358.0,2407.0,5,0,Yes
34.0,48,536.0,26155.0,2,2,No
44.0,59,1911.0,101092.0,1,1,No
55.0,25,1499.0,40259.0,1,0,No
53.0,30,913.0,23623.0,0,2,No
19.0,2,1006.0,1863.0,4,0,Yes
64.0,36,1741.0,65544.0,1,1,No
65.0,45,1108.0,49453.0,0,0,No
51.0,12,1977.0,22668.0,2,2,Yes
39.0,38,405.0,14757.0,2,0,No
59.0,16,760.0,11863.0,1,1,No
27.0,9,1180.0,11668.0,1,0,No
29.0,2,530.0,1080.0,2,1,Yes
69.0,45,905.0,39575.0,1,1,No
36.0,13,1183.0,14310.0,1,0,No
56.0,9,743.0,6526.0,1,0,No
38.0,57,579.0,35665.0,3,2,No
59.0,44,755.0,30056.0,0,1,No
59.0,16,439.0,6577.0,0,2,No
44.0,43,632.0,23541.0,0,0,No
37.0,30,403.0,12178.0,2,0,No
53.0,1,1918.0,1998.0,0,0,Yes
28.0,16,,9241.0,0,1,No
33.0,46,301.0,14579.0,2,1,No
20.0,43,1927.0,86398.0,2,0,No
44.0,25,1589.0,43424.0,3,0,No
51.0,59,753.0,42788.0,0,0,No
37.0,30,1793.0,46852.0,1,1,No
56.0,1,1781.0,1752.0,0,0,No
,57,1559.0,92662.0,7,0,Yes
28.0,2,1306.0,,3,1,Yes
18.0,55,1293.0,68435.0,1,0,No
62.0,5,1946.0,10064.0,2,0,Yes
60.0,23,1090.0,21415.0,2,0,No
41.0,4,1674.0,6792.0,2,2,Yes
29.0,42,490.0,21132.0,1,0,No
48.0,19,1490.0,30933.0,0,1,No
42.0,31,1981.0,63406.0,1,2,Yes
36.0,12,316.0,3347.0,1,0,No
52.0,49,737.0,35195.0,1,1,No
29.0,28,1633.0,43506.0,2,2,Yes
19.0,19,1546.0,27912.0,0,0,No
26.0,2,1547.0,3237.0,3,1,Yes
35.0,28,1969.0,54872.0,1,0,No
61.0,43,462.0,20516.0,1,1,No
31.0,7,1447.0,10498.0,2,1,Yes
67.0,31,1389.0,44010.0,0,1,No
24.0,55,649.0,37103.0,3,2,No
69.0,52,661.0,31094.0,0,2,No
60.0,54,1404.0,66315.0,1,0,No
21.0,53,1412.0,66628.0,1,2,No
46.0,17,1319.0,23593.0,2,1,No
,10,1084.0,11805.0,3,0,No
41.0,35,1467.0,55669.0,2,1,Yes
69.0,43,846.0,31038.0,0,1,No
24.0,23,700.0,17690.0,1,0,Yes
,14,1311.0,19669.0,1,1,No
44.0,10,1348.0,12128.0,0,5,Yes
49.0,31,1680.0,51525.0,1,1,No
31.0,3,1006.0,3308.0,0,2,Yes
43.0,41,1598.0,63405.0,4,1,Yes
24.0,49,1859.0,99140.0,2,1,Yes
24.0,49,1023.0,49423.0,2,0,No
45.0,18,1221.0,20573.0,2,1,No
56.0,6,1846.0,9859.0,1,3,Yes
53.0,31,809.0,21970.0,0,1,No
67.0,44,1528.0,69025.0,1,1,No
20.0,54,1280.0,64413.0,1,1,No
40.0,8,1003.0,7638.0,1,1,Yes
20.0,2,1768.0,3834.0,0,1,Yes
36.0,9,565.0,4576.0,5,1,Yes
56.0,33,359.0,11175.0,0,0,No
48.0,10,651.0,7014.0,0,0,No
28.0,57,1789.0,110656.0,1,1,No
21.0,21,883.0,19483.0,1,1,No
25.0,48,1462.0,66372.0,3,0,No
39.0,20,691.0,12180.0,0,0,No
68.0,13,1134.0,15440.0,1,0,No
38.0,6,1188.0,7554.0,1,1,Yes
27.0,12,716.0,8839.0,1,0,Yes
31.0,45,958.0,40280.0,0,1,No
53.0,45,744.0,33919.0,0,1,No
32.0,40,470.0,19281.0,1,1,No
60.0,5,1033.0,5536.0,2,2,Yes
19.0,19,1257.0,21131.0,2,0,Yes
35.0,36,452.0,14904.0,0,0,No
31.0,56,907.0,48299.0,2,0,No
42.0,14,1086.0,16008.0,2,0,Yes
38.0,12,1884.0,24268.0,1,0,No
46.0,50,1337.0,61475.0,2,0,No
35.0,28,1901.0,51952.0,2,0,Yes
28.0,23,1190.0,27423.0,0,0,Yes
51.0,23,1665.0,34135.0,1,0,No
33.0,25,463.0,12132.0,1,0,No
63.0,29,1259.0,35333.0,1,1,No
68.0,47,899.0,45366.0,1,0,No
30.0,41,1537.0,62203.0,1,1,No
32.0,6,1791.0,11372.0,3,0,Yes
67.0,8,1510.0,10416.0,1,1,No
60.0,36,449.0,15513.0,2,1,No
41.0,50,1355.0,64687.0,0,2,No
45.0,57,1564.0,80098.0,5,0,No
30.0,53,350.0,18372.0,3,0,No
51.0,39,588.0,23795.0,1,0,No
66.0,15,1455.0,21243.0,4,2,Yes
41.0,5,834.0,4412.0,1,1,No
40.0,44,405.0,16452.0,0,1,No
,54,1811.0,90419.0,0,1,No
60.0,24,1918.0,41047.0,1,2,Yes
46.0,8,934.0,7816.0,2,2,Yes
40.0,44,1987.0,77549.0,0,1,No
43.0,22,1755.0,34264.0,3,0,No
18.0,38,1244.0,40264.0,0,0,No
59.0,11,1569.0,16345.0,0,0,No
36.0,22,1891.0,39906.0,1,0,Yes
63.0,43,1535.0,,0,1,No
37.0,51,873.0,46373.0,2,0,No
31.0,16,627.0,9567.0,2,1,No
64.0,48,1033.0,42199.0,1,2,No
25.0,16,616.0,9879.0,1,0,No
58.0,44,336.0,13199.0,3,2,No
60.0,25,1074.0,22991.0,2,1,No
29.0,42,859.0,37678.0,4,2,Yes
29.0,17,461.0,7143.0,3,2,Yes
35.0,5,1780.0,9246.0,1,1,Yes
63.0,47,508.0,24125.0,2,0,No
35.0,1,1371.0,1468.0,1,2,Yes
23.0,32,1267.0,38093.0,2,1,Yes
,4,1963.0,7950.0,3,1,Yes
22.0,33,731.0,23931.0,1,2,No
45.0,7,699.0,5117.0,0,0,No
27.0,10,1365.0,12726.0,1,1,Yes
32.0,59,1248.0,73623.0,1,1,No
18.0,54,1679.0,89326.0,1,3,No
19.0,27,593.0,13784.0,3,1,No
56.0,21,810.0,14603.0,1,0,No
66.0,42,308.0,13916.0,3,2,No
38.0,23,1526.0,35456.0,1,0,No
18.0,9,852.0,7693.0,2,1,Yes
67.0,15,700.0,10876.0,1,0,No
39.0,37,1327.0,41926.0,1,2,No
36.0,57,727.0,37627.0,0,1,No
59.0,39,395.0,15598.0,1,0,No
54.0,36,701.0,25983.0,0,1,No
56.0,47,1744.0,82575.0,1,0,No
53.0,4,1311.0,4996.0,1,0,No
18.0,37,1100.0,40587.0,2,1,No
34.0,12,1134.0,13948.0,0,0,No
53.0,25,1994.0,47437.0,3,2,Yes
64.0,29,353.0,10145.0,3,1,No
50.0,44,573.0,21928.0,2,1,No
38.0,12,1770.0,18954.0,1,0,Yes
64.0,57,1208.0,71827.0,2,0,No
46.0,36,1991.0,67734.0,0,1,No
24.0,21,1462.0,32069.0,3,0,No
38.0,19,1529.0,29591.0,1,0,No
61.0,7,1285.0,8461.0,2,0,Yes
40.0,21,328.0,7182.0,0,0,No
46.0,7,1843.0,11373.0,3,0,Yes
20.0,47,1188.0,49702.0,1,3,No
52.0,47,314.0,14054.0,1,0,No
34.0,31,656.0,20620.0,2,0,No
22.0,57,895.0,47160.0,3,1,No
67.0,7,786.0,5121.0,0,2,Yes
39.0,52,346.0,19169.0,2,0,No
61.0,22,775.0,18328.0,2,1,No
54.0,45,1823.0,88445.0,1,1,No
63.0,53,1300.0,58944.0,4,0,No
40.0,8,855.0,7179.0,2,1,No
55.0,50,449.0,23358.0,0,1,No
66.0,59,1576.0,85037.0,1,0,No
51.0,45,1520.0,62015.0,2,0,No
52.0,9,303.0,2342.0,2,1,No
64.0,50,1988.0,104918.0,0,0,No
36.0,17,751.0,12791.0,2,0,No
45.0,6,745.0,3817.0,0,1,Yes
55.0,38,811.0,27931.0,0,2,No
65.0,8,1934.0,16365.0,2,1,No
59.0,34,1729.0,58817.0,2,1,No
39.0,2,1382.0,2941.0,0,1,Yes
58.0,44,1139.0,44437.0,2,0,No
49.0,8,855.0,7443.0,2,0,No
41.0,40,869.0,31349.0,1,0,No
42.0,49,853.0,38699.0,1,0,No
57.0,6,1765.0,11453.0,2,1,Yes
18.0,3,1457.0,4057.0,1,0,Yes
67.0,52,991.0,51470.0,0,0,No
28.0,28,1988.0,52103.0,2,2,No
54.0,30,601.0,18660.0,2,0,No
66.0,15,429.0,5971.0,2,2,No
28.0,29,925.0,25761.0,0,1,No
49.0,50,1968.0,85701.0,1,0,No
45.0,50,340.0,18364.0,1,1,No
20.0,48,437.0,22581.0,1,1,No
51.0,18,879.0,16630.0,1,1,No
68.0,46,1978.0,97200.0,1,0,No
64.0,27,883.0,23857.0,0,0,No
66.0,23,1452.0,29100.0,2,0,No
43.0,20,1768.0,30680.0,1,1,Yes
55.0,55,1439.0,82827.0,3,0,No
30.0,11,452.0,4869.0,2,1,Yes
32.0,53,552.0,26894.0,0,2,No
66.0,54,739.0,34294.0,0,0,No
33.0,39,1652.0,70614.0,1,4,Yes
55.0,2,1662.0,2906.0,2,0,Yes
62.0,37,588.0,20474.0,1,1,No
50.0,7,943.0,6733.0,1,0,No
21.0,20,537.0,10802.0,0,2,No
67.0,5,1103.0,4862.0,3,0,Yes
30.0,44,918.0,40599.0,0,0,No
69.0,29,1986.0,53799.0,1,0,No
26.0,56,960.0,47989.0,5,2,No
35.0,41,384.0,15811.0,3,1,No
55.0,19,1184.0,24186.0,2,1,No
20.0,46,1841.0,87894.0,1,1,No
37.0,17,927.0,14035.0,1,1,Yes
64.0,16,1690.0,24161.0,0,3,Yes
65.0,16,1007.0,15586.0,1,0,No
46.0,42,1265.0,45441.0,1,0,No
59.0,59,1153.0,58176.0,2,1,No
59.0,51,1785.0,83113.0,1,1,No
69.0,32,1265.0,35488.0,2,1,No
40.0,1,943.0,930.0,2,0,Yes
33.0,58,1603.0,80038.0,1,2,No
63.0,23,385.0,8066.0,0,1,No
42.0,37,762.0,24375.0,2,0,No
49.0,25,786.0,19308.0,2,1,No
52.0,18,1266.0,21379.0,1,2,No
59.0,18,1717.0,26912.0,0,0,No
68.0,35,1240.0,40735.0,1,0,No
37.0,26,1078.0,23828.0,1,3,Yes
35.0,10,410.0,4331.0,1,2,No
63.0,23,1948.0,42158.0,2,0,Yes
34.0,27,801.0,21983.0,3,0,Yes
51.0,37,519.0,19725.0,2,0,No
50.0,27,1715.0,45783.0,1,0,No
40.0,12,1813.0,21695.0,0,0,No
52.0,35,807.0,27035.0,0,1,No
55.0,50,1232.0,58635.0,2,0,No
27.0,23,1631.0,34755.0,0,1,No
27.0,38,336.0,11080.0,0,0,No
41.0,27,1977.0,50036.0,1,1,No
62.0,18,850.0,14774.0,3,0,Yes
37.0,52,1115.0,51221.0,2,0,No
42.0,57,385.0,23635.0,2,0,No
39.0,11,379.0,3552.0,1,0,No
59.0,37,489.0,16391.0,0,2,No
25.0,55,845.0,47402.0,1,0,No
49.0,32,1866.0,63048.0,3,0,No
51.0,32,1175.0,36413.0,1,2,No
28.0,57,853.0,48483.0,1,1,No
27.0,38,1066.0,37196.0,1,1,No
54.0,51,750.0,41638.0,2,1,No
19.0,7,1360.0,9625.0,2,2,Yes
29.0,35,1161.0,35875.0,2,0,No
43.0,9,943.0,8776.0,1,1,Yes
18.0,13,1465.0,16797.0,1,2,No
20.0,44,965.0,40373.0,1,1,No
50.0,52,1670.0,84478.0,1,0,No
52.0,54,1316.0,73239.0,1,0,No
67.0,46,643.0,32509.0,0,0,No
48.0,31,576.0,16836.0,0,0,No
23.0,26,734.0,19445.0,1,2,No
47.0,10,1860.0,18937.0,1,3,Yes
19.0,47,1699.0,71552.0,1,0,No
22.0,48,1952.0,94700.0,3,1,No
29.0,8,1564.0,13386.0,3,0,Yes
24.0,55,1854.0,100842.0,2,2,No
68.0,20,903.0,17517.0,3,3,Yes
52.0,40,1353.0,54763.0,0,0,No
48.0,8,965.0,8119.0,1,2,Yes
19.0,11,1769.0,17636.0,4,1,Yes
25.0,36,1994.0,63943.0,0,2,No
24.0,25,1566.0,39651.0,3,0,Yes
50.0,2,1628.0,2796.0,1,0,Yes
57.0,56,1797.0,106299.0,1,0,No
49.0,53,461.0,22613.0,0,0,No
26.0,12,1118.0,11776.0,1,1,Yes
31.0,39,1544.0,62695.0,2,1,No
43.0,11,1328.0,13231.0,0,0,No
40.0,43,1218.0,49774.0,1,0,No
23.0,42,955.0,38244.0,2,0,No
40.0,45,674.0,32000.0,5,0,No
30.0,33,1867.0,56442.0,2,1,Yes
28.0,2,1547.0,3120.0,1,1,Yes
63.0,13,1342.0,19185.0,0,0,No
24.0,59,444.0,26192.0,3,1,No
57.0,37,489.0,16017.0,1,0,No
20.0,21,1034.0,19995.0,0,0,No
27.0,56,513.0,28262.0,0,1,No
,26,552.0,13356.0,3,0,Yes
29.0,51,437.0,21822.0,1,3,No
21.0,48,799.0,37808.0,0,1,No
,1,318.0,329.0,5,0,Yes
30.0,55,1544.0,85407.0,3,2,No
50.0,52,1318.0,70214.0,1,1,No
46.0,59,1162.0,62016.0,1,1,No
48.0,37,1977.0,69916.0,2,1,No
20.0,42,1118.0,49599.0,2,0,No
32.0,16,1777.0,29514.0,1,0,Yes
20.0,9,621.0,5005.0,2,1,Yes
67.0,6,749.0,3892.0,1,0,No
22.0,11,857.0,9552.0,1,0,No
61.0,58,1983.0,110531.0,1,0,No
63.0,17,1842.0,29830.0,3,2,No
51.0,2,1062.0,1819.0,2,0,Yes
60.0,41,1735.0,67252.0,0,1,No
65.0,11,695.0,6840.0,1,0,No
64.0,31,1306.0,34761.0,3,1,Yes
33.0,40,574.0,21806.0,2,0,No
57.0,34,1277.0,45858.0,2,0,No
33.0,45,677.0,32684.0,0,1,No
24.0,2,1295.0,2356.0,0,1,Yes
34.0,16,1028.0,15111.0,2,0,No
67.0,24,1249.0,26218.0,0,1,No
26.0,44,573.0,27162.0,2,1,No
48.0,32,1160.0,32157.0,1,1,No
25.0,46,837.0,41748.0,0,2,No
,44,544.0,24184.0,3,1,No
65.0,48,1150.0,57774.0,1,1,No
67.0,36,534.0,17398.0,2,0,No
62.0,45,1025.0,46212.0,1,0,No
61.0,41,848.0,30498.0,3,0,No
46.0,2,1222.0,2480.0,0,0,No
19.0,17,1121.0,19059.0,3,1,Yes
52.0,53,528.0,29550.0,1,0,No
41.0,6,773.0,4690.0,1,0,No
30.0,34,1245.0,46262.0,2,1,No
54.0,46,1717.0,76817.0,2,1,No
19.0,26,400.0,10275.0,2,2,No
25.0,11,453.0,4330.0,1,0,No
40.0,2,1654.0,2901.0,1,0,No
27.0,39,877.0,30556.0,0,0,No
52.0,35,736.0,22658.0,0,0,No
59.0,41,689.0,24981.0,3,2,No
53.0,10,1949.0,17836.0,2,1,Yes
24.0,28,1167.0,30049.0,3,0,No
49.0,33,573.0,19361.0,0,0,No
66.0,50,989.0,48046.0,3,0,No
66.0,12,742.0,9632.0,1,0,No
26.0,42,586.0,23030.0,0,0,No
28.0,41,1963.0,69686.0,3,0,No
27.0,36,1056.0,40337.0,0,3,No
31.0,6,1474.0,9381.0,2,1,Yes
65.0,7,1827.0,12032.0,3,0,Yes
22.0,36,649.0,20271.0,2,0,No
47.0,37,517.0,20472.0,2,0,No
66.0,38,741.0,30506.0,3,0,No
60.0,46,1510.0,76357.0,1,2,No
41.0,24,948.0,21563.0,2,1,No
45.0,18,1130.0,17935.0,1,0,No
38.0,55,333.0,17298.0,2,0,No
52.0,41,306.0,12501.0,0,0,No
69.0,32,991.0,27298.0,2,0,No
48.0,33,555.0,16823.0,1,0,No
40.0,45,1644.0,80304.0,1,0,No
64.0,19,1916.0,31346.0,1,3,Yes
35.0,27,1873.0,44894.0,1,0,Yes
21.0,3,1090.0,3254.0,1,1,Yes
28.0,47,787.0,40297.0,0,0,No
51.0,30,1121.0,36491.0,4,2,Yes
40.0,53,476.0,23068.0,4,1,No
64.0,18,1904.0,34390.0,0,1,No
53.0,25,1440.0,39285.0,0,1,No
47.0,4,786.0,3167.0,3,1,No
65.0,58,1590.0,83495.0,1,0,No
56.0,21,716.0,15388.0,1,1,No
27.0,10,1576.0,15410.0,0,4,Yes
54.0,37,982.0,35369.0,2,1,No
54.0,50,1768.0,85933.0,2,1,No
66.0,7,1982.0,12183.0,0,1,No
18.0,32,843.0,28254.0,0,1,No
26.0,28,1236.0,32419.0,1,0,No
59.0,9,703.0,5670.0,1,0,No
68.0,17,1660.0,27097.0,0,0,Yes
32.0,37,1135.0,42447.0,0,1,No
67.0,59,1971.0,114935.0,2,0,No
20.0,8,1807.0,15248.0,2,1,Yes
54.0,38,763.0,30758.0,0,0,No
38.0,53,502.0,26743.0,1,0,No
51.0,45,1353.0,60150.0,0,0,No
64.0,49,840.0,40818.0,4,0,No
47.0,55,730.0,38073.0,5,3,Yes
30.0,39,1226.0,46251.0,2,1,No
67.0,3,1214.0,3575.0,1,2,Yes
32.0,14,1213.0,17835.0,0,1,No
44.0,25,799.0,20703.0,0,1,No
26.0,57,563.0,28846.0,1,0,No
63.0,13,611.0,8693.0,0,1,No
69.0,51,1523.0,84767.0,3,1,No
37.0,38,1095.0,38273.0,3,0,No
40.0,43,1097.0,51875.0,1,2,Yes
42.0,7,1959.0,13456.0,2,2,Yes
67.0,22,1860.0,37102.0,0,0,No
49.0,28,409.0,,0,2,No
22.0,29,1655.0,41371.0,1,1,No
57.0,52,720.0,38260.0,1,2,No
41.0,20,1527.0,32334.0,0,2,No
21.0,52,594.0,28962.0,1,0,No
42.0,51,546.0,25999.0,1,0,No
21.0,38,1896.0,66148.0,2,0,No
31.0,19,1248.0,22571.0,2,0,No
56.0,6,893.0,5322.0,1,1,Yes
43.0,15,1814.0,28312.0,0,1,Yes
40.0,36,792.0,30555.0,2,3,Yes
36.0,13,408.0,5236.0,0,0,No
63.0,54,970.0,50743.0,0,4,No
30.0,24,1501.0,33995.0,1,1,Yes
67.0,17,1424.0,24180.0,0,0,No
36.0,37,1104.0,36200.0,1,0,No
38.0,10,1166.0,,3,2,Yes
51.0,50,1199.0,58583.0,0,1,No
57.0,33,936.0,31114.0,1,0,No
42.0,55,440.0,20985.0,2,1,No
,51,567.0,27686.0,0,0,No
39.0,5,1530.0,7959.0,1,1,Yes
58.0,53,1676.0,92915.0,3,0,No
62.0,3,971.0,2872.0,0,2,Yes
